日期Date,收盘Close
2015-01-01,3574.86
2015-01-05,3574.86
2015-01-06,3587.77
2015-01-07,3573.56
2015-01-08,3478.3
2015-01-09,3459.95
2015-01-12,3380.6
2015-01-13,3397.52
2015-01-14,3389.41
2015-01-15,3492.23
2015-01-16,3516.14
2015-01-19,3214.18
2015-01-20,3277.82
2015-01-21,3411.66
2015-01-22,3416.08
2015-01-23,3410.23
2015-01-26,3444.26
2015-01-27,3427.64
2015-01-28,3396.84
2015-01-29,3373.01
2015-01-30,3329.8
2015-02-02,3241.49
2015-02-03,3298.97
2015-02-04,3272.57
2015-02-05,3214.93
2015-02-06,3135.52
2015-02-09,3136.59
2015-02-10,3198.59
2015-02-11,3209.59
2015-02-12,3212.76
2015-02-13,3249.26
2015-02-16,3264.97
2015-02-17,3295.24
2015-02-25,3290.22
2015-02-26,3370.88
2015-02-27,3374.99
2015-03-02,3415.2
2015-03-03,3364.22
2015-03-04,3375.28
2015-03-05,3332.29
2015-03-06,3334.21
2015-03-09,3424.95
2015-03-10,3410.61
2015-03-11,3420.59
2015-03-12,3491.94
2015-03-13,3518.69
2015-03-16,3586.01
2015-03-17,3649.92
2015-03-18,3759.04
2015-03-19,3773.75
2015-03-20,3808.96
2015-03-23,3893.66
2015-03-24,3929.53
2015-03-25,3892.45
2015-03-26,3885.21
2015-03-27,3907.02
2015-03-30,4009.98
2015-03-31,3962.0
2015-04-01,4035.98
2015-04-02,4091.17
2015-04-03,4163.55
2015-04-07,4308.86
2015-04-08,4372.68
2015-04-09,4337.62
2015-04-10,4448.77
2015-04-13,4504.51
2015-04-14,4530.14
2015-04-15,4464.78
2015-04-16,4593.57
2015-04-17,4655.16
2015-04-20,4544.9
2015-04-21,4623.61
2015-04-22,4755.99
2015-04-23,4782.09
2015-04-24,4696.2
2015-04-27,4788.68
2015-04-28,4703.97
2015-04-29,4717.31
2015-04-30,4697.46
2015-05-04,4784.65
2015-05-05,4561.36
2015-05-06,4461.24
2015-05-07,4307.46
2015-05-08,4411.28
2015-05-11,4559.67
2015-05-12,4617.39
2015-05-13,4594.55
2015-05-14,4598.34
2015-05-15,4526.7
2015-05-18,4485.38
2015-05-19,4623.45
2015-05-20,4666.47
2015-05-21,4778.92
2015-05-22,4898.09
2015-05-25,5064.04
2015-05-26,5145.26
2015-05-27,5147.47
2015-05-28,4788.76
2015-05-29,4783.01
2015-06-01,5081.21
2015-06-02,5197.29
2015-06-03,5186.33
2015-06-04,5264.39
2015-06-05,5374.65
2015-06-08,5496.62
2015-06-09,5507.22
2015-06-10,5490.17
2015-06-11,5491.8
2015-06-12,5622.67
2015-06-15,5603.93
2015-06-16,5384.2
2015-06-17,5515.78
2015-06-18,5394.05
2015-06-19,5029.41
2015-06-23,5081.58
2015-06-24,5235.34
2015-06-25,5047.7
2015-06-26,4663.26
2015-06-29,4542.73
2015-06-30,4800.98
2015-07-01,4506.62
2015-07-02,4308.93
2015-07-03,4015.45
2015-07-06,4139.01
2015-07-07,4076.78
2015-07-08,3828.1
2015-07-09,4091.6
2015-07-10,4329.76
2015-07-13,4467.46
2015-07-14,4382.06
2015-07-15,4208.91
2015-07-16,4234.23
2015-07-17,4378.17
2015-07-20,4389.14
2015-07-21,4429.69
2015-07-22,4420.6
2015-07-23,4505.96
2015-07-24,4429.59
2015-07-27,4056.88
2015-07-28,4043.91
2015-07-29,4199.18
2015-07-30,4119.03
2015-07-31,4118.74
2015-08-03,4184.13
2015-08-04,4305.28
2015-08-05,4210.96
2015-08-06,4175.72
2015-08-07,4247.25
2015-08-10,4431.75
2015-08-11,4419.91
2015-08-12,4330.41
2015-08-13,4404.53
2015-08-14,4391.53
2015-08-17,4454.54
2015-08-18,4151.6
2015-08-19,4236.16
2015-08-20,4086.86
2015-08-21,3877.96
2015-08-24,3520.52
2015-08-25,3233.0
2015-08-26,3231.0
2015-08-27,3434.74
2015-08-28,3601.62
2015-08-31,3589.89
2015-09-01,3573.58
2015-09-02,3612.64
2015-09-07,3494.12
2015-09-08,3595.65
2015-09-09,3662.22
2015-09-10,3595.08
2015-09-11,3583.3
2015-09-14,3482.57
2015-09-15,3346.71
2015-09-16,3516.32
2015-09-17,3429.26
2015-09-18,3441.51
2015-09-21,3491.28
2015-09-22,3515.95
2015-09-23,3424.4
2015-09-24,3456.39
2015-09-25,3406.63
2015-09-28,3422.45
2015-09-29,3350.05
2015-09-30,3379.41
2015-10-08,3470.47
2015-10-09,3510.65
2015-10-12,3629.57
2015-10-13,3631.55
2015-10-14,3582.3
2015-10-15,3671.21
2015-10-16,3726.48
2015-10-19,3742.26
2015-10-20,3763.75
2015-10-21,3657.39
2015-10-22,3704.47
2015-10-23,3758.07
2015-10-26,3775.17
2015-10-27,3776.34
2015-10-28,3740.38
2015-10-29,3750.76
2015-10-30,3733.69
2015-11-02,3673.11
2015-11-03,3651.2
2015-11-04,3793.57
2015-11-05,3874.88
2015-11-06,3934.49
2015-11-09,4004.29
2015-11-10,4013.55
2015-11-11,4006.46
2015-11-12,3950.53
2015-11-13,3897.99
2015-11-16,3934.18
2015-11-17,3934.6
2015-11-18,3912.01
2015-11-19,3952.12
2015-11-20,3953.44
2015-11-23,3949.32
2015-11-24,3946.48
2015-11-25,3981.06
2015-11-26,3962.99
2015-11-27,3764.32
2015-11-30,3777.46
2015-12-01,3783.6
2015-12-02,3900.98
2015-12-03,3935.29
2015-12-04,3850.94
2015-12-07,3862.28
2015-12-08,3782.13
2015-12-09,3795.57
2015-12-10,3773.23
2015-12-11,3741.31
2015-12-14,3827.99
2015-12-15,3811.12
2015-12-16,3806.79
2015-12-17,3878.48
2015-12-18,3875.21
2015-12-21,3972.69
2015-12-22,3982.71
2015-12-23,3974.27
2015-12-24,3934.98
2015-12-25,3951.7
2015-12-28,3851.34
2015-12-29,3882.12
2015-12-30,3889.44
2015-12-31,3864.83
2016-01-04,3616.0
2016-01-05,3635.45
2016-01-06,3730.17
2016-01-07,3480.42
2016-01-08,3571.44
2016-01-11,3390.44
2016-01-12,3388.65
2016-01-13,3334.96
2016-01-14,3399.07
2016-01-15,3278.26
2016-01-18,3274.58
2016-01-19,3370.44
2016-01-20,3320.02
2016-01-21,3226.3
2016-01-22,3264.44
2016-01-25,3286.79
2016-01-26,3082.64
2016-01-27,3077.37
2016-01-28,3005.77
2016-01-29,3086.76
2016-02-01,3043.28
2016-02-02,3100.5
2016-02-03,3080.45
2016-02-04,3116.1
2016-02-05,3110.59
2016-02-15,3089.98
2016-02-16,3176.6
2016-02-17,3209.34
2016-02-18,3207.99
2016-02-19,3196.63
2016-02-22,3268.54
2016-02-23,3243.23
2016-02-24,3259.81
2016-02-25,3059.01
2016-02-26,3095.3
2016-02-29,3043.05
2016-03-01,3093.42
2016-03-02,3230.08
2016-03-03,3239.55
2016-03-04,3273.52
2016-03-07,3296.74
2016-03-08,3295.16
2016-03-09,3258.35
2016-03-10,3193.78
2016-03-11,3196.16
2016-03-14,3239.24
2016-03-15,3257.29
2016-03-16,3283.67
2016-03-17,3303.83
2016-03-18,3336.71
2016-03-21,3377.77
2016-03-22,3364.55
2016-03-23,3356.28
2016-03-24,3301.5
2016-03-25,3321.3
2016-03-28,3302.87
2016-03-29,3266.6
2016-03-30,3346.57
2016-03-31,3347.69
2016-04-01,3360.71
2016-04-05,3410.12
2016-04-06,3409.36
2016-04-07,3362.14
2016-04-08,3343.28
2016-04-11,3396.17
2016-04-12,3384.74
2016-04-13,3433.98
2016-04-14,3443.92
2016-04-15,3436.49
2016-04-18,3404.03
2016-04-19,3413.74
2016-04-20,3364.46
2016-04-21,3353.97
2016-04-22,3355.17
2016-04-25,3360.11
2016-04-26,3372.59
2016-04-27,3351.49
2016-04-28,3351.77
2016-04-29,3340.87
2016-05-03,3384.52
2016-05-04,3372.08
2016-05-05,3368.9
2016-05-06,3282.29
2016-05-09,3194.37
2016-05-10,3191.45
2016-05-11,3210.51
2016-05-12,3219.34
2016-05-13,3221.51
2016-05-16,3237.29
2016-05-17,3228.17
2016-05-18,3198.63
2016-05-19,3197.78
2016-05-20,3206.87
2016-05-23,3217.14
2016-05-24,3200.32
2016-05-25,3201.92
2016-05-26,3208.48
2016-05-27,3219.44
2016-05-30,3226.3
2016-05-31,3312.98
2016-06-01,3303.8
2016-06-02,3309.99
2016-06-03,3321.2
2016-06-06,3317.18
2016-06-07,3312.44
2016-06-08,3301.26
2016-06-13,3219.3
2016-06-14,3228.61
2016-06-15,3264.66
2016-06-16,3244.8
2016-06-17,3265.68
2016-06-20,3267.85
2016-06-21,3267.13
2016-06-22,3291.61
2016-06-23,3278.11
2016-06-24,3235.77
2016-06-27,3269.26
2016-06-28,3277.62
2016-06-29,3293.79
2016-06-30,3297.47
2016-07-01,3307.28
2016-07-04,3368.35
2016-07-05,3380.29
2016-07-06,3379.55
2016-07-07,3379.9
2016-07-08,3363.19
2016-07-11,3375.16
2016-07-12,3460.81
2016-07-13,3479.78
2016-07-14,3464.03
2016-07-15,3474.71
2016-07-18,3486.84
2016-07-19,3475.64
2016-07-20,3464.8
2016-07-21,3489.44
2016-07-22,3462.53
2016-07-25,3477.02
2016-07-26,3517.53
2016-07-27,3486.52
2016-07-28,3520.53
2016-07-29,3513.17
2016-08-01,3493.19
2016-08-02,3504.73
2016-08-03,3505.66
2016-08-04,3505.01
2016-08-05,3506.57
2016-08-08,3542.76
2016-08-09,3569.32
2016-08-10,3558.42
2016-08-11,3549.51
2016-08-12,3630.52
2016-08-15,3712.41
2016-08-16,3674.83
2016-08-17,3683.98
2016-08-18,3672.09
2016-08-19,3682.0
2016-08-22,3662.01
2016-08-23,3657.93
2016-08-24,3651.55
2016-08-25,3632.07
2016-08-26,3627.71
2016-08-29,3626.48
2016-08-30,3634.01
2016-08-31,3648.79
2016-09-01,3623.32
2016-09-02,3633.39
2016-09-05,3643.88
2016-09-06,3657.36
2016-09-07,3663.23
2016-09-08,3672.75
2016-09-09,3643.57
2016-09-12,3589.99
2016-09-13,3584.59
2016-09-14,3550.4
2016-09-19,3584.45
2016-09-20,3591.25
2016-09-21,3592.26
2016-09-22,3616.88
2016-09-23,3601.09
2016-09-26,3550.51
2016-09-27,3566.45
2016-09-28,3560.51
2016-09-29,3570.89
2016-09-30,3569.53
2016-10-10,3625.58
2016-10-11,3636.79
2016-10-12,3623.45
2016-10-13,3637.69
2016-10-14,3638.24
2016-10-17,3613.88
2016-10-18,3664.77
2016-10-19,3664.15
2016-10-20,3665.41
2016-10-21,3687.51
2016-10-24,3732.67
2016-10-25,3735.82
2016-10-26,3704.65
2016-10-27,3702.75
2016-10-28,3688.73
2016-10-31,3684.92
2016-11-01,3704.23
2016-11-02,3671.32
2016-11-03,3700.33
2016-11-04,3693.9
2016-11-07,3713.06
2016-11-08,3726.79
2016-11-09,3702.75
2016-11-10,3752.5
2016-11-11,3773.0
2016-11-14,3782.4
2016-11-15,3772.87
2016-11-16,3772.34
2016-11-17,3784.06
2016-11-18,3770.08
2016-11-21,3803.55
2016-11-22,3840.53
2016-11-23,3843.71
2016-11-24,3859.01
2016-11-25,3898.21
2016-11-28,3920.55
2016-11-29,3946.24
2016-11-30,3891.55
2016-12-01,3930.42
2016-12-02,3898.56
2016-12-05,3855.4
2016-12-06,3841.54
2016-12-07,3862.94
2016-12-08,3864.32
2016-12-09,3898.78
2016-12-12,3843.81
2016-12-13,3818.11
2016-12-14,3796.85
2016-12-15,3727.41
2016-12-16,3728.39
2016-12-19,3720.49
2016-12-20,3697.38
2016-12-21,3735.31
2016-12-22,3740.3
2016-12-23,3708.36
2016-12-26,3716.34
2016-12-27,3706.8
2016-12-28,3696.1
2016-12-29,3691.96
2016-12-30,3708.63
2017-01-03,3740.71
2017-01-04,3768.16
2017-01-05,3772.99
2017-01-06,3765.03
2017-01-09,3782.9
2017-01-10,3768.37
2017-01-11,3742.51
2017-01-12,3727.51
2017-01-13,3749.73
2017-01-16,3788.63
2017-01-17,3783.0
2017-01-18,3801.41
2017-01-19,3792.45
2017-01-20,3816.11
2017-01-23,3814.87
2017-01-24,3835.14
2017-01-25,3844.23
2017-01-26,3847.01
2017-02-03,3816.63
2017-02-06,3826.98
2017-02-07,3829.33
2017-02-08,3838.29
2017-02-09,3852.52
2017-02-10,3877.99
2017-02-13,3889.68
2017-02-14,3880.76
2017-02-15,3895.13
2017-02-16,3909.25
2017-02-17,3878.84
2017-02-20,3936.44
2017-02-21,3940.37
2017-02-22,3959.48
2017-02-23,3945.47
2017-02-24,3938.24
2017-02-27,3913.61
2017-02-28,3926.11
2017-03-01,3926.41
2017-03-02,3907.91
2017-03-03,3906.16
2017-03-06,3910.65
2017-03-07,3911.9
2017-03-08,3905.77
2017-03-09,3876.19
2017-03-10,3874.08
2017-03-13,3914.24
2017-03-14,3916.84
2017-03-15,3928.06
2017-03-16,3939.0
2017-03-17,3893.64
2017-03-20,3915.23
2017-03-21,3938.87
2017-03-22,3908.94
2017-03-23,3914.14
2017-03-24,3951.97
2017-03-27,3952.39
2017-03-28,3937.95
2017-03-29,3934.74
2017-03-30,3925.55
2017-03-31,3960.73
2017-04-05,4004.66
2017-04-06,4007.86
2017-04-07,4011.74
2017-04-10,4012.71
2017-04-11,4015.56
2017-04-12,4003.8
2017-04-13,4006.57
2017-04-14,3976.34
2017-04-17,3962.45
2017-04-18,3936.14
2017-04-19,3913.63
2017-04-20,3926.78
2017-04-21,3949.89
2017-04-24,3921.37
2017-04-25,3924.85
2017-04-26,3930.95
2017-04-27,3930.85
2017-04-28,3912.88
2017-05-02,3886.38
2017-05-03,3869.09
2017-05-04,3861.67
2017-05-05,3854.12
2017-05-08,3856.42
2017-05-09,3852.41
2017-05-10,3827.3
2017-05-11,3853.85
2017-05-12,3891.19
2017-05-15,3915.73
2017-05-16,3935.79
2017-05-17,3916.64
2017-05-18,3899.36
2017-05-19,3900.52
2017-05-22,3906.96
2017-05-23,3934.46
2017-05-24,3934.24
2017-05-25,3992.26
2017-05-26,4005.73
2017-05-31,4020.13
2017-06-01,4037.45
2017-06-02,4034.6
2017-06-05,4000.98
2017-06-06,4014.6
2017-06-07,4049.2
2017-06-08,4088.36
2017-06-09,4100.53
2017-06-12,4106.6
2017-06-13,4118.16
2017-06-14,4070.69
2017-06-15,4047.56
2017-06-16,4026.53
2017-06-19,4049.86
2017-06-20,4039.04
2017-06-21,4082.8
2017-06-22,4098.83
2017-06-23,4128.25
2017-06-26,4156.98
2017-06-27,4166.36
2017-06-28,4147.78
2017-06-29,4174.49
2017-06-30,4183.79
2017-07-03,4178.95
2017-07-04,4158.23
2017-07-05,4185.65
2017-07-06,4200.36
2017-07-07,4212.35
2017-07-10,4210.33
2017-07-11,4231.84
2017-07-12,4219.14
2017-07-13,4246.22
2017-07-14,4285.29
2017-07-17,4275.13
2017-07-18,4266.35
2017-07-19,4311.61
2017-07-20,4342.35
2017-07-21,4342.35
2017-07-24,4353.12
2017-07-25,4342.49
2017-07-26,4322.04
2017-07-27,4322.4
2017-07-28,4323.07
2017-07-31,4323.99
2017-08-01,4353.29
2017-08-02,4342.77
2017-08-03,4305.93
2017-08-04,4293.7
2017-08-07,4304.79
2017-08-08,4290.48
2017-08-09,4279.12
2017-08-10,4270.77
2017-08-11,4207.16
2017-08-14,4216.09
2017-08-15,4247.38
2017-08-16,4230.9
2017-08-17,4253.02
2017-08-18,4260.56
2017-08-21,4273.75
2017-08-22,4283.32
2017-08-23,4288.58
2017-08-24,4286.14
2017-08-25,4357.28
2017-08-28,4372.74
2017-08-29,4373.82
2017-08-30,4359.44
2017-08-31,4333.8
2017-09-01,4336.54
2017-09-04,4347.46
2017-09-05,4355.48
2017-09-06,4347.62
2017-09-07,4335.25
2017-09-08,4335.58
2017-09-11,4338.7
2017-09-12,4357.96
2017-09-13,4350.21
2017-09-14,4331.66
2017-09-15,4314.87
2017-09-18,4325.9
2017-09-19,4329.34
2017-09-20,4338.33
2017-09-21,4352.52
2017-09-22,4365.76
2017-09-25,4365.39
2017-09-26,4358.65
2017-09-27,4361.58
2017-09-28,4354.73
2017-09-29,4358.72
2017-10-09,4399.76
2017-10-10,4393.22
2017-10-11,4406.92
2017-10-12,4413.89
2017-10-13,4407.07
2017-10-16,4404.57
2017-10-17,4395.32
2017-10-18,4443.45
2017-10-19,4451.18
2017-10-20,4447.64
2017-10-23,4438.81
2017-10-24,4473.2
2017-10-25,4477.69
2017-10-26,4466.46
2017-10-27,4488.28
2017-10-30,4482.97
2017-10-31,4460.5
2017-11-01,4428.89
2017-11-02,4423.3
2017-11-03,4413.24
2017-11-06,4424.38
2017-11-07,4454.89
2017-11-08,4466.41
2017-11-09,4490.16
2017-11-10,4506.94
2017-11-13,4548.31
2017-11-14,4531.31
2017-11-15,4495.23
2017-11-16,4493.74
2017-11-17,4556.95
2017-11-20,4582.0
2017-11-21,4617.45
2017-11-22,4647.95
2017-11-23,4543.55
2017-11-24,4526.97
2017-11-27,4499.19
2017-11-28,4485.24
2017-11-29,4482.82
2017-11-30,4457.82
2017-12-01,4448.22
2017-12-04,4452.79
2017-12-05,4497.46
2017-12-06,4458.73
2017-12-07,4418.12
2017-12-08,4410.71
2017-12-11,4446.41
2017-12-12,4392.94
2017-12-13,4423.1
2017-12-14,4405.32
2017-12-15,4367.4
2017-12-18,4378.74
2017-12-19,4414.4
2017-12-20,4407.68
2017-12-21,4425.35
2017-12-22,4424.99
2017-12-25,4425.68
2017-12-26,4453.08
2017-12-27,4427.03
2017-12-28,4445.73
2017-12-29,4469.68
2018-01-02,4537.23
2018-01-03,4551.18
2018-01-04,4558.56
2018-01-05,4594.61
2018-01-08,4639.01
2018-01-09,4628.6
2018-01-10,4651.1
2018-01-11,4640.12
2018-01-12,4653.41
2018-01-15,4642.43
2018-01-16,4683.23
2018-01-17,4688.6
2018-01-18,4730.58
2018-01-19,4748.9
2018-01-22,4780.05
2018-01-23,4862.58
2018-01-24,4874.46
2018-01-25,4853.95
2018-01-26,4895.77
2018-01-29,4863.76
2018-01-30,4811.53
2018-01-31,4803.68
2018-02-01,4795.1
2018-02-02,4839.91
2018-02-05,4916.75
2018-02-06,4802.67
2018-02-07,4701.19
2018-02-08,4614.5
2018-02-09,4438.91
2018-02-12,4442.75
2018-02-13,4501.92
2018-02-14,4506.51
2018-02-22,4604.32
2018-02-23,4622.02
2018-02-26,4662.78
2018-02-27,4596.53
2018-02-28,4552.17
2018-03-01,4553.4
2018-03-02,4545.46
2018-03-05,4549.2
2018-03-06,4587.35
2018-03-07,4576.73
2018-03-08,4595.77
2018-03-09,4605.74
2018-03-12,4610.21
2018-03-13,4592.5
2018-03-14,4578.39
2018-03-15,4576.19
2018-03-16,4540.57
2018-03-19,4519.99
2018-03-20,4528.19
2018-03-21,4521.03
2018-03-22,4491.62
2018-03-23,4384.73
2018-03-26,4334.3
2018-03-27,4348.72
2018-03-28,4294.25
2018-03-29,4358.34
2018-03-30,4357.74
2018-04-02,4323.33
2018-04-03,4276.46
2018-04-04,4271.07
2018-04-09,4271.47
2018-04-10,4349.09
2018-04-11,4378.6
2018-04-12,4334.31
2018-04-13,4312.11
2018-04-16,4229.74
2018-04-17,4190.06
2018-04-18,4203.54
2018-04-19,4234.2
2018-04-20,4179.1
2018-04-23,4181.12
2018-04-24,4262.93
2018-04-25,4236.7
2018-04-26,4184.51
2018-04-27,4186.66
2018-05-02,4209.1
2018-05-03,4232.96
2018-05-04,4223.14
2018-05-07,4273.47
2018-05-08,4308.66
2018-05-09,4305.03
2018-05-10,4334.18
2018-05-11,4321.82
2018-05-14,4337.64
2018-05-15,4355.17
2018-05-16,4329.93
2018-05-17,4323.77
2018-05-18,4366.6
2018-05-21,4383.33
2018-05-22,4366.81
2018-05-23,4321.92
2018-05-24,4292.08
2018-05-25,4297.98
2018-05-28,4293.69
2018-05-29,4295.18
2018-05-30,4217.07
2018-05-31,4294.43
2018-06-01,4273.41
2018-06-04,4304.28
2018-06-05,4318.66
2018-06-06,4313.5
2018-06-07,4295.84
2018-06-08,4240.84
2018-06-11,4241.56
2018-06-12,4280.5
2018-06-13,4263.61
2018-06-14,4262.39
2018-06-15,4266.08
2018-06-18,4266.08
2018-06-19,4156.76
2018-06-20,4147.32
2018-06-21,4115.86
2018-06-22,4116.52
2018-06-25,4076.31
2018-06-26,4025.91
2018-06-27,3990.94
2018-06-28,3939.87
2018-06-29,4016.44
2018-07-02,3893.21
2018-07-03,3911.67
2018-07-04,3899.88
2018-07-05,3882.16
2018-07-06,3901.43
2018-07-09,3992.14
2018-07-10,4005.1
2018-07-11,3944.54
2018-07-12,4013.37
2018-07-13,4011.62
2018-07-16,3989.74
2018-07-17,3972.41
2018-07-18,3989.18
2018-07-19,3982.64
2018-07-20,4077.62
2018-07-23,4135.92
2018-07-24,4169.61
2018-07-25,4164.02
2018-07-26,4144.79
2018-07-27,4126.48
2018-07-30,4142.14
2018-07-31,4157.55
2018-08-01,4079.62
2018-08-02,4006.47
2018-08-03,3977.46
2018-08-06,3948.22
2018-08-07,4039.54
2018-08-08,3991.59
2018-08-09,4059.16
2018-08-10,4032.42
2018-08-13,4008.33
2018-08-14,4006.13
2018-08-15,3924.89
2018-08-16,3911.21
2018-08-17,3876.26
2018-08-20,3921.45
2018-08-21,3964.48
2018-08-22,3935.59
2018-08-23,3949.92
2018-08-24,3973.03
2018-08-27,4053.21
2018-08-28,4049.43
2018-08-29,4026.29
2018-08-30,4007.79
2018-08-31,3995.91
2018-09-03,3988.98
2018-09-04,4027.93
2018-09-05,3958.7
2018-09-06,3935.25
2018-09-07,3947.13
2018-09-10,3924.69
2018-09-11,3912.02
2018-09-12,3912.2
2018-09-13,3955.69
2018-09-14,3967.08
2018-09-17,3935.34
2018-09-18,4001.11
2018-09-19,4045.31
2018-09-20,4036.68
2018-09-21,4148.75
2018-09-25,4115.29
2018-09-26,4142.2
2018-09-27,4146.18
2018-09-28,4193.99
2018-10-08,4047.21
2018-10-09,4028.12
2018-10-10,4045.02
2018-10-11,3861.12
2018-10-12,3907.79
2018-10-15,3838.01
2018-10-16,3817.39
2018-10-17,3851.28
2018-10-18,3766.67
2018-10-19,3870.5
2018-10-22,4003.05
2018-10-23,3903.97
2018-10-24,3911.75
2018-10-25,3920.28
2018-10-26,3928.06
2018-10-29,3842.92
2018-10-30,3873.77
2018-10-31,3910.09
2018-11-01,3912.76
2018-11-02,3996.41
2018-11-05,3979.81
2018-11-06,3970.89
2018-11-07,3952.18
2018-11-08,3954.34
2018-11-09,3895.18
2018-11-12,3942.19
2018-11-13,3965.55
2018-11-14,3924.73
2018-11-15,3956.28
2018-11-16,3965.1
2018-11-19,4004.36
2018-11-20,3924.33
2018-11-21,3932.83
2018-11-22,3914.08
2018-11-23,3846.1
2018-11-26,3846.03
2018-11-27,3837.57
2018-11-28,3864.91
2018-11-29,3835.61
2018-11-30,3871.04
2018-12-03,3958.94
2018-12-04,3970.06
2018-12-05,3955.01
2018-12-06,3895.32
2018-12-07,3921.1
2018-12-10,3891.43
2018-12-11,3903.91
2018-12-12,3925.33
2018-12-13,3974.8
2018-12-14,3925.71
2018-12-17,3955.92
2018-12-18,3928.89
2018-12-19,3906.98
2018-12-20,3886.49
2018-12-21,3868.75
2018-12-24,3890.94
2018-12-25,3859.99
2018-12-26,3861.36
2018-12-27,3846.65
2018-12-28,3862.38
2019-01-02,3788.43
2019-01-03,3785.52
2019-01-04,3837.57
2019-01-07,3872.63
2019-01-08,3878.49
2019-01-09,3900.2
2019-01-10,3887.09
2019-01-11,3910.32
2019-01-14,3900.65
2019-01-15,3933.43
2019-01-16,3930.08
2019-01-17,3925.58
2019-01-18,3979.19
2019-01-21,3994.43
2019-01-22,3948.0
2019-01-23,3957.3
2019-01-24,3967.03
2019-01-25,3982.35
2019-01-28,3988.28
2019-01-29,4004.85
2019-01-30,3983.85
2019-01-31,4008.43
2019-02-01,4049.14
2019-02-11,4086.74
2019-02-12,4111.16
2019-02-13,4165.17
2019-02-14,4162.24
2019-02-15,4097.3
2019-02-18,4193.07
2019-02-19,4191.65
2019-02-20,4193.12
2019-02-21,4164.59
2019-02-22,4209.82
2019-02-25,4389.95
2019-02-26,4370.52
2019-02-27,4364.52
2019-02-28,4361.8
2019-03-01,4413.28
2019-03-04,4456.37
2019-03-05,4488.8
2019-03-06,4547.14
2019-03-07,4532.21
2019-03-08,4333.58
2019-03-11,4407.89
2019-03-12,4452.07
2019-03-13,4410.48
2019-03-14,4357.99
2019-03-15,4403.73
2019-03-18,4524.17
2019-03-19,4509.69
2019-03-20,4521.9
2019-03-21,4538.01
2019-03-22,4546.57
2019-03-25,4470.34
2019-03-26,4411.08
2019-03-27,4477.8
2019-03-28,4439.62
2019-03-29,4546.11
2019-04-01,4663.09
2019-04-02,4656.84
2019-04-03,4707.63
2019-04-04,4756.93
2019-04-08,4787.48
2019-04-09,4768.32
2019-04-10,4761.92
2019-04-11,4708.96
2019-04-12,4677.39
2019-04-15,4665.66
2019-04-16,4739.56
2019-04-17,4752.04
2019-04-18,4703.87
2019-04-19,4723.15
2019-04-22,4620.54
2019-04-23,4578.48
2019-04-24,4619.85
2019-04-25,4508.08
2019-04-26,4447.99
2019-04-29,4425.0
2019-04-30,4466.42
2019-05-06,4263.54
2019-05-07,4312.03
2019-05-08,4261.46
2019-05-09,4194.74
2019-05-10,4290.61
2019-05-13,4229.01
2019-05-14,4207.37
2019-05-15,4275.93
2019-05-16,4301.7
2019-05-17,4203.68
2019-05-20,4182.89
2019-05-21,4231.56
2019-05-22,4217.96
2019-05-23,4179.51
2019-05-24,4177.75
2019-05-27,4217.23
2019-05-28,4245.63
2019-05-29,4229.04
2019-05-30,4226.07
2019-05-31,4222.44
2019-06-03,4205.18
2019-06-04,4190.33
2019-06-05,4199.19
2019-06-06,4159.86
2019-06-10,4199.62
2019-06-11,4292.89
2019-06-12,4266.87
2019-06-13,4250.02
2019-06-14,4216.42
2019-06-17,4233.61
2019-06-18,4231.36
2019-06-19,4270.38
2019-06-20,4339.14
2019-06-21,4346.63
2019-06-24,4362.04
2019-06-25,4318.2
2019-06-26,4331.89
2019-06-27,4361.97
2019-06-28,4345.85
2019-07-01,4407.97
2019-07-02,4430.94
2019-07-03,4430.31
2019-07-04,4424.25
2019-07-05,4432.66
2019-07-08,4332.89
2019-07-09,4331.12
2019-07-10,4302.07
2019-07-11,4304.05
2019-07-12,4324.12
2019-07-15,4329.22
2019-07-16,4335.05
2019-07-17,4325.41
2019-07-18,4282.2
2019-07-19,4313.63
2019-07-22,4274.29
2019-07-23,4288.31
2019-07-24,4322.88
2019-07-25,4343.29
2019-07-26,4361.23
2019-07-29,4369.0
2019-07-30,4394.93
2019-07-31,4362.37
2019-08-01,4332.98
2019-08-02,4274.8
2019-08-05,4197.0
2019-08-06,4129.51
2019-08-07,4118.65
2019-08-08,4157.2
2019-08-09,4138.75
2019-08-12,4204.18
2019-08-13,4176.01
2019-08-14,4187.63
2019-08-15,4207.89
2019-08-16,4198.81
2019-08-19,4279.99
2019-08-20,4285.12
2019-08-21,4284.31
2019-08-22,4272.73
2019-08-23,4289.06
2019-08-26,4256.55
2019-08-27,4308.68
2019-08-28,4299.8
2019-08-29,4276.06
2019-08-30,4260.15
2019-09-02,4308.51
2019-09-03,4320.11
2019-09-04,4384.79
2019-09-05,4409.7
2019-09-06,4434.27
2019-09-09,4457.26
2019-09-10,4434.76
2019-09-11,4427.23
2019-09-12,4461.93
2019-09-16,4470.43
2019-09-17,4405.06
2019-09-18,4413.18
2019-09-19,4422.42
2019-09-20,4423.29
2019-09-23,4380.67
2019-09-24,4383.75
2019-09-25,4333.18
2019-09-26,4333.96
2019-09-27,4313.74
2019-09-30,4273.15
2019-10-08,4299.59
2019-10-09,4344.74
2019-10-10,4366.09
2019-10-11,4405.34
2019-10-14,4452.46
2019-10-15,4423.09
2019-10-16,4412.42
2019-10-17,4390.55
2019-10-18,4339.58
2019-10-21,4357.62
2019-10-22,4365.57
2019-10-23,4353.63
2019-10-24,4359.85
2019-10-25,4366.59
2019-10-28,4383.88
2019-10-29,4358.0
2019-10-30,4309.75
2019-10-31,4290.97
2019-11-01,4336.8
2019-11-04,4354.12
2019-11-05,4372.46
2019-11-06,4344.57
2019-11-07,4349.88
2019-11-08,4329.09
2019-11-11,4251.48
2019-11-12,4266.2
2019-11-13,4242.99
2019-11-14,4240.29
2019-11-15,4211.1
2019-11-18,4240.0
2019-11-19,4279.26
2019-11-20,4249.88
2019-11-21,4253.47
2019-11-22,4248.55
2019-11-25,4306.99
2019-11-26,4296.34
2019-11-27,4285.1
2019-11-28,4268.64
2019-11-29,4262.34
2019-12-02,4274.0
2019-12-03,4286.06
2019-12-04,4257.91
2019-12-05,4273.92
2019-12-06,4271.81
2019-12-09,4302.35
2019-12-10,4298.01
2019-12-11,4328.62
2019-12-12,4329.57
2019-12-13,4372.86
2019-12-16,4400.14
2019-12-17,4438.0
2019-12-18,4434.16
2019-12-19,4434.34
2019-12-20,4410.94
2019-12-23,4356.92
2019-12-24,4376.76
2019-12-25,4373.56
2019-12-26,4427.98
2019-12-27,4421.73
2019-12-30,4469.61
2019-12-31,4490.65
2020-01-02,4540.09
2020-01-03,4536.4
2020-01-06,4530.06
2020-01-07,4560.34
2020-01-08,4524.71
2020-01-09,4567.68
2020-01-10,4546.94
2020-01-13,4571.34
2020-01-14,4572.53
2020-01-15,4550.64
2020-01-16,4538.03
2020-01-17,4540.31
2020-01-20,4542.1
2020-01-21,4453.24
2020-01-22,4459.55
2020-01-23,4337.98
2020-02-03,3965.32
2020-02-04,4036.45
2020-02-05,4081.59
2020-02-06,4112.96
2020-02-07,4108.24
2020-02-10,4172.13
2020-02-11,4188.98
2020-02-12,4203.23
2020-02-13,4177.04
2020-02-14,4204.8
2020-02-17,4285.68
2020-02-18,4278.68
2020-02-19,4279.04
2020-02-20,4342.3
2020-02-21,4367.56
2020-02-24,4336.33
2020-02-25,4283.25
2020-02-26,4295.73
2020-02-27,4289.11
2020-02-28,4161.14
2020-03-02,4303.82
2020-03-03,4309.13
2020-03-04,4350.98
2020-03-05,4390.49
2020-03-06,4339.48
2020-03-09,4228.96
2020-03-10,4294.46
2020-03-11,4259.83
2020-03-12,4201.91
2020-03-13,4126.17
2020-03-16,4022.41
2020-03-17,4000.38
2020-03-18,3936.33
2020-03-19,3877.15
2020-03-20,3917.34
2020-03-23,3789.54
2020-03-24,3876.53
2020-03-25,3971.17
2020-03-26,3931.16
2020-03-27,3955.0
2020-03-30,3916.9
2020-03-31,3911.28
2020-04-01,3883.77
2020-04-02,3938.54
2020-04-03,3916.93
2020-04-07,3976.65
2020-04-08,3970.83
2020-04-09,3981.0
2020-04-10,3941.14
2020-04-13,3931.52
2020-04-14,3971.02
2020-04-15,3948.51
2020-04-16,3940.91
2020-04-17,3955.96
2020-04-20,3960.26
2020-04-21,3926.81
2020-04-22,3934.07
2020-04-23,3918.36
2020-04-24,3888.67
2020-04-27,3905.4
2020-04-28,3882.17
2020-04-29,3940.84
2020-04-30,4000.83
2020-05-06,3994.95
2020-05-07,4004.77
2020-05-08,4026.67
2020-05-11,4024.01
2020-05-12,4000.66
2020-05-13,4009.87
2020-05-14,3967.87
2020-05-15,3956.44
2020-05-18,3954.16
2020-05-19,3974.3
2020-05-20,3949.18
2020-05-21,3930.16
2020-05-22,3863.37
2020-05-25,3879.38
2020-05-26,3894.61
2020-05-27,3920.27
2020-05-28,3924.21
2020-05-29,3895.9
2020-06-01,3970.21
2020-06-02,3991.85
2020-06-03,4002.05
2020-06-04,4014.2
2020-06-05,3986.39
2020-06-08,4011.66
2020-06-09,4020.49
2020-06-10,3998.8
2020-06-11,3966.95
2020-06-12,3967.39
2020-06-15,3931.98
2020-06-16,3992.57
2020-06-17,4004.37
2020-06-18,4041.25
2020-06-19,4030.76
2020-06-22,4007.81
2020-06-23,3987.85
2020-06-24,3995.44
2020-06-29,3971.96
2020-06-30,4003.95
2020-07-01,4070.24
2020-07-02,4161.48
2020-07-03,4217.9
2020-07-06,4469.02
2020-07-07,4443.54
2020-07-08,4497.16
2020-07-09,4538.84
2020-07-10,4416.09
2020-07-13,4522.15
2020-07-14,4495.54
2020-07-15,4412.76
2020-07-16,4289.04
2020-07-17,4285.13
2020-07-20,4458.2
2020-07-21,4442.45
2020-07-22,4444.13
2020-07-23,4389.04
2020-07-24,4247.26
2020-07-27,4239.49
2020-07-28,4270.97
2020-07-29,4331.1
2020-07-30,4324.93
2020-07-31,4362.65
2020-08-03,4459.61
2020-08-04,4454.15
2020-08-05,4433.86
2020-08-06,4457.42
2020-08-07,4443.67
2020-08-10,4496.86
2020-08-11,4460.59
2020-08-12,4448.16
2020-08-13,4483.45
2020-08-14,4509.17
2020-08-17,4610.68
2020-08-18,4614.81
2020-08-19,4588.95
2020-08-20,4561.43
2020-08-21,4561.47
2020-08-24,4567.23
2020-08-25,4550.96
2020-08-26,4476.25
2020-08-27,4490.44
2020-08-28,4552.36
2020-08-31,4523.17
2020-09-01,4526.33
2020-09-02,4525.54
2020-09-03,4505.65
2020-09-04,4475.16
2020-09-07,4455.58
2020-09-08,4483.62
2020-09-09,4445.97
2020-09-10,4414.63
2020-09-11,4410.23
2020-09-14,4422.95
2020-09-15,4432.96
2020-09-16,4441.65
2020-09-17,4445.76
2020-09-18,4508.5
2020-09-21,4486.03
2020-09-22,4421.38
2020-09-23,4427.5
2020-09-24,4360.39
2020-09-25,4344.43
2020-09-28,4357.6
2020-09-29,4356.37
2020-09-30,4340.77
2020-10-09,4405.41
2020-10-12,4484.02
2020-10-13,4470.69
2020-10-14,4458.6
2020-10-15,4436.08
2020-10-16,4446.18
2020-10-19,4425.66
2020-10-20,4419.97
2020-10-21,4419.22
2020-10-22,4396.32
2020-10-23,4381.01
2020-10-26,4358.48
2020-10-27,4346.83
2020-10-28,4354.44
2020-10-29,4387.39
2020-10-30,4355.68
2020-11-02,4381.66
2020-11-03,4419.09
2020-11-04,4458.6
2020-11-05,4533.85
2020-11-06,4571.29
2020-11-09,4655.61
2020-11-10,4629.87
2020-11-11,4650.93
2020-11-12,4684.55
2020-11-13,4647.16
2020-11-16,4738.16
2020-11-17,4758.02
2020-11-18,4781.16
2020-11-19,4743.06
2020-11-20,4773.36
2020-11-23,4843.04
2020-11-24,4829.41
2020-11-25,4771.68
2020-11-26,4768.54
2020-11-27,4806.33
2020-11-30,4739.85
2020-12-01,4776.9
2020-12-02,4770.2
2020-12-03,4728.32
2020-12-04,4705.79
2020-12-07,4636.05
2020-12-08,4625.22
2020-12-09,4560.74
2020-12-10,4562.16
2020-12-11,4570.77
2020-12-14,4513.9
2020-12-15,4498.86
2020-12-16,4493.04
2020-12-17,4538.74
2020-12-18,4572.68
2020-12-21,4582.02
2020-12-22,4472.79
2020-12-23,4486.01
2020-12-24,4461.2
2020-12-25,4479.14
2020-12-28,4457.13
2020-12-29,4416.63
2020-12-30,4426.51
2020-12-31,4443.3
2021-01-04,4440.61
2021-01-05,4414.33
2021-01-06,4418.58
2021-01-07,4398.38
2021-01-08,4415.83
2021-01-11,4357.89
2021-01-12,4396.06
2021-01-13,4405.31
2021-01-14,4399.49
2021-01-15,4426.05
2021-01-18,4454.88
2021-01-19,4470.53
2021-01-20,4456.78
2021-01-21,4470.15
2021-01-22,4418.82
2021-01-25,4356.24
2021-01-26,4342.63
2021-01-27,4337.76
2021-01-28,4289.79
2021-01-29,4252.4
2021-02-01,4288.26
2021-02-02,4298.13
2021-02-03,4259.4
2021-02-04,4233.27
2021-02-05,4264.74
2021-02-08,4289.5
2021-02-09,4317.86
2021-02-10,4340.81
2021-02-18,4467.22
2021-02-19,4557.27
2021-02-22,4625.45
2021-02-23,4581.5
2021-02-24,4524.81
2021-02-25,4602.09
2021-02-26,4502.83
2021-03-01,4577.88
2021-03-02,4542.15
2021-03-03,4663.59
2021-03-04,4653.19
2021-03-05,4609.06
2021-03-08,4579.74
2021-03-09,4574.72
2021-03-10,4537.5
2021-03-11,4628.45
2021-03-12,4674.4
2021-03-15,4716.13
2021-03-16,4727.64
2021-03-17,4702.29
2021-03-18,4700.11
2021-03-19,4667.26
2021-03-22,4719.95
2021-03-23,4669.35
2021-03-24,4589.63
2021-03-25,4593.4
2021-03-26,4654.17
2021-03-29,4718.86
2021-03-30,4712.23
2021-03-31,4699.41
2021-04-01,4734.07
2021-04-02,4679.64
2021-04-06,4696.32
2021-04-07,4741.76
2021-04-08,4734.73
2021-04-09,4742.85
2021-04-12,4748.24
2021-04-13,4694.55
2021-04-14,4715.95
2021-04-15,4726.13
2021-04-16,4793.78
2021-04-19,4806.93
2021-04-20,4791.24
2021-04-21,4772.01
2021-04-22,4785.29
2021-04-23,4782.48
2021-04-26,4755.65
2021-04-27,4745.47
2021-04-28,4756.3
2021-04-29,4787.68
2021-04-30,4727.78
2021-05-06,4812.67
2021-05-07,4857.19
2021-05-10,4928.34
2021-05-11,4882.54
2021-05-12,4908.09
2021-05-13,4826.97
2021-05-14,4839.89
2021-05-17,4825.28
2021-05-18,4853.5
2021-05-19,4813.63
2021-05-20,4748.96
2021-05-21,4779.09
2021-05-24,4790.91
2021-05-25,4862.59
2021-05-26,4897.46
2021-05-27,4913.42
2021-05-28,4920.75
2021-05-31,4950.9
2021-06-01,5011.46
2021-06-02,4976.75
2021-06-03,5015.41
2021-06-04,4980.36
2021-06-07,4988.44
2021-06-08,4946.08
2021-06-09,4983.03
2021-06-10,4993.59
2021-06-11,5004.58
2021-06-15,4977.59
2021-06-16,4938.9
2021-06-17,4941.54
2021-06-18,4930.75
2021-06-21,4943.12
2021-06-22,5014.36
2021-06-23,5109.75
2021-06-24,5111.53
2021-06-25,5150.52
2021-06-28,5051.72
2021-06-29,5014.33
2021-06-30,5034.97
2021-07-01,5024.64
2021-07-02,4973.45
2021-07-05,4987.79
2021-07-06,4988.14
2021-07-07,4988.31
2021-07-08,4891.16
2021-07-09,4938.7
2021-07-12,4963.88
2021-07-13,5015.33
2021-07-14,5014.83
2021-07-15,5087.03
2021-07-16,5094.32
2021-07-19,5063.31
2021-07-20,5035.59
2021-07-21,5025.69
2021-07-22,5069.0
2021-07-23,5023.96
2021-07-26,4923.98
2021-07-27,4820.96
2021-07-28,4772.2
2021-07-29,4808.4
2021-07-30,4871.43
2021-08-02,4823.55
2021-08-03,4753.15
2021-08-04,4812.29
2021-08-05,4772.28
2021-08-06,4799.05
2021-08-09,4865.87
2021-08-10,4874.05
2021-08-11,4971.13
2021-08-12,5030.91
2021-08-13,5015.58
2021-08-16,5029.99
2021-08-17,4960.69
2021-08-18,4990.82
2021-08-19,4974.07
2021-08-20,4998.88
2021-08-23,5029.83
2021-08-24,5069.62
2021-08-25,5127.83
2021-08-26,5198.76
2021-08-27,5245.29
2021-08-30,5286.46
2021-08-31,5416.24
2021-09-01,5404.34
2021-09-02,5522.85
2021-09-03,5506.77
2021-09-06,5556.58
2021-09-07,5695.02
2021-09-08,5773.1
2021-09-09,5928.58
2021-09-10,5824.05
2021-09-13,5959.75
2021-09-14,5823.89
2021-09-15,5793.19
2021-09-16,5757.03
2021-09-17,5623.64
2021-09-22,5726.12
2021-09-23,5692.77
2021-09-24,5495.59
2021-09-27,5349.41
2021-09-28,5497.44
2021-09-29,5321.59
2021-09-30,5367.48
2021-10-08,5344.38
2021-10-11,5424.71
2021-10-12,5350.82
2021-10-13,5275.23
2021-10-14,5244.3
2021-10-15,5285.96
2021-10-18,5377.4
2021-10-19,5394.5
2021-10-20,5274.3
2021-10-21,5331.16
2021-10-22,5211.22
2021-10-25,5204.76
2021-10-26,5164.41
2021-10-27,5061.13
2021-10-28,4930.47
2021-10-29,4936.64
2021-11-01,4953.85
2021-11-02,4860.66
2021-11-03,4938.36
2021-11-04,4917.35
2021-11-05,4834.37
2021-11-08,4841.86
2021-11-09,4817.48
2021-11-10,4814.93
2021-11-11,4896.04
2021-11-12,4863.94
2021-11-15,4877.2
2021-11-16,4838.28
2021-11-17,4857.57
2021-11-18,4849.99
2021-11-19,4920.47
2021-11-22,4909.17
2021-11-23,4936.59
2021-11-24,4999.56
2021-11-25,4971.61
2021-11-26,4908.35
2021-11-29,4856.63
2021-11-30,4838.9
2021-12-01,4908.78
2021-12-02,4929.44
2021-12-03,4989.34
2021-12-06,4960.52
2021-12-07,5012.19
2021-12-08,4995.55
2021-12-09,5010.73
2021-12-10,4985.06
2021-12-13,4988.87
2021-12-14,4933.56
2021-12-15,4942.86
2021-12-16,5013.68
2021-12-17,4985.16
2021-12-20,4941.39
2021-12-21,5024.83
2021-12-22,5014.74
2021-12-23,5023.07
2021-12-24,5003.66
2021-12-27,5025.61
2021-12-28,4990.84
2021-12-29,4968.56
2021-12-30,4972.79
2021-12-31,5031.99
2022-01-04,5112.57
2022-01-05,5088.95
2022-01-06,5120.75
2022-01-07,5121.03
2022-01-10,5166.08
2022-01-11,5207.65
2022-01-12,5185.9
2022-01-13,5172.37
2022-01-14,5092.11
2022-01-17,5100.21
2022-01-18,5150.68
2022-01-19,5170.19
2022-01-20,5142.07
2022-01-21,5120.98
2022-01-24,5097.9
2022-01-25,4936.53
2022-01-26,4956.78
2022-01-27,4914.09
2022-01-28,4904.09
2022-02-07,5035.32
2022-02-08,5161.22
2022-02-09,5174.79
2022-02-10,5248.54
2022-02-11,5243.95
2022-02-14,5165.2
2022-02-15,5139.32
2022-02-16,5174.89
2022-02-17,5150.71
2022-02-18,5254.06
2022-02-21,5282.26
2022-02-22,5257.97
2022-02-23,5234.39
2022-02-24,5167.67
2022-02-25,5146.64
2022-02-28,5165.69
2022-03-01,5219.31
2022-03-02,5276.8
2022-03-03,5343.34
2022-03-04,5329.69
2022-03-07,5282.52
2022-03-08,5107.61
2022-03-09,5061.76
2022-03-10,5108.43
2022-03-11,5163.12
2022-03-14,5077.57
2022-03-15,4775.91
2022-03-16,4893.66
2022-03-17,4953.16
2022-03-18,5090.47
2022-03-21,5119.73
2022-03-22,5217.94
2022-03-23,5207.68
2022-03-24,5218.9
2022-03-25,5222.39
2022-03-28,5293.63
2022-03-29,5301.85
2022-03-30,5339.94
2022-03-31,5410.94
2022-04-01,5451.95
2022-04-06,5543.21
2022-04-07,5435.81
2022-04-08,5481.91
2022-04-11,5392.76
2022-04-12,5387.28
2022-04-13,5412.8
2022-04-14,5517.07
2022-04-15,5455.83
2022-04-18,5334.84
2022-04-19,5427.83
2022-04-20,5251.57
2022-04-21,5146.59
2022-04-22,5218.31
2022-04-25,4980.85
2022-04-26,4918.38
2022-04-27,4990.42
2022-04-28,5070.99
2022-04-29,5141.28
2022-05-05,5123.35
2022-05-06,4970.32
2022-05-09,4967.84
2022-05-10,4966.49
2022-05-11,4964.25
2022-05-12,4939.75
2022-05-13,5051.77
2022-05-16,5120.01
2022-05-17,5116.13
2022-05-18,5055.11
2022-05-19,5067.67
2022-05-20,5142.93
2022-05-23,5149.32
2022-05-24,5054.65
2022-05-25,5118.96
2022-05-26,5195.54
2022-05-27,5192.75
2022-05-30,5166.84
2022-05-31,5170.66
2022-06-01,5188.65
2022-06-02,5145.5
2022-06-06,5154.98
2022-06-07,5182.01
2022-06-08,5254.58
2022-06-09,5265.9
2022-06-10,5309.73
2022-06-13,5224.2
2022-06-14,5300.53
2022-06-15,5296.54
2022-06-16,5199.77
2022-06-17,5197.01
2022-06-20,5153.03
2022-06-21,5170.97
2022-06-22,5094.87
2022-06-23,5156.92
2022-06-24,5154.48
2022-06-27,5207.74
2022-06-28,5255.67
2022-06-29,5273.59
2022-06-30,5306.77
2022-07-01,5320.26
2022-07-04,5331.39
2022-07-05,5358.81
2022-07-06,5231.45
2022-07-07,5255.67
2022-07-08,5248.47
2022-07-11,5199.15
2022-07-12,5244.46
2022-07-13,5240.2
2022-07-14,5182.89
2022-07-15,5096.5
2022-07-18,5219.85
2022-07-19,5230.57
2022-07-20,5240.98
2022-07-21,5143.53
2022-07-22,5119.1
2022-07-25,5130.8
2022-07-26,5214.96
2022-07-27,5216.41
2022-07-28,5236.63
2022-07-29,5185.85
2022-08-01,5208.52
2022-08-02,5088.23
2022-08-03,5024.82
2022-08-04,5037.68
2022-08-05,5054.76
2022-08-08,5114.68
2022-08-09,5150.52
2022-08-10,5119.43
2022-08-11,5174.89
2022-08-12,5218.99
2022-08-15,5243.07
2022-08-16,5263.31
2022-08-17,5278.82
2022-08-18,5231.57
2022-08-19,5281.36
2022-08-22,5324.9
2022-08-23,5348.94
2022-08-24,5263.41
2022-08-25,5382.44
2022-08-26,5343.53
2022-08-29,5383.98
2022-08-30,5334.0
2022-08-31,5297.07
2022-09-01,5350.96
2022-09-02,5340.59
2022-09-05,5446.59
2022-09-06,5536.67
2022-09-07,5520.05
2022-09-08,5505.89
2022-09-09,5582.18
2022-09-13,5542.06
2022-09-14,5497.3
2022-09-15,5508.21
2022-09-16,5336.1
2022-09-19,5351.65
2022-09-20,5339.58
2022-09-21,5388.14
2022-09-22,5408.64
2022-09-23,5367.44
2022-09-26,5269.49
2022-09-27,5312.53
2022-09-28,5261.14
2022-09-29,5256.78
2022-09-30,5297.36
2022-10-10,5312.49
2022-10-11,5296.4
2022-10-12,5358.82
2022-10-13,5279.32
2022-10-14,5327.66
2022-10-17,5312.11
2022-10-18,5301.51
2022-10-19,5291.79
2022-10-20,5242.9
2022-10-21,5280.33
2022-10-24,5166.87
2022-10-25,5130.2
2022-10-26,5094.62
2022-10-27,5117.58
2022-10-28,5016.28
2022-10-31,4897.89
2022-11-01,4945.02
2022-11-02,5005.07
2022-11-03,4976.48
2022-11-04,5072.11
2022-11-07,5112.95
2022-11-08,5111.26
2022-11-09,5109.08
2022-11-10,5124.74
2022-11-11,5241.95
2022-11-14,5216.89
2022-11-15,5239.29
2022-11-16,5218.54
2022-11-17,5175.4
2022-11-18,5143.51
2022-11-21,5139.05
2022-11-22,5171.12
2022-11-23,5203.66
2022-11-24,5229.96
2022-11-25,5329.1
2022-11-28,5296.86
2022-11-29,5440.05
2022-11-30,5419.39
2022-12-01,5370.13
2022-12-02,5339.11
2022-12-05,5436.02
2022-12-06,5410.82
2022-12-07,5364.16
2022-12-08,5394.35
2022-12-09,5449.0
2022-12-12,5373.89
2022-12-13,5409.61
2022-12-14,5392.72
2022-12-15,5327.35
2022-12-16,5387.58
2022-12-19,5284.26
2022-12-20,5229.84
2022-12-21,5232.44
2022-12-22,5193.05
2022-12-23,5182.89
2022-12-26,5166.14
2022-12-27,5221.29
2022-12-28,5231.97
2022-12-29,5172.47
2022-12-30,5206.0
2023-01-03,5230.09
2023-01-04,5269.75
2023-01-05,5279.48
2023-01-06,5269.8
2023-01-09,5269.31
2023-01-10,5237.14
2023-01-11,5281.66
2023-01-12,5257.91
2023-01-13,5299.71
2023-01-16,5321.06
2023-01-17,5310.04
2023-01-18,5315.42
2023-01-19,5331.66
2023-01-20,5380.37
2023-01-30,5350.33
2023-01-31,5367.52
2023-02-01,5374.84
2023-02-02,5386.95
2023-02-03,5339.36
2023-02-06,5318.1
2023-02-07,5343.97
2023-02-08,5319.27
2023-02-09,5351.78
2023-02-10,5347.61
2023-02-13,5362.91
2023-02-14,5397.76
2023-02-15,5364.95
2023-02-16,5326.82
2023-02-17,5345.22
2023-02-20,5442.64
2023-02-21,5510.25
2023-02-22,5515.21
2023-02-23,5536.72
2023-02-24,5521.18
2023-02-27,5531.61
2023-02-28,5546.22
2023-03-01,5579.77
2023-03-02,5609.29
2023-03-03,5636.57
2023-03-06,5608.26
2023-03-07,5592.57
2023-03-08,5590.04
2023-03-09,5585.56
2023-03-10,5495.81
2023-03-13,5571.03
2023-03-14,5531.34
2023-03-15,5589.91
2023-03-16,5536.46
2023-03-17,5573.82
2023-03-20,5551.42
2023-03-21,5535.69
2023-03-22,5572.03
2023-03-23,5581.91
2023-03-24,5529.45
2023-03-27,5499.45
2023-03-28,5501.71
2023-03-29,5493.32
2023-03-30,5528.11
2023-03-31,5539.6
2023-04-03,5575.48
2023-04-04,5607.23
2023-04-06,5564.32
2023-04-07,5572.51
2023-04-10,5572.47
2023-04-11,5614.86
2023-04-12,5681.25
2023-04-13,5685.78
2023-04-14,5675.96
2023-04-17,5746.41
2023-04-18,5770.72
2023-04-19,5769.86
2023-04-20,5766.56
2023-04-21,5721.18
2023-04-24,5713.07
2023-04-25,5755.82
2023-04-26,5774.28
2023-04-27,5787.21
2023-04-28,5846.54
2023-05-04,5992.98
2023-05-05,6045.58
2023-05-08,6221.36
2023-05-09,6168.51
2023-05-10,6027.46
2023-05-11,6006.98
2023-05-12,5973.61
2023-05-15,5970.19
2023-05-16,5934.55
2023-05-17,5905.59
2023-05-18,5950.12
2023-05-19,5866.96
2023-05-22,5857.27
2023-05-23,5785.72
2023-05-24,5701.25
2023-05-25,5667.74
2023-05-26,5720.55
2023-05-29,5786.54
2023-05-30,5778.5
2023-05-31,5725.68
2023-06-01,5708.82
2023-06-02,5717.11
2023-06-05,5750.7
2023-06-06,5726.89
2023-06-07,5785.95
2023-06-08,5850.98
2023-06-09,5818.86
2023-06-12,5768.3
2023-06-13,5759.83
2023-06-14,5727.08
2023-06-15,5740.13
2023-06-16,5723.87
2023-06-19,5654.21
2023-06-20,5606.46
2023-06-21,5568.86
2023-06-26,5488.41
2023-06-27,5585.56
2023-06-28,5631.86
2023-06-29,5622.18
2023-06-30,5631.52
2023-07-03,5696.46
2023-07-04,5650.0
2023-07-05,5659.74
2023-07-06,5638.6
2023-07-07,5663.2
2023-07-10,5692.9
2023-07-11,5690.87
2023-07-12,5650.7
2023-07-13,5716.56
2023-07-14,5740.22
2023-07-17,5704.68
2023-07-18,5700.32
2023-07-19,5730.34
2023-07-20,5706.54
2023-07-21,5713.18
2023-07-24,5708.93
2023-07-25,5797.03
2023-07-26,5808.5
2023-07-27,5821.84
2023-07-28,5929.54
2023-07-31,5965.33
2023-08-01,5975.62
2023-08-02,5900.66
2023-08-03,5926.06
2023-08-04,5906.68
2023-08-07,5857.36
2023-08-08,5846.56
2023-08-09,5822.76
2023-08-10,5860.87
2023-08-11,5772.97
2023-08-14,5770.19
2023-08-15,5817.0
2023-08-16,5811.29
2023-08-17,5809.8
2023-08-18,5800.59
2023-08-21,5750.19
2023-08-22,5807.36
2023-08-23,5810.8
2023-08-24,5773.76
2023-08-25,5791.05
2023-08-28,5861.59
2023-08-29,5861.98
2023-08-30,5801.51
2023-08-31,5741.39
2023-09-01,5799.64
2023-09-04,5892.23
2023-09-05,5842.03
2023-09-06,5842.14
2023-09-07,5827.54
2023-09-08,5779.8
2023-09-11,5826.79
2023-09-12,5815.11
2023-09-13,5846.85
2023-09-14,5923.09
2023-09-15,5914.26
2023-09-18,5925.43
2023-09-19,5975.1
2023-09-20,5983.59
2023-09-21,5950.23
2023-09-22,5973.37
2023-09-25,5966.26
2023-09-26,5939.1
2023-09-27,5909.44
2023-09-28,5913.05
2023-10-09,5900.12
2023-10-10,5844.11
2023-10-11,5825.84
2023-10-12,5872.88
2023-10-13,5876.14
2023-10-16,5898.47
2023-10-17,5900.4
2023-10-18,5856.67
2023-10-19,5762.12
2023-10-20,5722.83
2023-10-23,5659.07
2023-10-24,5700.51
2023-10-25,5740.12
2023-10-26,5771.49
2023-10-27,5789.64
2023-10-30,5707.53
2023-10-31,5728.61
2023-11-01,5721.54
2023-11-02,5736.36
2023-11-03,5701.88
2023-11-06,5673.39
2023-11-07,5677.78
2023-11-08,5678.08
2023-11-09,5724.0
2023-11-10,5710.73
2023-11-13,5721.7
2023-11-14,5701.14
2023-11-15,5725.94
2023-11-16,5727.25
2023-11-17,5707.91
2023-11-20,5717.41
2023-11-21,5742.9
2023-11-22,5730.18
2023-11-23,5776.32
2023-11-24,5779.96
2023-11-27,5763.05
2023-11-28,5758.64
2023-11-29,5727.9
2023-11-30,5749.11
2023-12-01,5772.23
2023-12-04,5779.68
2023-12-05,5705.92
2023-12-06,5703.38
2023-12-07,5710.45
2023-12-08,5722.67
2023-12-11,5811.58
2023-12-12,5838.98
2023-12-13,5793.14
2023-12-14,5799.75
2023-12-15,5759.4
2023-12-18,5756.94
2023-12-19,5746.2
2023-12-20,5732.76
2023-12-21,5708.62
2023-12-22,5690.23
2023-12-25,5696.92
2023-12-26,5655.93
2023-12-27,5686.85
2023-12-28,5647.11
2023-12-29,5677.71
2024-01-02,5761.01
2024-01-03,5839.64
2024-01-04,5887.23
2024-01-05,5903.61
2024-01-08,5851.05
2024-01-09,5884.79
2024-01-10,5851.95
2024-01-11,5800.36
2024-01-12,5819.55
2024-01-15,5855.81
2024-01-16,5882.08
2024-01-17,5805.6
2024-01-18,5765.57
2024-01-19,5724.88
2024-01-22,5545.52
2024-01-23,5614.51
2024-01-24,5749.47
2024-01-25,5905.37
2024-01-26,5985.56
2024-01-29,6012.92
2024-01-30,5942.21
2024-01-31,5951.24
2024-02-01,5885.32
2024-02-02,5898.86
2024-02-05,5921.0
2024-02-06,6015.77
2024-02-07,6112.53
2024-02-08,6107.03
2024-02-19,6251.83
2024-02-20,6343.38
2024-02-21,6331.01
2024-02-22,6442.58
2024-02-23,6405.56
2024-02-26,6269.31
2024-02-27,6301.5
2024-02-28,6265.35
2024-02-29,6324.41
2024-03-01,6322.75
2024-03-04,6367.01
2024-03-05,6405.6
2024-03-06,6405.13
2024-03-07,6443.73
2024-03-08,6486.91
2024-03-11,6417.2
2024-03-12,6262.11
2024-03-13,6233.58
2024-03-14,6246.16
2024-03-15,6239.9
2024-03-18,6207.67
2024-03-19,6194.01
2024-03-20,6213.3
2024-03-21,6223.42
2024-03-22,6219.76
2024-03-25,6240.54
2024-03-26,6222.55
2024-03-27,6214.86
2024-03-28,6196.3
2024-03-29,6252.51
2024-04-01,6239.39
2024-04-02,6279.17
2024-04-03,6360.64
2024-04-08,6371.65
2024-04-09,6344.38
2024-04-10,6373.07
2024-04-11,6448.87
2024-04-12,6435.4
2024-04-15,6565.71
2024-04-16,6570.03
2024-04-17,6684.32
2024-04-18,6722.35
2024-04-19,6730.94
2024-04-22,6572.58
2024-04-23,6473.27
2024-04-24,6467.94
2024-04-25,6506.65
2024-04-26,6447.24
2024-04-29,6386.59
2024-04-30,6404.26
2024-05-06,6439.36
2024-05-07,6445.56
2024-05-08,6484.14
2024-05-09,6507.44
2024-05-10,6546.54
2024-05-13,6562.85
2024-05-14,6539.44
2024-05-15,6534.37
2024-05-16,6550.31
2024-05-17,6596.43
2024-05-20,6670.33
2024-05-21,6705.76
2024-05-22,6708.54
2024-05-23,6624.78
2024-05-24,6603.06
2024-05-27,6720.23
2024-05-28,6703.52
2024-05-29,6714.34
2024-05-30,6659.32
2024-05-31,6666.93
2024-06-03,6623.17
2024-06-04,6642.11
2024-06-05,6563.84
2024-06-06,6593.91
2024-06-07,6652.19
2024-06-11,6528.55
2024-06-12,6629.1
2024-06-13,6567.27
2024-06-14,6573.05
2024-06-17,6485.92
2024-06-18,6510.87
2024-06-19,6497.7
2024-06-20,6518.79
2024-06-21,6518.47
2024-06-24,6448.17
2024-06-25,6469.15
2024-06-26,6493.11
2024-06-27,6484.25
2024-06-28,6526.22
2024-07-01,6671.13
2024-07-02,6685.99
2024-07-03,6633.83
2024-07-04,6600.91
2024-07-05,6572.01
2024-07-08,6549.17
2024-07-09,6601.17
2024-07-10,6462.63
2024-07-11,6453.24
2024-07-12,6443.27
2024-07-15,6524.99
2024-07-16,6496.04
2024-07-17,6462.43
2024-07-18,6474.74
2024-07-19,6431.51
2024-07-22,6372.01
2024-07-23,6314.92
2024-07-24,6324.33
2024-07-25,6305.77
2024-07-26,6270.42
2024-07-29,6286.15
2024-07-30,6259.19
2024-07-31,6315.22
2024-08-01,6317.08
2024-08-02,6305.74
2024-08-05,6220.49
2024-08-06,6201.97
2024-08-07,6221.14
2024-08-08,6248.75
2024-08-09,6219.78
2024-08-12,6265.47
2024-08-13,6273.1
2024-08-14,6257.19
2024-08-15,6317.84
2024-08-16,6325.66
2024-08-19,6389.22
2024-08-20,6307.17
2024-08-21,6255.46
2024-08-22,6253.78
2024-08-23,6252.3
2024-08-26,6221.78
2024-08-27,6236.58
2024-08-28,6205.89
2024-08-29,6082.49
2024-08-30,6086.68
2024-09-02,6139.27
2024-09-03,6078.18
2024-09-04,6086.16
2024-09-05,6090.31
2024-09-06,6031.61
2024-09-09,5931.13
2024-09-10,5941.85
2024-09-11,5804.77
2024-09-12,5828.3
2024-09-13,5808.21
2024-09-18,5885.18
2024-09-19,5870.73
2024-09-20,5867.89
2024-09-23,5938.69
2024-09-24,6213.82
2024-09-25,6306.35
2024-09-26,6518.48
2024-09-27,6568.94
2024-09-30,6950.87
2024-10-08,6949.29
2024-10-09,6445.68
2024-10-10,6681.47
2024-10-11,6591.58
2024-10-14,6768.35
2024-10-15,6614.73
2024-10-16,6706.6
2024-10-17,6597.89
2024-10-18,6642.9
2024-10-21,6605.38
2024-10-22,6640.66
2024-10-23,6641.61
2024-10-24,6602.26
2024-10-25,6598.47
2024-10-28,6644.6
2024-10-29,6547.43
2024-10-30,6479.53
2024-10-31,6436.69
2024-11-01,6495.96
2024-11-04,6534.04
2024-11-05,6588.43
2024-11-06,6538.6
2024-11-07,6669.83
2024-11-08,6594.88
2024-11-11,6531.55
2024-11-12,6495.14
2024-11-13,6534.32
2024-11-14,6474.22
2024-11-15,6482.15
2024-11-18,6587.16
2024-11-19,6575.44
2024-11-20,6585.5
2024-11-21,6589.51
2024-11-22,6424.61
2024-11-25,6444.07
2024-11-26,6466.16
2024-11-27,6538.27
2024-11-28,6521.9
2024-11-29,6548.36
2024-12-02,6570.37
2024-12-03,6643.0
2024-12-04,6691.06
2024-12-05,6677.1
2024-12-06,6769.4
2024-12-09,6779.4
2024-12-10,6772.77
2024-12-11,6796.97
2024-12-12,6815.3
2024-12-13,6725.06
2024-12-16,6815.65
2024-12-17,6802.14
2024-12-18,6849.06
2024-12-19,6776.0
2024-12-20,6718.78
2024-12-23,6745.29
2024-12-24,6821.37
2024-12-25,6856.55
2024-12-26,6821.51
2024-12-27,6826.35
2024-12-30,6922.23
2024-12-31,6887.02
2025-01-02,6731.83
2025-01-03,6678.97
2025-01-06,6678.22
2025-01-07,6651.35
2025-01-08,6648.41
2025-01-09,6543.12
2025-01-10,6472.22
2025-01-13,6429.58
2025-01-14,6536.9
2025-01-15,6545.17
2025-01-16,6607.51
2025-01-17,6574.5
2025-01-20,6551.8
2025-01-21,6517.04
2025-01-22,6474.86
2025-01-23,6564.71
2025-01-24,6606.33
2025-01-27,6691.05
2025-02-05,6554.52
2025-02-06,6548.51
2025-02-07,6581.12
2025-02-10,6560.1
2025-02-11,6600.75
2025-02-12,6600.89
2025-02-13,6600.56
2025-02-14,6615.34
2025-02-17,6589.44
2025-02-18,6576.51
2025-02-19,6546.16
2025-02-20,6521.32
2025-02-21,6471.22
2025-02-24,6454.38
2025-02-25,6416.64
2025-02-26,6472.88
2025-02-27,6528.24
2025-02-28,6485.65
2025-03-03,6468.79
2025-03-04,6458.73
2025-03-05,6481.1
2025-03-06,6468.31
2025-03-07,6463.74
2025-03-10,6478.09
2025-03-11,6529.42
2025-03-12,6511.57
2025-03-13,6577.37
2025-03-14,6623.4
2025-03-17,6635.1
2025-03-18,6612.15
2025-03-19,6621.24
2025-03-20,6610.98
2025-03-21,6588.99
2025-03-24,6638.68
2025-03-25,6693.73
2025-03-26,6686.87
2025-03-27,6687.54
2025-03-28,6643.8
2025-03-31,6629.82
2025-04-01,6683.96
2025-04-02,6717.45
2025-04-03,6729.72
2025-04-07,6306.63
2025-04-08,6487.04
2025-04-09,6502.2
2025-04-10,6559.01
2025-04-11,6515.76
2025-04-14,6589.84
2025-04-15,6619.35
2025-04-16,6662.54
2025-04-17,6643.58
2025-04-18,6640.76
2025-04-21,6621.5
2025-04-22,6643.74
2025-04-23,6603.88
2025-04-24,6642.06
2025-04-25,6631.6
2025-04-28,6632.97
2025-04-29,6607.58
2025-04-30,6550.11
2025-05-06,6544.04
2025-05-07,6589.64
2025-05-08,6589.79
2025-05-09,6635.56
2025-05-12,6659.64
2025-05-13,6711.4
2025-05-14,6769.36
2025-05-15,6747.83
2025-05-16,6704.95
2025-05-19,6728.95
2025-05-20,6739.67
2025-05-21,6806.07
2025-05-22,6813.79
2025-05-23,6744.95
2025-05-26,6708.74
2025-05-27,6683.97
2025-05-28,6702.64
2025-05-29,6708.51
2025-05-30,6729.34
2025-06-03,6771.59
2025-06-04,6790.62
2025-06-05,6744.2
2025-06-06,6748.82
2025-06-09,6760.99
2025-06-10,6766.84
2025-06-11,6785.22
2025-06-12,6781.55
2025-06-13,6749.1
2025-06-16,6768.38
2025-06-17,6776.74
2025-06-18,6786.46
2025-06-19,6756.69
2025-06-20,6786.24
2025-06-23,6814.4
2025-06-24,6824.57
2025-06-25,6866.18
2025-06-26,6876.06
2025-06-27,6810.7
2025-06-30,6809.19
2025-07-01,6866.02
2025-07-02,6919.71
2025-07-03,6917.92
2025-07-04,6969.02
2025-07-07,6997.02
2025-07-08,6983.73
2025-07-09,7013.27
2025-07-10,7066.02
2025-07-11,7018.13
2025-07-14,7067.88
2025-07-15,6989.68
2025-07-16,6959.53
2025-07-17,6938.66
2025-07-18,6971.54
2025-07-21,7023.54
2025-07-22,7136.36
2025-07-23,7135.02
2025-07-24,7155.87
2025-07-25,7122.24
2025-07-28,7032.53
2025-07-29,7020.39
2025-07-30,7051.74
2025-07-31,6937.33
2025-08-01,6932.22
2025-08-04,6968.42
2025-08-05,7045.07
2025-08-06,7069.51
2025-08-07,7090.66
2025-08-08,7092.22
2025-08-11,7049.29
2025-08-12,7092.72
2025-08-13,7038.24
2025-08-14,6984.67
2025-08-15,6972.88
2025-08-18,6964.24
2025-08-19,6959.95
2025-08-20,7010.97
2025-08-21,7046.4
2025-08-22,7035.94
2025-08-25,7083.97
2025-08-26,7063.52
2025-08-27,6931.8
2025-08-28,6941.46
2025-08-29,6893.66
2025-09-01,6860.35
2025-09-02,6896.1
2025-09-03,6826.74
2025-09-04,6864.55
2025-09-05,6846.06
2025-09-08,6856.0
2025-09-09,6865.16
2025-09-10,6853.27
2025-09-11,6875.27
2025-09-12,6834.28
2025-09-15,6805.63
2025-09-16,6789.19
2025-09-17,6812.62
2025-09-18,6690.68
2025-09-19,6737.01
2025-09-22,6680.64
2025-09-23,6728.03
2025-09-24,6737.88
2025-09-25,6694.15
2025-09-26,6704.5
2025-09-29,6691.71
2025-09-30,6673.33
2025-10-09,6716.38
2025-10-10,6792.94
2025-10-13,6794.57
2025-10-14,6939.17
2025-10-15,6946.6
2025-10-16,7022.64
2025-10-17,6998.62
2025-10-20,7052.2
2025-10-21,7037.74
2025-10-22,7048.07
2025-10-23,7105.2
2025-10-24,7063.8
2025-10-27,7090.62
2025-10-28,7079.4
2025-10-29,7044.09
2025-10-30,7034.21
2025-10-31,7018.67
2025-11-03,7118.75
2025-11-04,7178.1
2025-11-05,7199.32
2025-11-06,7213.92
2025-11-07,7218.54
2025-11-10,7277.25
2025-11-11,7258.1
2025-11-12,7277.4
2025-11-13,7293.09
2025-11-14,7250.69
2025-11-17,7223.71
2025-11-18,7121.55
2025-11-19,7154.64
2025-11-20,7151.28
2025-11-21,7046.59
2025-11-24,6990.38
2025-11-25,7025.3
2025-11-26,6989.08
2025-11-27,7001.32
2025-11-28,7003.3
2025-12-01,7037.42
2025-12-02,7047.54
2025-12-03,7029.63
2025-12-04,7001.9
2025-12-05,6995.13
2025-12-08,6956.99
2025-12-09,6903.31
2025-12-10,6877.7
2025-12-11,6833.41
2025-12-12,6819.58
2025-12-15,6874.67
2025-12-16,6814.18
2025-12-17,6823.78
2025-12-18,6904.01
2025-12-19,6892.22
2025-12-22,6861.46
2025-12-23,6870.67
2025-12-24,6876.16
2025-12-25,6896.07
2025-12-26,6922.54
2025-12-29,6932.86
2025-12-30,6927.87
2025-12-31,6915.27
2026-01-05,6912.5
2026-01-06,6993.21
2026-01-07,7025.03
2026-01-08,7010.67
2026-01-09,7034.6
2026-01-12,7031.72
2026-01-13,7019.84
2026-01-14,6956.94
2026-01-15,6934.29
2026-01-16,6876.63
2026-01-19,6912.94
2026-01-20,6993.03
2026-01-21,6954.9
2026-01-22,7001.52
2026-01-23,6978.02
2026-01-26,7065.18
2026-01-27,7002.63
2026-01-28,7133.06
2026-01-29,7215.47
2026-01-30,7155.26
2026-02-02,6931.22
2026-02-03,6947.45
2026-02-04,7163.48
2026-02-05,7137.14
2026-02-06,7116.93
2026-02-09,7159.79
2026-02-10,7190.75
2026-02-11,7258.87
2026-02-12,7245.25
2026-02-13,7139.14
2026-02-24,7271.86
2026-02-25,7290.29
2026-02-26,7284.28
2026-02-27,7369.76
2026-03-02,7531.56
2026-03-03,7668.77
2026-03-04,7533.49
2026-03-05,7505.73
2026-03-06,7485.78
2026-03-09,7547.72
2026-03-10,7442.3
2026-03-11,7555.99
2026-03-12,7712.98
2026-03-13,7672.08
2026-03-16,7599.43
2026-03-17,7547.75
2026-03-18,7514.18
2026-03-19,7536.08
2026-03-20,7524.1
2026-03-23,7387.52
2026-03-24,7457.93
2026-03-25,7419.99
2026-03-26,7452.29
2026-03-27,7442.98
2026-03-30,7515.56
2026-03-31,7403.06
2026-04-01,7384.45
2026-04-02,7432.56
2026-04-03,7324.54
2026-04-07,7364.76
2026-04-08,7358.96
2026-04-09,7320.65
2026-04-10,7335.29
2026-04-13,7352.19
2026-04-14,7352.01
2026-04-15,7381.07
2026-04-16,7395.38
2026-04-17,7343.42
2026-04-20,7353.93
2026-04-21,7450.11
2026-04-22,7451.24
2026-04-23,7503.08
2026-04-24,7480.06
2026-04-27,7465.6
2026-04-28,7588.11
2026-04-29,7641.53
2026-04-30,7618.7
2026-05-06,7616.26
2026-05-07,7464.4
2026-05-08,7433.97
2026-05-11,7444.98
2026-05-12,7432.47
2026-05-13,7399.84
2026-05-14,7345.47
2026-05-15,7356.08
2026-05-18,7341.71
2026-05-19,7353.07
2026-05-20,7330.24
2026-05-21,7225.87
2026-05-22,7198.23
2026-05-25,7271.17
2026-05-26,7266.63
2026-05-27,7231.56
2026-05-28,7229.64
2026-05-29,7311.91
2026-06-01,7560.08
2026-06-02,7556.31
2026-06-03,7590.5
2026-06-04,7591.56
2026-06-05,7584.41
2026-06-08,7547.46
2026-06-09,7508.98
2026-06-10,7450.72
2026-06-11,7443.22
2026-06-12,7544.35
2026-06-15,7424.59
2026-06-16,7299.29
2026-06-17,7210.02
2026-06-18,7057.0
2026-06-22,7139.12
2026-06-23,7093.6
2026-06-24,6957.75
2026-06-25,6854.98
2026-06-26,6729.97
2026-06-29,6800.76
2026-06-30,6645.02
2026-07-01,6762.89
2026-07-02,6841.2
2026-07-03,6905.97
2026-07-06,7052.81
2026-07-07,6951.52
2026-07-08,7033.09
2026-07-09,6944.04
2026-07-10,6953.18
2026-07-13,7004.15
2026-07-14,7183.15
2026-07-15,7284.84
2026-07-16,7195.01
2026-07-17,7163.98
2026-07-20,7431.31
2026-07-21,7326.44
2026-07-22,7445.53
2026-07-23,7510.11
2026-07-24,7368.43
2026-07-27,7396.61
2026-07-28,7394.36
2026-07-29,7487.04
2026-07-30,7581.19
2026-07-31,7565.71
2026-08-03,7515.39
2026-08-04,7399.6
2026-08-05,7382.31
2026-08-06,7520.16
2026-08-07,7514.51
