date,net_profit_yi,non_gaap_yi,net_profit_ttm_yi,non_gaap_ttm_yi,quarter,trade_date,adj_close,close,quarter_label,profit_ttm_yi
2009-03-31,0.060929,0.064631,1.550189,1.598593,2009Q1,2009-03-31,1.893449068069458,4.233438014984131,2009Q1,1.598593
2009-06-30,0.500615,0.498184,1.619716,1.644809,2009Q2,2009-06-30,1.850247859954834,3.9168028831481934,2009Q2,1.644809
2009-09-30,0.68886,0.692616,1.671582,1.69538,2009Q3,2009-09-30,1.9904005527496338,4.213491916656494,2009Q3,1.69538
2009-12-31,0.474358,0.467364,1.724762,1.722795,2009Q4,2009-12-31,2.518033742904663,5.330441951751709,2009Q4,1.722795
2010-03-31,0.144551,0.077297,1.808384,1.735461,2010Q1,2010-03-31,2.573387861251831,5.447621822357178,2010Q1,1.735461
2010-06-30,0.833764,0.86262,2.141533,2.0998970000000003,2010Q2,2010-06-30,2.0227506160736084,4.235930919647217,2010Q2,2.0998970000000003
2010-09-30,0.835863,0.823055,2.2885359999999997,2.230336,2010Q3,2010-09-30,3.41688871383667,7.155457973480225,2010Q3,2.230336
2010-12-31,0.746547,0.728439,2.560725,2.4914110000000003,2010Q4,2010-12-31,3.1525862216949463,6.601968765258789,2010Q4,2.4914110000000003
2011-03-31,0.084849,0.085922,2.501023,2.5000359999999997,2011Q1,2011-03-31,2.935642957687378,6.147659778594971,2011Q1,2.5000359999999997
2011-06-30,0.945388,0.949477,2.612647,2.586893,2011Q2,2011-06-30,2.365703582763672,4.875528812408447,2011Q2,2.586893
2011-09-30,0.795875,0.805512,2.572659,2.56935,2011Q3,2011-09-30,2.34588360786438,4.834681034088135,2011Q3,2.56935
2011-12-31,0.13559,0.115525,1.9617019999999998,1.956436,2011Q4,2011-12-30,1.7484402656555176,3.603398084640503,2011Q4,1.956436
2012-03-31,-0.063606,-0.059195,1.8132469999999998,1.811319,2012Q1,2012-03-30,1.6422595977783203,3.384567975997925,2012Q1,1.811319
2012-06-30,0.891234,0.889131,1.759093,1.7509730000000001,2012Q2,2012-06-29,1.4863817691802979,2.888554096221924,2012Q2,1.7509730000000001
2012-09-30,0.675694,0.660446,1.638912,1.605907,2012Q3,2012-09-28,1.4338327646255493,2.786432981491089,2012Q3,1.605907
2012-12-31,0.186967,0.205122,1.690289,1.695504,2012Q4,2012-12-31,1.4443422555923462,2.806857109069824,2012Q4,1.695504
2013-03-31,-0.061303,-0.064788,1.6925919999999999,1.689911,2013Q1,2013-03-29,1.5104039907455444,2.9352378845214844,2013Q1,1.689911
2013-06-30,0.974579,0.979163,1.775937,1.7799429999999998,2013Q2,2013-06-28,1.2991632223129272,2.3925390243530273,2013Q2,1.7799429999999998
2013-09-30,0.756924,0.739561,1.857167,1.859058,2013Q3,2013-09-30,1.4528446197509766,2.6755590438842773,2013Q3,1.859058
2013-12-31,0.422486,0.44077,2.092686,2.094706,2013Q4,2013-12-31,1.6271227598190308,2.9965100288391113,2013Q4,2.094706
2014-03-31,0.089588,0.092208,2.243577,2.2517020000000003,2014Q1,2014-03-31,1.8726963996887207,3.4487578868865967,2014Q1,2.2517020000000003
2014-06-30,0.958092,0.962407,2.2270900000000005,2.234946,2014Q2,2014-06-30,1.7094361782073975,2.9396140575408936,2014Q2,2.234946
2014-09-30,0.885807,0.867281,2.355973,2.362666,2014Q3,2014-09-30,2.1285243034362793,3.6602940559387207,2014Q3,2.362666
2014-12-31,0.426552,0.414349,2.360039,2.336245,2014Q4,2014-12-31,2.1726386547088623,3.7361550331115723,2014Q4,2.336245
2015-03-31,0.063949,0.065976,2.3344,2.310013,2015Q1,2015-03-31,2.907144069671631,4.999240875244141,2015Q1,2.310013
2015-06-30,1.071993,1.061089,2.448301,2.408695,2015Q2,2015-06-30,4.423323154449463,7.3600358963012695,2015Q2,2.408695
2015-09-30,0.872794,0.874786,2.435288,2.4162,2015Q3,2015-09-30,4.423323154449463,7.3600358963012695,2015Q3,2.4162
2015-12-31,0.467082,0.399687,2.475818,2.401538,2015Q4,2015-12-31,4.847326755523682,8.065543174743652,2015Q4,2.401538
2016-03-31,0.073567,0.089969,2.485436,2.425531,2016Q1,2016-03-31,3.97196364402771,6.609012126922607,2016Q1,2.425531
2016-06-30,1.266869,1.241288,2.680312,2.60573,2016Q2,2016-06-30,4.438052177429199,7.114245891571045,2016Q2,2.60573
2016-09-30,1.020062,1.01327,2.82758,2.744214,2016Q3,2016-09-30,4.227932929992676,6.777422904968262,2016Q3,2.744214
2016-12-31,0.594256,0.598789,2.9547540000000003,2.943316,2016Q4,2016-12-30,4.068924427032471,6.5225300788879395,2016Q4,2.943316
2017-03-31,0.093623,0.095798,2.97481,2.9491449999999997,2017Q1,2017-03-31,4.173984527587891,6.69094181060791,2017Q1,2.9491449999999997
2017-06-30,1.537828,1.506522,3.245769,3.214379,2017Q2,2017-06-30,3.997450590133667,6.183431148529053,2017Q2,3.214379
2017-09-30,1.163711,1.13195,3.3894179999999996,3.333059,2017Q3,2017-09-29,4.138987064361572,6.4023661613464355,2017Q3,3.333059
2017-12-31,0.850428,0.861174,3.64559,3.595444,2017Q4,2017-12-29,4.379981517791748,6.775146961212158,2017Q4,3.595444
2018-03-31,0.1632,0.138302,3.715167,3.637948,2018Q1,2018-03-30,4.349379062652588,6.727809906005859,2018Q1,3.637948
2018-06-30,1.64421,1.617737,3.8215489999999996,3.7491630000000002,2018Q2,2018-06-29,4.388582706451416,6.515384197235107,2018Q2,3.7491630000000002
2018-09-30,1.216889,1.214797,3.874727,3.83201,2018Q3,2018-09-28,4.036252498626709,5.992307186126709,2018Q3,3.83201
2018-12-31,0.078557,0.08285,3.102856,3.053686,2018Q4,2018-12-28,3.6372902393341064,5.400000095367432,2018Q4,3.053686
2019-03-31,0.193189,0.173057,3.132845,3.088441,2019Q1,2019-03-29,3.9637131690979004,5.884614944458008,2019Q1,3.088441
2019-06-30,1.466661,1.3959,2.955296,2.8666039999999997,2019Q2,2019-06-28,3.67720627784729,5.199999809265137,2019Q2,2.8666039999999997
2019-09-30,1.140917,1.139702,2.879324,2.7915089999999996,2019Q3,2019-09-30,3.312749147415161,4.684615135192871,2019Q3,2.7915089999999996
2019-12-31,0.105659,0.102575,2.906426,2.811234,2019Q4,2019-12-31,3.3290679454803467,4.7076921463012695,2019Q4,2.811234
2020-03-31,0.22913,0.079213,2.942367,2.7173899999999995,2020Q1,2020-03-31,3.1114823818206787,4.400000095367432,2020Q1,2.7173899999999995
2020-06-30,2.243148,1.139135,3.7188540000000003,2.4606250000000003,2020Q2,2020-06-30,3.1365365982055664,4.12307596206665,2020Q2,2.4606250000000003
2020-09-30,0.983145,0.94797,3.5610820000000003,2.2688930000000003,2020Q3,2020-09-30,3.575417995452881,4.699999809265137,2020Q3,2.2688930000000003
2020-12-31,0.507291,0.363892,3.962714,2.5302100000000003,2020Q4,2020-12-31,3.990892171859741,5.246152877807617,2020Q4,2.5302100000000003
2021-03-31,0.449364,0.446168,4.1829480000000006,2.897165,2021Q1,2021-03-31,4.113779067993164,5.407691955566406,2021Q1,2.897165
2021-06-30,1.917161,1.880422,3.856961,3.638452,2021Q2,2021-06-30,3.858962297439575,4.800000190734863,2021Q2,3.638452
2021-09-30,1.626118,1.557667,4.499934,4.248149,2021Q3,2021-09-30,5.3184404373168945,6.615384101867676,2021Q3,4.248149
2021-12-31,0.493769,0.51034,4.486412,4.394597,2021Q4,2021-12-31,7.928186893463135,9.86153793334961,2021Q4,4.394597
2022-03-31,0.652152,0.627833,4.6892,4.576262,2022Q1,2022-03-31,7.64989709854126,9.51538372039795,2022Q1,4.576262
2022-06-30,2.466469,2.380376,5.2385079999999995,5.0762160000000005,2022Q2,2022-06-30,8.01051139831543,9.5,2022Q2,5.0762160000000005
2022-09-30,2.084215,2.023939,5.696605,5.5424880000000005,2022Q3,2022-09-30,9.831849098205566,11.65999984741211,2022Q3,5.5424880000000005
2022-12-31,-0.316372,-0.299351,4.886463999999999,4.732797,2022Q4,2022-12-30,8.533303260803223,10.119999885559082,2022Q4,4.732797
2023-03-31,0.536487,0.514833,4.770798999999999,4.619797,2023Q1,2023-03-31,7.909326076507568,9.380000114440918,2023Q1,4.619797
2023-06-30,2.482232,2.482423,4.786562,4.721844,2023Q2,2023-06-30,8.215167999267578,9.359999656677246,2023Q2,4.721844
2023-09-30,2.304487,2.031067,5.0068340000000005,4.728972000000001,2023Q3,2023-09-28,8.680342674255371,9.890000343322754,2023Q3,4.728972000000001
2023-12-31,0.257845,0.304927,5.581051,5.33325,2023Q4,2023-12-29,9.522924423217773,10.850000381469727,2023Q4,5.33325
2024-03-31,0.779247,0.752334,5.823811000000001,5.5707510000000005,2024Q1,2024-03-29,9.206954956054688,10.489999771118164,2024Q1,5.5707510000000005
2024-06-30,3.380105,3.253549,6.721684,6.341877,2024Q2,2024-06-28,11.440102577209473,12.550000190734863,2024Q2,6.341877
2024-09-30,2.076923,2.082996,6.49412,6.3938060000000005,2024Q3,2024-09-30,12.919912338256836,13.949999809265137,2024Q3,6.3938060000000005
2024-12-31,0.76707,0.79607,7.003345,6.884949000000001,2024Q4,2024-12-31,13.123666763305664,14.170000076293945,2024Q4,6.884949000000001
2025-03-31,1.003369,0.975355,7.227466999999999,7.107970000000001,2025Q1,2025-03-31,11.113903045654297,12.0,2025Q1,7.107970000000001
2025-06-30,2.690504,2.641568,6.537865999999999,6.495989000000001,2025Q2,2025-06-30,10.370294570922852,10.90999984741211,2025Q2,6.495989000000001
2025-09-30,2.139754,2.105518,6.600697,6.518511,2025Q3,2025-09-30,9.676407814025879,10.180000305175781,2025Q3,6.518511
2025-12-31,0.612355,0.563272,6.445981999999999,6.285713000000001,2025Q4,2025-12-31,10.170415878295898,10.600000381469727,2025Q4,6.285713000000001
2026-03-31,0.930797,0.884003,6.37341,6.194361000000001,2026Q1,2026-03-31,9.450810432434082,9.850000381469727,2026Q1,6.194361000000001
