date,quarter,trade_date,adj_close,close,net_profit_yi,non_gaap_yi,revenue_yi,non_gaap_ttm_yi,net_profit_ttm_yi
2015-03-31,2015Q1,2015-03-31,11.164679527282715,16.729999542236328,5.793676,5.920848,32.23767646,22.942697,23.268331999999997
2015-06-30,2015Q2,2015-06-30,9.940444946289062,14.279999732971191,6.361396,6.291813,33.67557816,23.607287000000003,23.873652999999997
2015-09-30,2015Q3,2015-09-30,8.2489013671875,11.850000381469727,6.332607,6.279147,31.03963068,24.815080000000002,24.920623999999997
2015-12-31,2015Q4,2015-12-31,10.573905944824219,15.1899995803833,7.566117,7.61391,38.78206525,26.105718,26.053796
2016-03-31,2016Q1,2016-03-31,10.365073204040527,14.890000343322754,5.830713,5.809943,35.67039473,25.994813,26.090833
2016-06-30,2016Q2,2016-06-30,10.266500473022461,14.0,8.737383,8.592103,40.17385483,28.295102999999997,28.46682
2016-09-30,2016Q3,2016-09-30,12.385799407958984,16.889999389648438,7.185933,6.910339,40.06127458,28.926294999999996,29.320145999999998
2016-12-31,2016Q4,2016-12-30,13.661778450012207,18.6299991607666,9.688244,9.379486,50.30783859,30.691871,31.442273
2017-03-31,2017Q1,2017-03-31,16.580402374267578,22.610000610351562,6.928791,6.852376,41.97598309,31.734303999999998,32.540350999999994
2017-06-30,2017Q2,2017-06-30,19.737062454223633,26.040000915527344,6.933078,6.626991,45.16364316,29.769192,30.736045999999998
2017-09-30,2017Q3,2017-09-29,19.320188522338867,25.489999771118164,7.573631,7.370888,46.83004069,30.229741,31.123743999999995
2017-12-31,2017Q4,2017-12-29,21.9805965423584,29.0,10.051981,9.45233,53.1606828,30.302585,31.487481
2018-03-31,2018Q1,2018-03-30,18.77446174621582,24.770000457763672,5.626179,5.948571,47.47842101,29.398780000000002,30.184869
2018-06-30,2018Q2,2018-06-29,20.0803279876709,25.709999084472656,13.060027,12.348469,53.37332453,35.120258,36.311817999999995
2018-09-30,2018Q3,2018-09-28,19.877260208129883,25.450000762939453,13.934722,9.850696,50.37262371,37.600066,42.672909
2018-12-31,2018Q4,2018-12-28,18.090675354003906,22.780000686645508,8.583945,6.530144,51.02548795,34.67788,41.204873
2019-03-31,2019Q1,2019-03-29,19.321609497070312,24.329999923706055,6.060469,5.162376,49.33498402,33.891684999999995,41.639162999999996
2019-06-30,2019Q2,2019-06-28,18.66300392150879,22.729999542236328,8.995255,8.240128,53.5386426,29.783344,37.574391000000006
2019-09-30,2019Q3,2019-09-30,17.63666343688965,21.479999542236328,8.40959,7.85291,53.46311632,27.785558,32.049259
2019-12-31,2019Q4,2019-12-31,19.697561264038086,23.989999771118164,5.519018,6.773657,54.70203229,28.029071000000002,28.984332000000002
2020-03-31,2020Q1,2020-03-31,15.748193740844727,19.18000030517578,4.599564,3.801857,41.7049765,26.668552,27.523426999999998
2020-06-30,2020Q2,2020-06-30,17.135807037353516,20.8700008392334,5.040103,4.119206,39.5076949,22.547629999999998,23.568275
2020-09-30,2020Q3,2020-09-30,27.38451385498047,32.38999938964844,7.589372,7.178204,56.55088473,21.872924,22.748057
2020-12-31,2020Q4,2020-12-31,40.624454498291016,48.04999923706055,8.778725,7.940636,61.30237855,23.039903,26.007764
2021-03-31,2021Q1,2021-03-31,38.958892822265625,46.08000183105469,8.552543,8.129653,57.05966779,27.367698999999998,29.960743
2021-06-30,2021Q2,2021-06-30,47.21905517578125,55.849998474121094,9.139932,8.487761,58.37201641,31.736254000000002,34.060572
2021-09-30,2021Q3,2021-09-30,36.20698928833008,42.25,8.265206,7.169678,56.09762969,31.727728,34.736406
2021-12-31,2021Q4,2021-12-31,40.3975715637207,47.13999938964844,5.50399,4.372266,64.50131972,28.159358,31.461671
2022-03-31,2022Q1,2022-03-31,30.490995407104492,35.58000183105469,8.711813,8.555879,65.47759461,28.585584,31.620941
2022-06-30,2022Q2,2022-06-30,36.798301696777344,41.810001373291016,15.107176,14.54715,63.55939599,34.644973,37.588185
2022-09-30,2022Q3,2022-09-30,31.51750946044922,35.810001373291016,15.189297,15.046025,75.36370107,42.52132,44.512276
2022-12-31,2022Q4,2022-12-30,30.866212844848633,35.06999969482422,8.547669,8.508001,76.58684999,46.657055,47.555955
2023-03-31,2023Q1,2023-03-31,30.593368530273438,34.7599983215332,9.145086,8.779569,70.52428277,46.880745000000005,47.989228
2023-06-30,2023Q2,2023-06-30,32.73605728149414,35.849998474121094,19.217341,19.149576,79.78830651,51.483171,52.099393
2023-09-30,2023Q3,2023-09-28,33.71311950683594,36.91999816894531,12.896902,12.691479,87.94601968,49.128625,49.80699800000001
2023-12-31,2023Q4,2023-12-29,34.142295837402344,37.38999938964844,15.033231,14.654053,93.35135745,55.274677,56.29256000000001
2024-03-31,2024Q1,2024-03-29,39.50242233276367,43.2599983215332,13.878255,15.178785,88.35664711,61.673893,61.025729
2024-06-30,2024Q2,2024-06-28,44.900062561035156,47.900001525878906,21.107803,20.584388,95.04065521,63.108705,62.916191
2024-09-30,2024Q3,2024-09-30,54.55498123168945,58.20000076293945,19.801785,19.743211,99.73781592,70.160437,69.82107400000001
2024-12-31,2024Q4,2024-12-31,58.491939544677734,62.400001525878906,20.191919,18.953612,109.38145443,74.459996,74.979762
2025-03-31,2025Q1,2025-03-31,54.90180587768555,58.56999969482422,20.297404,19.869382,99.10012731,79.150593,81.398911
2025-06-30,2025Q2,2025-06-30,55.14381790161133,57.0099983215332,27.749713,27.197444,115.37378985,85.763649,88.040821
2025-09-30,2025Q3,2025-09-30,71.0069808959961,73.41000366210938,22.591424,22.149515,118.54516214,88.16995299999999,90.83046
2025-12-31,2025Q4,2025-12-31,63.46261215209961,64.7699966430664,22.4845,22.430503,124.85527633,91.64684400000002,93.123041
2026-03-31,2026Q1,2026-03-31,55.84945297241211,57.0,17.115396,16.42762,104.13026492,88.205082,89.941033
