SECUCODE,SECURITY_CODE,INDUSTRY_CODE,ORG_CODE,SECURITY_NAME_ABBR,INDUSTRY_NAME,MARKET,SECURITY_TYPE_CODE,TRADE_MARKET_CODE,DATE_TYPE_CODE,REPORT_TYPE_CODE,DATA_STATE,NOTICE_DATE,REPORT_DATE,TOTAL_ASSETS,FIXED_ASSET,MONETARYFUNDS,MONETARYFUNDS_RATIO,ACCOUNTS_RECE,ACCOUNTS_RECE_RATIO,INVENTORY,INVENTORY_RATIO,TOTAL_LIABILITIES,ACCOUNTS_PAYABLE,ACCOUNTS_PAYABLE_RATIO,ADVANCE_RECEIVABLES,ADVANCE_RECEIVABLES_RATIO,TOTAL_EQUITY,TOTAL_EQUITY_RATIO,TOTAL_ASSETS_RATIO,TOTAL_LIAB_RATIO,CURRENT_RATIO,DEBT_ASSET_RATIO,CASH_DEPOSIT_PBC,CDP_RATIO,LOAN_ADVANCE,LOAN_ADVANCE_RATIO,AVAILABLE_SALE_FINASSET,ASF_RATIO,LOAN_PBC,LOAN_PBC_RATIO,ACCEPT_DEPOSIT,ACCEPT_DEPOSIT_RATIO,SELL_REPO_FINASSET,SRF_RATIO,SETTLE_EXCESS_RESERVE,SER_RATIO,BORROW_FUND,BORROW_FUND_RATIO,AGENT_TRADE_SECURITY,ATS_RATIO,PREMIUM_RECE,PREMIUM_RECE_RATIO,SHORT_LOAN,SHORT_LOAN_RATIO,ADVANCE_PREMIUM,ADVANCE_PREMIUM_RATIO
300760.SZ,300760,1041,10091420,迈瑞医疗,医疗器械,cyb,058001001,069001002002,003,001,2,2026-04-29 00:00:00,2026-03-31 00:00:00,59614755270,7827796412.0,17792797168.0,0.460500879,3574025664.0,2.6749941323,5254258350.0,1.5766942672,14769192004,3545265141.0,13.1329845303,159350.0,-91.7472135517,44845563266.0,2.9568469371,2.1415099575,-0.2569220914,238.8584128646,24.7743900602,,,,,,,,,,,,,,,,,,,,,,,,
300760.SZ,300760,1041,10091420,迈瑞医疗,医疗器械,cyb,058001001,069001002002,001,001,2,2026-04-29 00:00:00,2025-12-31 00:00:00,59266767707,7670128102.0,17690372308.0,6.2863605805,3408119891.0,5.8652305789,5003717480.0,5.1770060978,16255447654,3242266059.0,16.105599169,148300.0,-67.5242199681,43011320053.0,5.5280746679,4.6311059051,2.3296916056,236.302444477,27.4275927015,,,,,,,,,,,,,,,,,,,,,,,,
300760.SZ,300760,1041,10091420,迈瑞医疗,医疗器械,cyb,058001001,069001002002,004,001,2,2025-10-30 00:00:00,2025-09-30 00:00:00,59265123962,7542296285.0,17133259546.0,-0.9598163553,3834696063.0,6.4151576591,5178319590.0,6.6128238593,15020317675,3270904342.0,-14.1376574177,156310.0,-88.3799419257,44244806287.0,5.310727303,2.8881850607,-3.641214478,254.499842179,25.344277833,,,,,,,,,,,,,,,,,,,,,,,,
300760.SZ,300760,1041,10091420,迈瑞医疗,医疗器械,cyb,058001001,069001002002,002,001,2,2025-08-28 00:00:00,2025-06-30 00:00:00,58774641210,7369514264.0,16967307912.0,-17.6289127074,3650298506.0,-7.7215062454,5343899619.0,18.2380799156,14753221068,3478285223.0,-10.3484102832,467081.0,-89.3449732051,44021420142.0,0.8451205322,-3.0532595479,-13.0793052008,256.2824246668,25.1013375229,,,,,,,,,,,,,,,,,,,,,,,,
300760.SZ,300760,1041,10091420,迈瑞医疗,医疗器械,cyb,058001001,069001002002,003,001,2,2025-04-29 00:00:00,2025-03-31 00:00:00,58364865856,7106913341.0,17711236767.0,-16.4338071233,3480911486.0,-4.6285254101,5172700675.0,30.679381794,14807235062,3133714854.0,10.6384691989,1930863.0,-50.1806241771,43557630794.0,19.5632807174,14.8171070228,2.8116570537,254.2521646719,25.3701175268,,,,,,,,,,,,,,,,,,,,,,,,
300760.SZ,300760,1041,10091420,迈瑞医疗,医疗器械,cyb,058001001,069001002002,001,001,2,2026-03-31 00:00:00,2024-12-31 00:00:00,56643545143,7086159663.0,16644066286.0,-11.4073207398,3219300494.0,-2.3011048235,4757425283.0,19.5744111346,15885367579,2792514816.0,3.795263235,456648.0,-42.4467032586,40758177564.0,22.2279402665,18.1550720198,8.8488935851,245.9605332133,28.0444444974,,,,,,,,,,,,,,,,,,,,,,,,
300760.SZ,300760,1041,10091420,迈瑞医疗,医疗器械,cyb,058001001,069001002002,004,001,2,2024-10-30 00:00:00,2024-09-30 00:00:00,57601486436,6494822718.0,17299301067.0,-12.0401309614,3603524298.0,-0.4785304661,4857126378.0,20.6198864054,15587906794,3809474845.0,48.091611504,1345174.0,-15.3684268805,42013579642.0,14.101101206,15.2197527348,18.3470140688,234.4773583167,27.0616398265,,,,,,,,,,,,,,,,,,,,,,,,
300760.SZ,300760,1041,10091420,迈瑞医疗,医疗器械,cyb,058001001,069001002002,002,001,2,2024-08-30 00:00:00,2024-06-30 00:00:00,60625701221,6434125200.0,20598620790.0,1.9741429793,3955741319.0,6.7626366712,4519609607.0,2.1191210829,16973197352,3879780865.0,29.2204491361,4383668.0,27924.9840173891,43652503869.0,30.2925449473,27.5235100397,20.9145528834,234.9930660321,27.9967027352,,,,,,,,,,,,,,,,,,,,,,,,
300760.SZ,300760,1041,10091420,迈瑞医疗,医疗器械,cyb,058001001,069001002002,003,001,2,2024-04-27 00:00:00,2024-03-31 00:00:00,50832900575,5740807068.0,21194260690.0,-11.3398462949,3649845513.0,36.1797760242,3958314314.0,-18.7143945942,14402292003,2832391732.0,-2.775980145,3875727.0,2129.9668588394,36430608572.0,5.0721528827,4.6833737077,3.7126803992,268.692347008,28.3326189143,,,,,,,,,,,,,,,,,,,,,,,,
300760.SZ,300760,1041,10091420,迈瑞医疗,医疗器械,cyb,058001001,069001002002,001,001,2,2025-04-29 00:00:00,2023-12-31 00:00:00,47940003061,5489583887.0,18787180188.0,-18.9707021065,3295124769.0,23.9369046073,3978631580.0,-1.1499434003,14593963297,2690406796.0,17.4533264289,793435.0,163.7302186132,33346039764.0,4.2092655388,2.5559101495,-1.0318734763,266.0216009788,30.4421409369,,,,,,,,,,,,,,,,,,,,,,,,
300760.SZ,300760,1041,10091420,迈瑞医疗,医疗器械,cyb,058001001,069001002002,004,001,2,2023-10-28 00:00:00,2023-09-30 00:00:00,49992718322,5261599788.0,19667265602.0,27.3887386103,3620851174.0,18.9061713698,4026803973.0,-3.0080714595,13171356216,2572377197.0,-6.1201271743,1589447.0,300.7127100377,36821362106.0,21.8457635608,20.0116090887,15.1652425599,278.9099518614,26.3465493738,,,,,,,,,,,,,,,,,,,,,,,,
300760.SZ,300760,1041,10091420,迈瑞医疗,医疗器械,cyb,058001001,069001002002,002,001,2,2023-08-30 00:00:00,2023-06-30 00:00:00,47540803419,4805327753.0,20199846930.0,67.7023064371,3705173872.0,18.221131725,4425821099.0,12.2484669281,14037348646,3002451153.0,9.3360978964,15642.0,-92.2387230263,33503454773.0,23.1319643002,23.0467424066,22.843816181,265.2393439273,29.5269487187,,,,,,,,,,,,,,,,,,,,,,,,
300760.SZ,300760,1041,10091420,迈瑞医疗,医疗器械,cyb,058001001,069001002002,003,001,2,2023-04-28 00:00:00,2023-03-31 00:00:00,48558714507,4431191065.0,23905057463.0,60.4601387064,2680167070.0,21.2317070406,4869637489.0,25.2846742474,13886722383,2913263344.0,16.670447761,173802.0,-54.4627557838,34671992124.0,23.6090322266,26.6645723151,34.9963740209,278.166775356,28.597796552,,,,,,,,,,,,,,,,,,,,,,,,
300760.SZ,300760,1041,10091420,迈瑞医疗,医疗器械,cyb,058001001,069001002002,001,001,2,2024-04-27 00:00:00,2022-12-31 00:00:00,46745236809,4260989068.0,23185663305.0,50.9378854202,2658711527.0,60.2912353899,4024915834.0,12.8904245554,14746124646,2290617795.0,0.4168795455,300851.0,29.7963216229,31999112163.0,18.6556570457,22.6811762974,32.4306700169,260.0364687992,31.5457266935,,,,,,,,,,,,,,,,,,,,,,,,
300760.SZ,300760,1041,10091420,迈瑞医疗,医疗器械,cyb,058001001,069001002002,004,001,2,2022-10-28 00:00:00,2022-09-30 00:00:00,41656568645,3976390095.0,15438778825.0,20.089643445,3045133093.0,57.9144397261,4151689768.0,25.767698182,11436919615,2740073159.0,50.4319397821,396655.0,,30219649030.0,17.0579273974,16.9348864578,16.6110179334,248.5588118091,27.4552609277,,,,,,,,,,,,,,,,,,,,,,,,
300760.SZ,300760,1041,10091420,迈瑞医疗,医疗器械,cyb,058001001,069001002002,002,001,2,2022-08-20 00:00:00,2022-06-30 00:00:00,38636377111,3820699151.0,12045062086.0,-22.9675828836,3134104553.0,67.6084090909,3942878883.0,17.0698736945,11426988417,2746074911.0,60.5637562101,201539.0,,27209388694.0,10.7482212574,13.9550529266,22.39396383,203.1155931216,29.5757244117,,,,,,,,,,,,,,,,,,,,,,,,
300760.SZ,300760,1041,10091420,迈瑞医疗,医疗器械,cyb,058001001,069001002002,003,001,2,2022-04-20 00:00:00,2022-03-31 00:00:00,38336461111,3756126212.0,14897816776.0,-10.5063541978,2210780608.0,26.9928832571,3886858084.0,0.4785888754,10286737317,2497001940.0,24.1721298984,381670.0,,28049723794.0,12.1375599228,9.4065879289,2.5936039128,245.9897667002,26.8327775149,,,,,,,,,,,,,,,,,,,,,,,,
300760.SZ,300760,1041,10091420,迈瑞医疗,医疗器械,cyb,058001001,069001002002,001,001,2,2023-04-28 00:00:00,2021-12-31 00:00:00,38103022990,3771794343.0,15361062758.0,-3.1748911659,1658675548.0,14.936959755,3565329699.0,0.6950037625,11134976999,2281108321.0,52.1150279816,231787.0,,26968045991.0,15.7904862217,14.4015432965,11.1718122119,247.2438128653,29.2233427304,,,,,,,,,,,,,,,,,,,,,,,,
300760.SZ,300760,1041,10091420,迈瑞医疗,医疗器械,cyb,058001001,069001002002,004,001,2,2021-10-20 00:00:00,2021-09-30 00:00:00,35623730357,3470927399.0,12856045186.0,-26.1684607139,1928343664.0,22.4885645035,3301077962.0,-5.9667500367,9807752147,1821470336.0,35.5540293247,,,25815978210.0,17.0205333397,15.7114105236,12.4015497816,240.8921520992,27.5315135409,,,,,,,,,,,,,,,,,,,,,,,,
300760.SZ,300760,1041,10091420,迈瑞医疗,医疗器械,cyb,058001001,069001002002,002,001,2,2021-08-26 00:00:00,2021-06-30 00:00:00,33904926652,3371368746.0,15636354845.0,-3.3086476808,1869896964.0,-3.4146617138,3367970562.0,-7.8969379276,9336235268,1710270721.0,-25.086426319,,,24568691384.0,21.5503752931,14.4218889249,-0.8759564542,276.6352542169,27.5365151614,,,,,,,,,,,,,,,,,,,,,,,,
300760.SZ,300760,1041,10091420,迈瑞医疗,医疗器械,cyb,058001001,069001002002,003,001,2,2021-04-29 00:00:00,2021-03-31 00:00:00,35040358937,3313135795.0,16646787202.0,7.5357877721,1740869686.0,-0.6413131335,3868344617.0,35.0298763656,10026684827,2010919795.0,5.4218798326,,,25013674110.0,25.5190350096,26.4299612063,28.7611561433,265.7983386322,28.6146749953,,,,,,,,,,,,,,,,,,,,,,,,
300760.SZ,300760,1041,10091420,迈瑞医疗,医疗器械,cyb,058001001,069001002002,001,001,2,2022-04-20 00:00:00,2020-12-31 00:00:00,33306388963,3199110742.0,15864751347.0,11.152433041,1443117646.0,-13.4673364857,3540721551.0,56.350945079,10016007455,1499594321.0,20.7662788735,,,23290381508.0,25.1024257076,29.9297621363,42.7371583806,262.6382233955,30.0723307655,,,,,,,,,,,,,,,,,,,,,,,,
300760.SZ,300760,1041,10091420,迈瑞医疗,医疗器械,cyb,058001001,069001002002,004,001,2,2020-10-30 00:00:00,2020-09-30 00:00:00,30786704782,2817258351.0,17412673920.0,32.5507172693,1574305056.0,-11.1603707707,3510543306.0,62.5217045858,8725637828,1343722754.0,-12.9219213998,,,22061066954.0,25.1529846513,25.7670794994,27.3469154878,331.4147577778,28.3422272367,,,,,,,,,,,,,,,,,,,,,,,,
300760.SZ,300760,1041,10091420,迈瑞医疗,医疗器械,cyb,058001001,069001002002,002,001,2,2020-08-28 00:00:00,2020-06-30 00:00:00,29631504051,2749705600.0,16171409821.0,33.3818554813,1936004985.0,8.4814351581,3656741140.0,95.1430263152,9418739323,2282991769.0,57.134382465,,,20212764728.0,23.870372653,29.3323024182,42.8496262819,283.3810047355,31.7862343632,,,,,,,,,,,,,,,,,,,,,,,,
300760.SZ,300760,1041,10091420,迈瑞医疗,医疗器械,cyb,058001001,069001002002,003,001,2,2020-04-29 00:00:00,2020-03-31 00:00:00,27715233480,2658746613.0,15480229928.0,31.4031905638,1752106173.0,7.1026633177,2864806457.0,60.4586593235,7787041626,1907497569.0,,,,19928191854.0,23.2246920016,25.1345280902,30.3028266097,319.688897945,28.0966120369,,,,,,,,,,,,,,,,,,,,,,,,
300760.SZ,300760,1041,10091420,迈瑞医疗,医疗器械,cyb,058001001,069001002002,001,001,2,2021-04-29 00:00:00,2019-12-31 00:00:00,25634149109,2684325161.0,14272968133.0,23.6421372971,1667714349.0,6.0383393339,2264598752.0,33.2940949582,7017098819,1241732655.0,32.8733475036,987570277.0,6.1392974234,18617050290.0,22.6555695828,18.5263417669,8.8079279019,371.3017427099,27.3740266906,,,,,,,,,,,,,,,,,,,,,,,,
300760.SZ,300760,1041,10091420,迈瑞医疗,医疗器械,cyb,058001001,069001002002,004,001,2,2019-10-30 00:00:00,2019-09-30 00:00:00,24479144228,2599569793.0,13136612369.0,119.0871075936,1772075221.0,3.7461557614,2160045832.0,15.041481094,6851864291,1543124028.0,,582509046.0,-15.5378724879,17627279937.0,105.0278605995,49.7585262087,-11.5687492376,356.046520495,27.9906202079,,,,,,,,,,,,,,,,,,,,,,,,
300760.SZ,300760,1041,10091420,迈瑞医疗,医疗器械,cyb,058001001,069001002002,002,001,2,2019-08-29 00:00:00,2019-06-30 00:00:00,22911139365,2587774994.0,12124145194.0,,1784641752.0,,1873877437.0,,6593464448,1452891298.0,,672480304.0,,16317674917.0,,51.8126302887,-12.4312299158,337.5898399647,28.778422334,,,,,,,,,,,,,,,,,,,,,,,,
300760.SZ,300760,1041,10091420,迈瑞医疗,医疗器械,cyb,058001001,069001002002,003,001,2,2019-04-29 00:00:00,2019-03-31 00:00:00,22148350182,2565915817.0,11780710850.0,125.523903676,1635912795.0,19.3530839851,1785386011.0,7.5446099188,5976111055,,,761035217.0,-7.3447494871,16172239127.0,117.5027672958,52.6614850558,-15.5048620595,364.7232864327,26.9821950885,,,,,,,,,,,,,,,,,,,,,,,,
300760.SZ,300760,1041,10091420,迈瑞医疗,医疗器械,cyb,058001001,069001002002,001,001,2,2020-04-02 00:00:00,2018-12-31 00:00:00,21627385716,2571230816.0,11543773381.0,119.0324353151,1572746574.0,10.561216481,1698949044.0,8.3899914881,6449069433,934523498.0,-3.6542957271,930447347.0,-18.4135923636,15178316283.0,128.1038074269,49.7903317357,-17.1529977677,336.150721695,29.8189967002,,,,,,,,,,,,,,,,,,,,,,,,
300760.SZ,300760,1041,10091420,迈瑞医疗,医疗器械,cyb,058001001,069001002002,004,001,2,2018-10-30 00:00:00,2018-09-30 00:00:00,16345743276,2550995462.0,5996068191.0,,1708087599.0,,1877623455.0,,7748238583,,,689668924.0,,8597504693.0,,,,168.7548445575,47.4021795899,,,,,,,,,,,,,,,,,,,,,,,,
300760.SZ,300760,1041,10091420,迈瑞医疗,医疗器械,cyb,058001001,069001002002,002,001,2,2018-09-14 00:00:00,2018-06-30 00:00:00,15091721500,,,,,,,,7529470200,,,,,,,,,156.0729119391,49.8913937684,,,,,,,,,,,,,,,,,,,,,,,,
300760.SZ,300760,1041,10091420,迈瑞医疗,医疗器械,cyb,058001001,069001002002,003,001,2,2018-09-26 00:00:00,2018-03-31 00:00:00,14508145374,2474477715.0,5223708289.0,,1370649790.0,,1660135280.0,,7072727734,1077506026.0,,821362214.0,,7435417640.0,,,,156.4561483209,48.7500473126,,,,,,,,,,,,,,,,,,,,,,,,
300760.SZ,300760,1041,10091420,迈瑞医疗,医疗器械,cyb,058001001,069001002002,001,001,2,2019-04-23 00:00:00,2017-12-31 00:00:00,14438439027,2495733448.0,5270348825.0,17.9875751412,1422512002.0,38.5876800573,1567440887.0,52.0053453166,7784312358,969969035.0,51.7311003238,1140444069.0,30.6581958288,6654126669.0,44.6314841754,11.2871728895,-7.0340208113,137.7573375587,53.9138084349,,,,,,,,,,,,,,,,,,,,,,,,
300760.SZ,300760,1041,10091420,迈瑞医疗,医疗器械,cyb,058001001,069001002002,001,001,2,2018-09-26 00:00:00,2016-12-31 00:00:00,12974037036,2179390456.0,4466867650.0,121.1270999861,1026434674.0,-15.4106105225,1031174847.0,2.963262927,8373291419,639268438.0,8.7850399228,872845413.0,143.9135216852,4600745617.0,-29.6308006921,4.9420890479,43.7466554551,131.115868426,64.5388277817,,,,,,,,,,,,,,,,,,,,,,,,
300760.SZ,300760,1041,10091420,迈瑞医疗,医疗器械,cyb,058001001,069001002002,001,001,2,2018-09-26 00:00:00,2015-12-31 00:00:00,12363044374,1875319503.0,2020045327.0,13.1860039681,1213431945.0,-11.4922123002,1001497833.0,8.8639033039,5825033906,587643704.0,2.6727352526,357850359.0,86.1574911083,6538010468.0,-32.3314547424,-15.2133977164,18.4058447387,138.8424787046,47.1165008374,,,,,,,,,,,,,,,,,,,,,,,,
300760.SZ,300760,1041,10091420,迈瑞医疗,医疗器械,cyb,058001001,069001002002,001,001,2,2017-05-26 00:00:00,2014-12-31 00:00:00,14581365500,1807053400.0,1784713000.0,,1370988900.0,,919954000.0,,4919549300,572346400.0,,192229900.0,,9661816200.0,,,,284.1412596667,33.7386049338,,,,,,,,,,,,,,,,,,,,,,,,
