日期,ETF复权净值,全收益指数点位,ETF归一化,全收益指数归一化,累计收益差(百分点)
2020-02-26,0.99470000,3766.7900,100.000000,100.000000,0.000000
2020-02-27,0.99580000,3771.4500,100.110586,100.123713,-0.013127
2020-02-28,0.97570000,3693.1300,98.089876,98.044489,0.045388
2020-03-02,1.00300000,3799.1900,100.834422,100.860149,-0.025726
2020-03-03,1.00430000,3804.1100,100.965115,100.990764,-0.025649
2020-03-04,1.00790000,3818.0000,101.327033,101.359513,-0.032480
2020-03-05,1.02200000,3872.0200,102.744546,102.793625,-0.049079
2020-03-06,1.01310000,3838.1300,101.849804,101.893920,-0.044116
2020-03-09,0.99790000,3780.0300,100.321705,100.351493,-0.029788
2020-03-10,1.01040000,3827.9300,101.578365,101.623133,-0.044767
2020-03-11,0.99980000,3787.6300,100.512717,100.553256,-0.040539
2020-03-12,0.98490000,3730.6300,99.014778,99.040031,-0.025253
2020-03-13,0.97240000,3682.8600,97.758118,97.771843,-0.013725
2020-03-16,0.95960000,3634.7300,96.471298,96.494097,-0.022799
2020-03-17,0.95620000,3621.8100,96.129486,96.151099,-0.021613
2020-03-18,0.94300000,3571.4900,94.802453,94.815214,-0.012761
2020-03-19,0.92450000,3501.4200,92.942596,92.955009,-0.012414
2020-03-20,0.93430000,3537.2900,93.927817,93.907279,0.020538
2020-03-23,0.91280000,3455.3400,91.766362,91.731687,0.034675
2020-03-24,0.93110000,3524.8300,93.606112,93.576494,0.029619
2020-03-25,0.94640000,3583.2500,95.144265,95.127416,0.016848
2020-03-26,0.94070000,3560.6200,94.571228,94.526639,0.044588
2020-03-27,0.94740000,3585.8800,95.244797,95.197237,0.047561
2020-03-30,0.94430000,3574.2100,94.933146,94.887424,0.045722
2020-03-31,0.93940000,3555.6100,94.440535,94.393635,0.046900
2020-04-01,0.93220000,3528.1000,93.716699,93.663305,0.053394
2020-04-02,0.94340000,3570.8800,94.842666,94.799020,0.043646
2020-04-03,0.93760000,3548.7900,94.259576,94.212579,0.046997
2020-04-07,0.94950000,3593.7400,95.455916,95.405903,0.050014
2020-04-08,0.94690000,3584.2600,95.194531,95.154229,0.040302
2020-04-09,0.94760000,3586.1100,95.264904,95.203343,0.061561
2020-04-10,0.94120000,3561.5700,94.621494,94.551860,0.069634
2020-04-13,0.93770000,3548.4500,94.269629,94.203553,0.066076
2020-04-14,0.94610000,3580.2500,95.114105,95.047773,0.066332
2020-04-15,0.94210000,3565.3700,94.711973,94.652741,0.059232
2020-04-16,0.94650000,3581.2000,95.154318,95.072993,0.081325
2020-04-17,0.94770000,3585.7500,95.274957,95.193786,0.081172
2020-04-20,0.94540000,3574.2600,95.043732,94.888751,0.154980
2020-04-21,0.93730000,3543.7700,94.229416,94.079309,0.150107
2020-04-22,0.93730000,3543.6500,94.229416,94.076123,0.153293
2020-04-23,0.93700000,3542.2800,94.199256,94.039753,0.159503
2020-04-24,0.93050000,3517.9500,93.545793,93.393845,0.151948
2020-04-27,0.93620000,3537.5400,94.118830,93.913916,0.204914
2020-04-28,0.93000000,3513.7300,93.495526,93.281813,0.213713
2020-04-29,0.94150000,3556.5100,94.651654,94.417528,0.234126
2020-04-30,0.95160000,3594.7800,95.667035,95.433512,0.233523
2020-05-06,0.94770000,3580.1700,95.274957,95.045649,0.229308
2020-05-07,0.94300000,3562.5800,94.802453,94.578673,0.223780
2020-05-08,0.94900000,3584.6200,95.405650,95.163787,0.241863
2020-05-11,0.94970000,3587.4500,95.476023,95.238917,0.237106
2020-05-12,0.94510000,3569.7400,95.013572,94.768755,0.244817
2020-05-13,0.94500000,3569.6500,95.003519,94.766366,0.237153
2020-05-14,0.93560000,3533.9900,94.058510,93.819671,0.238839
2020-05-15,0.93460000,3530.0800,93.957977,93.715869,0.242108
2020-05-18,0.93570000,3533.2700,94.068563,93.800557,0.268006
2020-05-19,0.93990000,3549.1900,94.490801,94.223198,0.267603
2020-05-20,0.93610000,3534.9600,94.108777,93.845423,0.263354
2020-05-21,0.93070000,3513.8200,93.565899,93.284202,0.281697
2020-05-22,0.91730000,3463.2200,92.218759,91.940883,0.277876
2020-05-25,0.91970000,3472.4000,92.460038,92.184592,0.275446
2020-05-26,0.92090000,3476.8900,92.580678,92.303792,0.276886
2020-05-27,0.92390000,3488.3500,92.882276,92.608030,0.274246
2020-05-28,0.92690000,3499.6200,93.183875,92.907223,0.276651
2020-05-29,0.92240000,3482.5500,92.731477,92.454052,0.277424
2020-06-01,0.93380000,3525.5800,93.877551,93.596404,0.281147
2020-06-02,0.93790000,3541.0300,94.289736,94.006568,0.283168
2020-06-03,0.93900000,3545.0200,94.400322,94.112494,0.287828
2020-06-04,0.93330000,3523.2500,93.827285,93.534548,0.292737
2020-06-05,0.93470000,3528.5400,93.968031,93.674986,0.293045
2020-06-08,0.93820000,3541.8000,94.319895,94.027010,0.292886
2020-06-09,0.94270000,3557.8500,94.772293,94.453102,0.319191
2020-06-10,0.93700000,3536.1700,94.199256,93.877546,0.321710
2020-06-11,0.92840000,3503.8400,93.334674,93.019255,0.315419
2020-06-12,0.92700000,3498.4000,93.193928,92.874835,0.319093
2020-06-15,0.91670000,3459.6200,92.158440,91.845311,0.313128
2020-06-16,0.92670000,3493.8600,93.163768,92.754308,0.409460
2020-06-17,0.92990000,3506.0100,93.485473,93.076864,0.408609
2020-06-18,0.93670000,3531.8200,94.169096,93.762063,0.407034
2020-06-19,0.93880000,3536.9900,94.380215,93.899315,0.480900
2020-06-22,0.93490000,3518.8700,93.988137,93.418269,0.569869
2020-06-23,0.93130000,3504.7500,93.626219,93.043414,0.582805
2020-06-24,0.93710000,3526.5400,94.209309,93.621890,0.587419
2020-06-29,0.92960000,3498.5000,93.455313,92.877490,0.577823
2020-06-30,0.93390000,3514.6300,93.887604,93.305706,0.581898
2020-07-01,0.94790000,3567.2700,95.295064,94.703182,0.591882
2020-07-02,0.97000000,3650.3000,97.516839,96.907446,0.609393
2020-07-03,0.99190000,3732.7000,99.718508,99.094985,0.623523
2020-07-06,1.05660000,3976.1100,106.222982,105.556986,0.665996
2020-07-07,1.04620000,3933.9500,105.177440,104.437731,0.739710
2020-07-08,1.05720000,3971.1700,106.283301,105.425840,0.857461
2020-07-09,1.06510000,3995.0900,107.077511,106.060863,1.016647
2020-07-10,1.03920000,3893.1800,104.473711,103.355377,1.118334
2020-07-13,1.05270000,3944.3900,105.830904,104.714890,1.116014
2020-07-14,1.04510000,3916.5700,105.066854,103.976330,1.090524
2020-07-15,1.02980000,3847.5700,103.528702,102.144532,1.384171
2020-07-16,1.01540000,3776.3100,102.081029,100.252735,1.828294
2020-07-17,1.01240000,3765.9800,101.779431,99.978496,1.800935
2020-07-20,1.04650000,3883.1100,105.207600,103.088040,2.119560
2020-07-21,1.04300000,3866.5300,104.855735,102.647878,2.207857
2020-07-22,1.04550000,3867.5200,105.107067,102.674160,2.432907
2020-07-23,1.03710000,3836.3300,104.262592,101.846134,2.416457
2020-07-24,1.01180000,3743.4500,101.719111,99.380374,2.338737
2020-07-27,1.01020000,3738.2400,101.558259,99.242060,2.316199
2020-07-28,1.01320000,3749.2200,101.859857,99.533555,2.326302
2020-07-29,1.02400000,3788.5800,102.945612,100.578477,2.367135
2020-07-30,1.02200000,3780.7800,102.744546,100.371404,2.373142
2020-07-31,1.02200000,3779.8800,102.744546,100.347511,2.397035
2020-08-03,1.03170000,3818.5400,103.719714,101.373849,2.345866
2020-08-04,1.04090000,3852.0600,104.644616,102.263731,2.380885
2020-08-05,1.03150000,3817.9700,103.699608,101.358717,2.340891
2020-08-06,1.03340000,3821.4500,103.890620,101.451103,2.439517
2020-08-07,1.02890000,3804.7300,103.438223,101.007224,2.430999
2020-08-10,1.04470000,3855.5900,105.026641,102.357445,2.669196
2020-08-11,1.04170000,3842.7300,104.725043,102.016040,2.709003
2020-08-12,1.04760000,3865.6700,105.318186,102.625047,2.693140
2020-08-13,1.05240000,3880.9500,105.800744,103.030697,2.770047
2020-08-14,1.06270000,3917.9500,106.836232,104.012966,2.823266
2020-08-17,1.08450000,3993.1400,109.027848,106.009095,3.018752
2020-08-18,1.08220000,3975.2500,108.796622,105.534155,3.262467
2020-08-19,1.08240000,3975.4800,108.816729,105.540261,3.276468
2020-08-20,1.07180000,3934.7000,107.751081,104.457642,3.293439
2020-08-21,1.07690000,3953.5500,108.263798,104.958068,3.305730
2020-08-24,1.07250000,3937.2100,107.821454,104.524277,3.297177
2020-08-25,1.06650000,3914.9500,107.218257,103.933323,3.284934
2020-08-26,1.05950000,3889.2500,106.514527,103.251044,3.263483
2020-08-27,1.06290000,3901.9300,106.856339,103.587670,3.268668
2020-08-28,1.07650000,3949.4800,108.223585,104.850018,3.373567
2020-08-31,1.07520000,3944.5800,108.092892,104.719934,3.372958
2020-09-01,1.07870000,3957.7400,108.444757,105.069303,3.375454
2020-09-02,1.07270000,3934.9400,107.841560,104.464013,3.377547
2020-09-03,1.07320000,3936.7600,107.891827,104.512330,3.379497
2020-09-04,1.06690000,3913.3800,107.258470,103.891642,3.366827
2020-09-07,1.05880000,3884.0500,106.444154,103.112995,3.331159
2020-09-08,1.07580000,3946.8500,108.153212,104.780197,3.373015
2020-09-09,1.06670000,3913.5400,107.238363,103.895890,3.342473
2020-09-10,1.06280000,3898.7600,106.846285,103.503514,3.342772
2020-09-11,1.06060000,3890.3900,106.625113,103.281308,3.343805
2020-09-14,1.06460000,3905.1200,107.027244,103.672358,3.354887
2020-09-15,1.06380000,3902.5200,106.946818,103.603333,3.343485
2020-09-16,1.06950000,3923.5100,107.519855,104.160572,3.359283
2020-09-17,1.06500000,3907.4500,107.067458,103.734214,3.333244
2020-09-18,1.08340000,3974.5200,108.917261,105.514775,3.402486
2020-09-21,1.07750000,3950.8600,108.324118,104.886654,3.437464
2020-09-22,1.06240000,3893.8100,106.806072,103.372102,3.433970
2020-09-23,1.05860000,3879.7900,106.424047,102.999902,3.424146
2020-09-24,1.04230000,3819.9400,104.785362,101.411016,3.374347
2020-09-25,1.03840000,3806.3900,104.393284,101.051293,3.341991
2020-09-28,1.04240000,3819.7500,104.795416,101.405972,3.389444
2020-09-29,1.04070000,3813.3700,104.624510,101.236597,3.387913
2020-09-30,1.03570000,3795.4500,104.121846,100.760860,3.360986
2020-10-09,1.04650000,3834.8600,105.207600,101.807109,3.400491
2020-10-12,1.06170000,3891.0000,106.735699,103.297503,3.438197
2020-10-13,1.06250000,3893.9700,106.816125,103.376350,3.439776
2020-10-14,1.05950000,3882.8500,106.514527,103.081138,3.433389
2020-10-15,1.06180000,3891.4600,106.745752,103.309715,3.436038
2020-10-16,1.07000000,3921.8100,107.570122,104.115440,3.454681
2020-10-19,1.06680000,3910.3100,107.248417,103.810141,3.438276
2020-10-20,1.06370000,3899.0700,106.936765,103.511743,3.425021
2020-10-21,1.06950000,3920.5100,107.519855,104.080928,3.438927
2020-10-22,1.06710000,3911.6000,107.278576,103.844387,3.434189
2020-10-23,1.06850000,3916.8700,107.419322,103.984294,3.435028
2020-10-26,1.06180000,3892.1100,106.745752,103.326971,3.418782
2020-10-27,1.05840000,3879.4100,106.403941,102.989814,3.414127
2020-10-28,1.05570000,3868.6900,106.132502,102.705221,3.427281
2020-10-29,1.05390000,3861.9400,105.951543,102.526023,3.425520
2020-10-30,1.04930000,3845.5400,105.489092,102.090640,3.398453
2020-11-02,1.05310000,3859.7000,105.871117,102.466556,3.404561
2020-11-03,1.06360000,3898.3700,106.926712,103.493160,3.433552
2020-11-04,1.06950000,3919.9800,107.519855,104.066858,3.452997
2020-11-05,1.08050000,3960.5900,108.625716,105.144964,3.480752
2020-11-06,1.08770000,3987.2900,109.349553,105.853791,3.495762
2020-11-09,1.09850000,4025.2900,110.435307,106.862607,3.572700
2020-11-10,1.09560000,4014.3900,110.143762,106.573236,3.570526
2020-11-11,1.10530000,4049.2400,111.118930,107.498427,3.620503
2020-11-12,1.09730000,4019.2200,110.314668,106.701462,3.613206
2020-11-13,1.08330000,3967.7900,108.907208,105.336108,3.571100
2020-11-16,1.09660000,4017.0900,110.244295,106.644915,3.599380
2020-11-17,1.09790000,4021.5700,110.374987,106.763849,3.611138
2020-11-18,1.10440000,4044.9900,111.028451,107.385599,3.642852
2020-11-19,1.10510000,4047.3300,111.098824,107.447721,3.651103
2020-11-20,1.10740000,4055.6700,111.330049,107.669129,3.660920
2020-11-23,1.12420000,4117.2300,113.019001,109.303412,3.715589
2020-11-24,1.12020000,4100.2800,112.616869,108.853427,3.763442
2020-11-25,1.11460000,4079.8200,112.053886,108.310259,3.743627
2020-11-26,1.12660000,4124.1400,113.260279,109.486858,3.773422
2020-11-27,1.14020000,4174.2900,114.627526,110.818230,3.809296
2020-11-30,1.13470000,4154.2700,114.074595,110.286743,3.787853
2020-12-01,1.14690000,4198.6000,115.301096,111.463607,3.837489
2020-12-02,1.14630000,4196.6700,115.240776,111.412370,3.828406
2020-12-03,1.13540000,4156.8100,114.144968,110.354174,3.790794
2020-12-04,1.12650000,4123.4100,113.250226,109.467478,3.782749
2020-12-07,1.10990000,4062.2500,111.581381,107.843814,3.737567
2020-12-08,1.10540000,4045.4400,111.128984,107.397545,3.731438
2020-12-09,1.09950000,4023.9700,110.535840,106.827564,3.708276
2020-12-10,1.09990000,4026.1700,110.576053,106.885969,3.690084
2020-12-11,1.09590000,4011.7900,110.173922,106.504212,3.669710
2020-12-14,1.08540000,3972.2800,109.118327,105.455308,3.663019
2020-12-15,1.08150000,3957.7000,108.726249,105.068241,3.658008
2020-12-16,1.08130000,3953.2100,108.706143,104.949041,3.757101
2020-12-17,1.09260000,3994.6900,109.842163,106.050244,3.791919
2020-12-18,1.09940000,4020.2800,110.525787,106.729603,3.796184
2020-12-21,1.09610000,4007.6100,110.194028,106.393242,3.800786
2020-12-22,1.07260000,3921.1300,107.831507,104.097388,3.734119
2020-12-23,1.08070000,3951.1400,108.645823,104.894088,3.751735
2020-12-24,1.07840000,3942.6100,108.414597,104.667635,3.746963
2020-12-25,1.08980000,3983.8900,109.560672,105.763528,3.797143
2020-12-28,1.09090000,3987.8700,109.671258,105.869188,3.802069
2020-12-29,1.08230000,3956.5800,108.806675,105.038508,3.768168
2020-12-30,1.08500000,3965.7600,109.078114,105.282216,3.795898
2020-12-31,1.09070000,3986.6000,109.651151,105.835473,3.815678
2021-01-04,1.08850000,3977.9800,109.429979,105.606631,3.823348
2021-01-05,1.08130000,3951.2400,108.706143,104.896742,3.809400
2021-01-06,1.09350000,3995.7500,109.932643,106.078385,3.854258
2021-01-07,1.09950000,4017.1400,110.535840,106.646243,3.889597
2021-01-08,1.10880000,4051.9700,111.470795,107.570903,3.899893
2021-01-11,1.09950000,4017.9800,110.535840,106.668543,3.867297
2021-01-12,1.10730000,4045.2200,111.319996,107.391705,3.928291
2021-01-13,1.11800000,4085.2000,112.395697,108.453086,3.942611
2021-01-14,1.11850000,4088.2300,112.445964,108.533526,3.912438
2021-01-15,1.12230000,4101.4700,112.827988,108.885019,3.942970
2021-01-18,1.12690000,4118.2100,113.290439,109.329429,3.961010
2021-01-19,1.13210000,4138.2300,113.813210,109.860916,3.952294
2021-01-20,1.13090000,4133.1400,113.692571,109.725788,3.966783
2021-01-21,1.13530000,4148.9600,114.134915,110.145774,3.989141
2021-01-22,1.12000000,4092.6000,112.596763,108.649540,3.947223
2021-01-25,1.11450000,4071.2700,112.043832,108.083275,3.960557
2021-01-26,1.11070000,4058.3000,111.661808,107.738950,3.922857
2021-01-27,1.11750000,4082.5300,112.345431,108.382203,3.963227
2021-01-28,1.10490000,4037.0800,111.078717,107.175606,3.903111
2021-01-29,1.09700000,4008.9700,110.284508,106.429347,3.855161
2021-02-01,1.10100000,4021.3600,110.686639,106.758274,3.928365
2021-02-02,1.09610000,4003.0100,110.194028,106.271122,3.922906
2021-02-03,1.08980000,3979.0300,109.560672,105.634506,3.926166
2021-02-04,1.08590000,3964.7400,109.168594,105.255138,3.913456
2021-02-05,1.09880000,4012.6300,110.465467,106.526512,3.938955
2021-02-08,1.10180000,4023.0800,110.767065,106.803937,3.963129
2021-02-09,1.10660000,4039.8900,111.249623,107.250205,3.999418
2021-02-10,1.11150000,4055.7500,111.742234,107.671253,4.070981
2021-02-18,1.13260000,4135.3200,113.863476,109.783662,4.079814
2021-02-19,1.15190000,4207.0400,115.803760,111.687670,4.116090
2021-02-22,1.16450000,4256.0400,117.070474,112.988513,4.081961
2021-02-23,1.15940000,4237.0100,116.557756,112.483308,4.074448
2021-02-24,1.14690000,4192.6800,115.301096,111.306444,3.994652
2021-02-25,1.16950000,4275.6800,117.573138,113.509912,4.063226
2021-02-26,1.14650000,4190.8500,115.260883,111.257861,4.003021
2021-03-01,1.15080000,4206.7100,115.693174,111.678910,4.014264
2021-03-02,1.14650000,4189.8600,115.260883,111.231579,4.029304
2021-03-03,1.16930000,4272.7200,117.553031,113.431330,4.121701
2021-03-04,1.16800000,4270.0900,117.422338,113.361509,4.060829
2021-03-05,1.16440000,4256.8600,117.060420,113.010282,4.050138
2021-03-08,1.16540000,4262.5700,117.160953,113.161870,3.999083
2021-03-09,1.16040000,4243.8700,116.658289,112.665426,3.992863
2021-03-10,1.15390000,4219.0900,116.004826,112.007571,3.997254
2021-03-11,1.17890000,4308.1200,118.518146,114.371122,4.147024
2021-03-12,1.20440000,4401.6200,121.081733,116.853342,4.228391
2021-03-15,1.21520000,4442.4300,122.167488,117.936758,4.230730
2021-03-16,1.21950000,4457.5500,122.599779,118.338161,4.261618
2021-03-17,1.20240000,4393.9000,120.880668,116.648393,4.232275
2021-03-18,1.20290000,4395.0400,120.930934,116.678657,4.252277
2021-03-19,1.19320000,4360.1300,119.955766,115.751874,4.203892
2021-03-22,1.21670000,4446.4300,122.318287,118.042949,4.275338
2021-03-23,1.20010000,4385.1100,120.649442,116.415038,4.234404
2021-03-24,1.18910000,4344.7000,119.543581,115.342241,4.201340
2021-03-25,1.18150000,4317.0500,118.779532,114.608194,4.171337
2021-03-26,1.18980000,4346.2200,119.613954,115.382594,4.231360
2021-03-29,1.20760000,4411.7300,121.403438,117.121740,4.281698
2021-03-30,1.20690000,4408.2700,121.333065,117.029885,4.303180
2021-03-31,1.21430000,4435.6300,122.077008,117.756233,4.320775
2021-04-01,1.21130000,4423.2600,121.775410,117.427836,4.347573
2021-04-02,1.20000000,4381.5400,120.639389,116.320262,4.319127
2021-04-06,1.20030000,4382.2800,120.669549,116.339907,4.329641
2021-04-07,1.20690000,4406.6000,121.333065,116.985550,4.347515
2021-04-08,1.19960000,4378.1900,120.599176,116.231327,4.367849
2021-04-09,1.19850000,4374.4700,120.488590,116.132569,4.356020
2021-04-12,1.20420000,4395.4100,121.061627,116.688480,4.373147
2021-04-13,1.18990000,4342.3700,119.624007,115.280385,4.343623
2021-04-14,1.18910000,4339.2500,119.543581,115.197555,4.346026
2021-04-15,1.18440000,4322.0900,119.071077,114.741995,4.329082
2021-04-16,1.19730000,4369.5200,120.367950,116.001157,4.366793
2021-04-19,1.19830000,4371.5300,120.468483,116.054519,4.413964
2021-04-20,1.19480000,4358.6100,120.116618,115.711521,4.405097
2021-04-21,1.19120000,4344.4900,119.754700,115.336666,4.418034
2021-04-22,1.18850000,4334.4800,119.483261,115.070922,4.412339
2021-04-23,1.18190000,4309.6000,118.819745,114.410413,4.409332
2021-04-26,1.17410000,4281.8500,118.035589,113.673712,4.361877
2021-04-27,1.16970000,4265.6400,117.593244,113.243372,4.349873
2021-04-28,1.17510000,4282.9100,118.136121,113.701852,4.434269
2021-04-29,1.18640000,4323.2000,119.272142,114.771463,4.500679
2021-04-30,1.17310000,4275.2500,117.935056,113.498496,4.436560
2021-05-06,1.18530000,4319.7200,119.161556,114.679077,4.482479
2021-05-07,1.19450000,4354.4200,120.086458,115.600286,4.486173
2021-05-10,1.20420000,4390.0500,121.061627,116.546184,4.515443
2021-05-11,1.20460000,4390.5700,121.101840,116.559989,4.541851
2021-05-12,1.20670000,4396.9000,121.312959,116.728036,4.584922
2021-05-13,1.19450000,4350.9100,120.086458,115.507103,4.579355
2021-05-14,1.19870000,4364.6200,120.508696,115.871073,4.637623
2021-05-17,1.20230000,4374.1500,120.870614,116.124074,4.746540
2021-05-18,1.20950000,4399.8400,121.594451,116.806087,4.788364
2021-05-19,1.19620000,4348.8100,120.257364,115.451352,4.806012
2021-05-20,1.19030000,4321.4100,119.664220,114.723943,4.940278
2021-05-21,1.19080000,4320.5400,119.714487,114.700846,5.013641
2021-05-24,1.18960000,4315.8800,119.593847,114.577133,5.016714
2021-05-25,1.20290000,4361.2900,120.930934,115.782669,5.148265
2021-05-26,1.20690000,4375.8600,121.333065,116.169471,5.163595
2021-05-27,1.20730000,4376.6000,121.373278,116.189116,5.184162
2021-05-28,1.20180000,4356.5000,120.820348,115.655505,5.164843
2021-05-31,1.19960000,4347.4000,120.599176,115.413920,5.185256
2021-06-01,1.19980000,4348.0000,120.619282,115.429849,5.189433
2021-06-02,1.20400000,4364.7300,121.041520,115.873994,5.167527
2021-06-03,1.21090000,4389.0600,121.735197,116.519902,5.215295
2021-06-04,1.20780000,4377.1600,121.423545,116.203983,5.219562
2021-06-07,1.20230000,4355.6200,120.870614,115.632143,5.238471
2021-06-08,1.20760000,4373.1300,121.403438,116.096995,5.306443
2021-06-09,1.21470000,4396.1900,122.117221,116.709187,5.408034
2021-06-10,1.21170000,4384.6500,121.815623,116.402826,5.412797
2021-06-11,1.21360000,4389.2500,122.006635,116.524946,5.481690
2021-06-15,1.20130000,4343.8800,120.770081,115.320472,5.449610
2021-06-16,1.20420000,4353.8100,121.061627,115.584091,5.477535
2021-06-17,1.19840000,4332.2000,120.478536,115.010393,5.468143
2021-06-18,1.18650000,4287.7700,119.282196,113.830875,5.451321
2021-06-21,1.18570000,4281.7400,119.201769,113.670791,5.530978
2021-06-22,1.19350000,4308.4100,119.985925,114.378821,5.607104
2021-06-23,1.20310000,4338.1500,120.951041,115.168353,5.782688
2021-06-24,1.20800000,4355.8200,121.443651,115.637453,5.806199
2021-06-25,1.21770000,4387.4200,122.418820,116.476363,5.942457
2021-06-28,1.21400000,4371.2400,122.046848,116.046820,6.000029
2021-06-29,1.20310000,4331.2800,120.951041,114.985969,5.965071
2021-06-30,1.20740000,4345.6400,121.383332,115.367196,6.016136
2021-07-01,1.21300000,4363.5400,121.946315,115.842402,6.103914
2021-07-02,1.20400000,4332.9600,121.041520,115.030570,6.010950
2021-07-05,1.20370000,4329.0200,121.011360,114.925971,6.085389
2021-07-06,1.21440000,4368.7000,122.087061,115.979388,6.107673
2021-07-07,1.20780000,4342.7800,121.423545,115.291269,6.132276
2021-07-08,1.19580000,4294.8100,120.217151,114.017771,6.199380
2021-07-09,1.19690000,4292.5900,120.327737,113.958835,6.368902
2021-07-12,1.18920000,4263.2300,119.553634,113.179391,6.374243
2021-07-13,1.20150000,4305.7800,120.790188,114.309001,6.481187
2021-07-14,1.19200000,4272.3100,119.835126,113.420446,6.414681
2021-07-15,1.20290000,4311.1200,120.930934,114.450766,6.480168
2021-07-16,1.19890000,4297.4500,120.528803,114.087857,6.440945
2021-07-19,1.19140000,4269.8400,119.774806,113.354872,6.419934
2021-07-20,1.18490000,4245.9100,119.121343,112.719584,6.401760
2021-07-21,1.17950000,4225.3400,118.578466,112.173495,6.404971
2021-07-22,1.19010000,4257.4800,119.644114,113.026742,6.617372
2021-07-23,1.18460000,4237.7000,119.091183,112.501626,6.589557
2021-07-26,1.16340000,4163.2000,116.959887,110.523815,6.436073
2021-07-27,1.14080000,4081.6800,114.687846,108.359638,6.328208
2021-07-28,1.14090000,4081.7300,114.697899,108.360965,6.336934
2021-07-29,1.13410000,4054.6400,114.014276,107.641785,6.372490
2021-07-30,1.13840000,4072.5200,114.446567,108.116460,6.330107
2021-08-02,1.15040000,4118.1000,115.652961,109.326509,6.326452
2021-08-03,1.15130000,4121.8800,115.743440,109.426859,6.316581
2021-08-04,1.14880000,4106.8500,115.492108,109.027846,6.464262
2021-08-05,1.15330000,4123.1400,115.944506,109.460310,6.484196
2021-08-06,1.15130000,4118.0600,115.743440,109.325447,6.417993
2021-08-09,1.16930000,4183.0000,117.553031,111.049461,6.503570
2021-08-10,1.17350000,4196.7000,117.975269,111.413166,6.562103
2021-08-11,1.18710000,4242.3500,119.342515,112.625073,6.717442
2021-08-12,1.18170000,4223.3900,118.799638,112.121727,6.677911
2021-08-13,1.17740000,4208.4100,118.367347,111.724041,6.643306
2021-08-16,1.18830000,4245.1200,119.463155,112.698611,6.764544
2021-08-17,1.18370000,4226.9800,119.000704,112.217034,6.783670
2021-08-18,1.19850000,4277.0400,120.488590,113.546017,6.942573
2021-08-19,1.18620000,4233.0400,119.252036,112.377913,6.874123
2021-08-20,1.18400000,4227.4500,119.030864,112.229511,6.801353
2021-08-23,1.19170000,4252.1400,119.804966,112.884976,6.919990
2021-08-24,1.19560000,4264.6500,120.197044,113.217089,6.979955
2021-08-25,1.19700000,4269.6900,120.337790,113.350890,6.986900
2021-08-26,1.19120000,4251.2200,119.754700,112.860552,6.894148
2021-08-27,1.19180000,4253.6200,119.815020,112.924267,6.890753
2021-08-30,1.18420000,4226.2200,119.050970,112.196857,6.854113
2021-08-31,1.20340000,4295.2500,120.981200,114.029452,6.951748
2021-09-01,1.23210000,4398.7500,123.866492,116.777150,7.089343
2021-09-02,1.24960000,4462.9600,125.625817,118.481784,7.144033
2021-09-03,1.25720000,4490.4200,126.389866,119.210787,7.179079
2021-09-06,1.27070000,4538.4100,127.747059,120.484816,7.262243
2021-09-07,1.28130000,4576.2900,128.812707,121.490447,7.322261
2021-09-08,1.30200000,4653.5300,130.893737,123.540999,7.352738
2021-09-09,1.32200000,4728.0800,132.904393,125.520138,7.384255
2021-09-10,1.30810000,4673.5800,131.506987,124.073283,7.433704
2021-09-13,1.32960000,4750.1400,133.668443,126.105782,7.562660
2021-09-14,1.29840000,4638.3100,130.531819,123.136942,7.394877
2021-09-15,1.29050000,4610.8200,129.737609,122.407142,7.330467
2021-09-16,1.27630000,4558.3500,128.310043,121.014179,7.295864
2021-09-17,1.28480000,4585.9500,129.164572,121.746899,7.417674
2021-09-22,1.32360000,4729.3200,133.065246,125.553057,7.512189
2021-09-23,1.33950000,4783.9100,134.663718,127.002302,7.661416
2021-09-24,1.31100000,4679.9300,131.798532,124.241861,7.556671
2021-09-27,1.28820000,4596.4500,129.506384,122.025650,7.480733
2021-09-28,1.32170000,4717.2200,132.874233,125.231829,7.642405
2021-09-29,1.30210000,4649.0500,130.903790,123.422065,7.481725
2021-09-30,1.30890000,4672.9800,131.587413,124.057354,7.530059
2021-10-08,1.29970000,4638.4200,130.662511,123.139862,7.522650
2021-10-11,1.30270000,4649.1800,130.964110,123.425516,7.538594
2021-10-12,1.28380000,4582.1800,129.064039,121.646813,7.417226
2021-10-13,1.26730000,4520.6900,127.405248,120.014389,7.390859
2021-10-14,1.25450000,4475.1400,126.118428,118.805136,7.313291
2021-10-15,1.25740000,4483.2400,126.409973,119.020174,7.389799
2021-10-18,1.26630000,4517.8900,127.304715,119.940055,7.364660
2021-10-19,1.26760000,4521.3700,127.435408,120.032441,7.402966
2021-10-20,1.26910000,4527.3600,127.586207,120.191463,7.394744
2021-10-21,1.27940000,4565.1000,128.621695,121.193377,7.428318
2021-10-22,1.26670000,4518.0600,127.344928,119.944568,7.400360
2021-10-25,1.26710000,4519.1900,127.385141,119.974567,7.410574
2021-10-26,1.25910000,4490.9500,126.580879,119.224857,7.356021
2021-10-27,1.25510000,4478.4700,126.178747,118.893541,7.285207
2021-10-28,1.24030000,4425.2100,124.690862,117.479605,7.211257
2021-10-29,1.23330000,4398.5600,123.987132,116.772106,7.215026
2021-11-01,1.23230000,4394.4400,123.886599,116.662729,7.223870
2021-11-02,1.20910000,4311.7300,121.554237,114.466960,7.087278
2021-11-03,1.21730000,4342.0200,122.378607,115.271093,7.107514
2021-11-04,1.21570000,4335.1300,122.217754,115.088179,7.129576
2021-11-05,1.19380000,4255.9900,120.016085,112.987185,7.028900
2021-11-08,1.19200000,4250.1800,119.835126,112.832943,7.002184
2021-11-09,1.19060000,4244.4000,119.694380,112.679496,7.014884
2021-11-10,1.18870000,4238.6300,119.503368,112.526316,6.977052
2021-11-11,1.21350000,4326.8900,121.996582,114.869425,7.127157
2021-11-12,1.20830000,4306.8600,121.473811,114.337672,7.136139
2021-11-15,1.21070000,4317.3300,121.715090,114.615628,7.099462
2021-11-16,1.20301936,4289.8500,120.942934,113.886094,7.056840
2021-11-17,1.20375586,4292.2300,121.016976,113.949278,7.067698
2021-11-18,1.19996815,4278.2400,120.636187,113.577874,7.058313
2021-11-19,1.21806500,4342.7200,122.455514,115.289676,7.165837
2021-11-22,1.20733315,4303.0500,121.376611,114.236525,7.140086
2021-11-23,1.21511900,4331.1500,122.159344,114.982518,7.176826
2021-11-24,1.22132664,4353.4000,122.783416,115.573207,7.210209
2021-11-25,1.22059014,4351.2800,122.709373,115.516926,7.192448
2021-11-26,1.20933222,4307.9700,121.577583,114.367140,7.210443
2021-11-29,1.20933222,4307.7000,121.577583,114.359972,7.217610
2021-11-30,1.20501843,4292.5300,121.143906,113.957242,7.186664
2021-12-01,1.22237878,4355.9800,122.889191,115.641700,7.247490
2021-12-02,1.22921770,4381.2400,123.576727,116.312298,7.264429
2021-12-03,1.25183876,4462.8700,125.850886,118.479395,7.371491
2021-12-06,1.25236483,4465.7500,125.903773,118.555853,7.347920
2021-12-07,1.26930432,4528.1800,127.606748,120.213232,7.393516
2021-12-08,1.26583225,4513.6700,127.257691,119.828023,7.429667
2021-12-09,1.27940488,4561.3300,128.622186,121.093292,7.528894
2021-12-10,1.26562182,4510.4300,127.236536,119.742008,7.494527
2021-12-13,1.26751568,4517.7500,127.426930,119.936338,7.490592
2021-12-14,1.25457433,4470.3500,126.125900,118.677972,7.447928
2021-12-15,1.26604268,4512.1000,127.278846,119.786343,7.492502
2021-12-16,1.27940488,4560.0400,128.622186,121.059045,7.563141
2021-12-17,1.27424939,4543.1900,128.103889,120.611714,7.492175
2021-12-20,1.26919910,4526.2100,127.596170,120.160933,7.435237
2021-12-21,1.28613859,4586.8000,129.299145,121.769464,7.529681
2021-12-22,1.28056224,4566.9200,128.738538,121.241694,7.496844
2021-12-23,1.29424009,4615.3500,130.113611,122.527404,7.586207
2021-12-24,1.29255666,4609.6000,129.944371,122.374754,7.569617
2021-12-27,1.29886951,4632.3300,130.579020,122.978186,7.600835
2021-12-28,1.28961066,4597.3700,129.648202,122.050074,7.598127
2021-12-29,1.27929967,4560.9900,128.611609,121.084265,7.527343
2021-12-30,1.28782202,4591.3000,129.468385,121.888929,7.579455
2021-12-31,1.30118423,4641.8900,130.811725,123.231983,7.579742
2022-01-04,1.29971123,4637.7200,130.663640,123.121278,7.542362
2022-01-05,1.30044773,4641.7600,130.737682,123.228531,7.509151
2022-01-06,1.29644959,4628.4100,130.335738,122.874118,7.461620
2022-01-07,1.31223172,4686.0600,131.922360,124.404599,7.517761
2022-01-10,1.31559857,4698.7800,132.260840,124.742287,7.518553
2022-01-11,1.31665072,4702.9500,132.366615,124.852992,7.513623
2022-01-12,1.31012744,4677.8700,131.710811,124.187173,7.523638
2022-01-13,1.30518237,4661.1600,131.213669,123.743559,7.470110
2022-01-14,1.27972053,4569.6000,128.653918,121.312842,7.341076
2022-01-17,1.28108831,4574.3900,128.791426,121.440006,7.351420
2022-01-18,1.31286301,4688.7400,131.985825,124.475747,7.510078
2022-01-19,1.31949150,4712.6400,132.652207,125.110240,7.541967
2022-01-20,1.32538350,4733.9500,133.244546,125.675973,7.568572
2022-01-21,1.31296822,4689.7700,131.996403,124.503091,7.493311
2022-01-24,1.31528293,4698.9700,132.229107,124.747331,7.481776
2022-01-25,1.28519167,4590.8300,129.203948,121.876452,7.327496
2022-01-26,1.29224102,4614.4100,129.912639,122.502449,7.410190
2022-01-27,1.28624381,4594.0500,129.309722,121.961936,7.347787
2022-01-28,1.27298682,4544.2200,127.976960,120.639059,7.337901
2022-02-07,1.30791794,4670.6700,131.488684,123.996028,7.492655
2022-02-08,1.33127549,4755.2000,133.836885,126.240114,7.596771
2022-02-09,1.32990771,4750.1600,133.699378,126.106313,7.593064
2022-02-10,1.34516377,4805.4500,135.233112,127.574141,7.658971
2022-02-11,1.34853062,4817.5000,135.571592,127.894042,7.677550
2022-02-14,1.32506785,4733.8500,133.212813,125.673319,7.539495
2022-02-15,1.31454643,4695.4800,132.155065,124.654679,7.500386
2022-02-16,1.32380528,4728.3900,133.085884,125.528368,7.557516
2022-02-17,1.31770286,4706.1500,132.472390,124.937945,7.534445
2022-02-18,1.33285371,4760.9400,133.995547,126.392499,7.603048
2022-02-21,1.32853992,4745.6400,133.561870,125.986317,7.575553
2022-02-22,1.32012279,4715.9100,132.715672,125.197051,7.518621
2022-02-23,1.31160043,4684.5000,131.858896,124.363185,7.495711
2022-02-24,1.29255666,4616.5200,129.944371,122.558465,7.385906
2022-02-25,1.28971588,4606.1900,129.658779,122.284226,7.374553
2022-02-28,1.29034716,4608.2900,129.722244,122.339976,7.382268
2022-03-01,1.29623916,4629.0400,130.314583,122.890843,7.423740
2022-03-02,1.30107901,4646.6300,130.801147,123.357819,7.443328
2022-03-03,1.31843936,4709.5500,132.546432,125.028207,7.518225
2022-03-04,1.30770751,4671.4500,131.467529,124.016736,7.450793
2022-03-07,1.29455573,4625.4600,130.145343,122.795802,7.349541
2022-03-08,1.26351754,4514.2200,127.024986,119.842625,7.182362
2022-03-09,1.24257991,4439.5600,124.920067,117.860566,7.059502
2022-03-10,1.24931362,4463.4800,125.597026,118.495589,7.101437
2022-03-11,1.25362740,4478.8700,126.030703,118.904160,7.126543
2022-03-14,1.23321584,4406.7600,123.978671,116.989798,6.988874
2022-03-15,1.16808824,4173.9100,117.431210,110.808142,6.623068
2022-03-16,1.19975772,4286.1200,120.615032,113.787071,6.827961
2022-03-17,1.20659665,4310.1300,121.302568,114.424483,6.878085
2022-03-18,1.23142720,4399.2800,123.798854,116.791220,7.007634
2022-03-21,1.22174749,4365.1700,122.825726,115.885675,6.940051
2022-03-22,1.24142255,4435.2200,124.803715,117.745348,7.058367
2022-03-23,1.24499983,4447.7700,125.163349,118.078523,7.084826
2022-03-24,1.24415812,4444.8600,125.078729,118.001269,7.077460
2022-03-25,1.23952870,4428.5300,124.613320,117.567743,7.045577
2022-03-28,1.25646818,4489.6500,126.316295,119.190345,7.125950
2022-03-29,1.25352219,4479.4600,126.020125,118.919823,7.100302
2022-03-30,1.27330246,4550.0700,128.008692,120.794363,7.214329
2022-03-31,1.28329781,4585.9500,129.013553,121.746899,7.266654
2022-04-01,1.30255201,4654.7300,130.949232,123.572856,7.376376
2022-04-06,1.32612000,4740.2700,133.318588,125.843756,7.474833
2022-04-07,1.30581365,4667.2700,131.277134,123.905766,7.371368
2022-04-08,1.32159579,4724.8300,132.863756,125.433857,7.429899
2022-04-11,1.30171030,4654.3900,130.864612,123.563830,7.300782
2022-04-12,1.30528758,4666.6900,131.224247,123.890368,7.333878
2022-04-13,1.29718609,4637.3300,130.409781,123.110925,7.298856
2022-04-14,1.30665537,4671.1100,131.361754,124.007709,7.354044
2022-04-15,1.30686579,4672.6500,131.382909,124.048593,7.334316
2022-04-18,1.29066281,4615.1900,129.753977,122.523156,7.230820
2022-04-19,1.29855387,4644.3800,130.547288,123.298087,7.249201
2022-04-20,1.27435460,4556.8100,128.114467,120.973296,7.141171
2022-04-21,1.25688904,4494.4500,126.358605,119.317775,7.040830
2022-04-22,1.27835274,4571.9000,128.516411,121.373902,7.142509
2022-04-25,1.23247934,4408.3400,123.904629,117.031743,6.872886
2022-04-26,1.22606128,4385.6500,123.259402,116.429374,6.830029
2022-04-27,1.23447841,4415.7000,124.105601,117.227135,6.878466
2022-04-28,1.24931362,4468.7500,125.597026,118.635496,6.961530
2022-04-29,1.26583225,4528.0900,127.257691,120.210843,7.046848
2022-05-05,1.27351289,4556.4700,128.029847,120.964269,7.065578
2022-05-06,1.24163298,4442.2500,124.824870,117.931979,6.892891
2022-05-09,1.24331641,4449.1700,124.994110,118.115690,6.878420
2022-05-10,1.25015533,4473.3600,125.681646,118.757881,6.923764
2022-05-11,1.24331641,4448.3200,124.994110,118.093124,6.900985
2022-05-12,1.23784527,4428.9400,124.444080,117.578628,6.865452
2022-05-13,1.25783597,4500.8600,126.453802,119.487946,6.965856
2022-05-16,1.25341697,4485.5200,126.009548,119.080703,6.928845
2022-05-17,1.25099705,4476.4800,125.766266,118.840711,6.925555
2022-05-18,1.24215905,4444.6900,124.877757,117.996756,6.881001
2022-05-19,1.24573633,4457.4400,125.237392,118.335240,6.902151
2022-05-20,1.25373261,4485.8300,126.041280,119.088932,6.952348
2022-05-23,1.24384248,4450.8400,125.046997,118.160025,6.886972
2022-05-24,1.22469349,4382.3100,123.121895,116.340704,6.781191
2022-05-25,1.23868698,4432.4100,124.528700,117.670749,6.857951
2022-05-26,1.24878755,4468.8400,125.544139,118.637885,6.906253
2022-05-27,1.24983969,4472.7600,125.649913,118.741953,6.907961
2022-05-30,1.24647283,4460.6800,125.311434,118.421255,6.890179
2022-05-31,1.24847190,4467.7300,125.512406,118.608417,6.903989
2022-06-01,1.24794583,4465.8300,125.459519,118.557976,6.901542
2022-06-02,1.24331641,4449.0100,124.994110,118.111442,6.882667
2022-06-06,1.23731920,4427.4200,124.391193,117.538275,6.852918
2022-06-07,1.24131734,4441.8100,124.793137,117.920298,6.872839
2022-06-08,1.24647283,4458.4900,125.311434,118.363116,6.948318
2022-06-09,1.24773540,4463.1600,125.438364,118.487094,6.951270
2022-06-10,1.25510040,4489.3100,126.178788,119.181319,6.997469
2022-06-13,1.23973912,4434.8000,124.634475,117.734198,6.900277
2022-06-14,1.26120282,4511.8100,126.792282,119.778644,7.013637
2022-06-15,1.27298682,4554.0000,127.976960,120.898696,7.078263
2022-06-16,1.25583690,4492.5400,126.252830,119.267068,6.985762
2022-06-17,1.25983504,4506.6100,126.654774,119.640596,7.014178
2022-06-20,1.25604733,4493.3200,126.273985,119.287776,6.986209
2022-06-21,1.25930897,4504.7900,126.601887,119.592279,7.009608
2022-06-22,1.24363205,4448.7200,125.025842,118.103744,6.922098
2022-06-23,1.25478476,4488.7300,126.147055,119.165921,6.981134
2022-06-24,1.25299612,4482.0100,125.967238,118.987520,6.979718
2022-06-27,1.25404826,4485.5500,126.073013,119.081499,6.991514
2022-06-28,1.26193932,4514.0900,126.866324,119.839173,7.027150
2022-06-29,1.26467489,4523.6300,127.141338,120.092439,7.048899
2022-06-30,1.26709482,4533.0700,127.384621,120.343051,7.041570
2022-07-01,1.26856782,4538.3300,127.532705,120.482692,7.050013
2022-07-04,1.27067210,4546.7200,127.744255,120.705428,7.038827
2022-07-05,1.27088253,4547.4100,127.765410,120.723746,7.041664
2022-07-06,1.25615254,4494.5800,126.284562,119.321226,6.963337
2022-07-07,1.25394304,4486.9100,126.062435,119.117604,6.944831
2022-07-08,1.26236018,4517.1600,126.908634,119.920675,6.987959
2022-07-11,1.26172890,4515.3900,126.845169,119.873686,6.971483
2022-07-12,1.27035646,4546.8100,127.712522,120.707818,7.004705
2022-07-13,1.26667396,4533.8000,127.342311,120.362431,6.979880
2022-07-14,1.24878755,4469.8600,125.544139,118.664964,6.879175
2022-07-15,1.22616649,4389.0800,123.269980,116.520433,6.749547
2022-07-18,1.24752498,4466.0500,125.417209,118.563817,6.853392
2022-07-19,1.24878755,4470.6500,125.544139,118.685937,6.858202
2022-07-20,1.25057619,4477.4400,125.723956,118.866196,6.857759
2022-07-21,1.23679313,4428.2400,124.338306,117.560044,6.778261
2022-07-22,1.23805570,4433.2600,124.465235,117.693314,6.771921
2022-07-25,1.23752963,4431.5100,124.412348,117.646856,6.765492
2022-07-26,1.24878755,4471.9200,125.544139,118.719653,6.824486
2022-07-27,1.24142255,4445.0900,124.803715,118.007375,6.796340
2022-07-28,1.24131734,4444.7700,124.793137,117.998880,6.794258
2022-07-29,1.23247934,4414.6000,123.904629,117.197932,6.706696
2022-08-01,1.22806035,4401.1500,123.460375,116.840865,6.619510
2022-08-02,1.20554450,4320.7800,121.196793,114.707218,6.489576
2022-08-03,1.19670651,4289.1100,120.308285,113.866449,6.441836
2022-08-04,1.20428193,4316.2100,121.069864,114.585894,6.483969
2022-08-05,1.21848585,4367.0400,122.497824,115.935319,6.562505
2022-08-08,1.21848585,4367.3400,122.497824,115.943283,6.554540
2022-08-09,1.21774935,4364.4400,122.423781,115.866295,6.557487
2022-08-10,1.21385643,4350.9700,122.032414,115.508696,6.523719
2022-08-11,1.22984899,4407.7800,123.640192,117.016876,6.623315
2022-08-12,1.23595141,4429.9500,124.253686,117.605441,6.648245
2022-08-15,1.22932292,4406.0800,123.587304,116.971745,6.615559
2022-08-16,1.22858642,4403.3700,123.513262,116.899801,6.613461
2022-08-17,1.23637227,4430.9900,124.295996,117.633051,6.662945
2022-08-18,1.22416742,4386.6900,123.069008,116.456983,6.612024
2022-08-19,1.22879685,4403.7400,123.534417,116.909623,6.624794
2022-08-22,1.23468884,4423.4300,124.126756,117.432350,6.694406
2022-08-23,1.22995420,4406.5200,123.650769,116.983426,6.667343
2022-08-24,1.22027449,4372.3100,122.677641,116.075226,6.602415
2022-08-25,1.23458363,4423.8100,124.116178,117.442438,6.673741
2022-08-26,1.23321584,4418.1800,123.978671,117.292974,6.685698
2022-08-29,1.23384713,4420.8100,124.042136,117.362794,6.679342
2022-08-30,1.23942348,4441.0700,124.602743,117.900653,6.702090
2022-08-31,1.24289555,4453.4300,124.951800,118.228784,6.723016
2022-09-01,1.24194862,4450.3200,124.856602,118.146220,6.710382
2022-09-02,1.24363205,4455.7100,125.025842,118.289313,6.736529
2022-09-05,1.25310133,4490.3600,125.977815,119.209194,6.768621
2022-09-06,1.26004547,4515.0800,126.675929,119.865456,6.810473
2022-09-07,1.25552126,4498.2600,126.221097,119.418922,6.802176
2022-09-08,1.25752033,4505.5600,126.422070,119.612721,6.809349
2022-09-09,1.26951475,4548.9200,127.627903,120.763833,6.864069
2022-09-13,1.26919910,4547.7000,127.596170,120.731445,6.864725
2022-09-14,1.25909854,4511.6400,126.580732,119.774131,6.806601
2022-09-15,1.26309668,4526.4000,126.982676,120.165977,6.816699
2022-09-16,1.23195327,4414.8400,123.851741,117.204304,6.647437
2022-09-19,1.23153242,4413.5300,123.809431,117.169526,6.639905
2022-09-20,1.22742906,4398.5800,123.396910,116.772637,6.624273
2022-09-21,1.23574098,4428.9500,124.232531,117.578893,6.653637
2022-09-22,1.23037506,4409.9900,123.693079,117.075547,6.617532
2022-09-23,1.23300541,4420.0300,123.957516,117.342087,6.615429
2022-09-26,1.20796443,4329.4100,121.440075,114.936325,6.503750
2022-09-27,1.21743371,4362.0700,122.392049,115.803376,6.588673
2022-09-28,1.20870093,4330.8900,121.514118,114.975616,6.538502
2022-09-29,1.19807429,4292.8300,120.445792,113.965206,6.480586
2022-09-30,1.20575493,4320.5600,121.217948,114.701377,6.516571
2022-10-10,1.20491322,4318.0800,121.133328,114.635538,6.497790
2022-10-11,1.20428193,4315.8800,121.069864,114.577133,6.492730
2022-10-12,1.21722328,4363.3500,122.370894,115.837358,6.533536
2022-10-13,1.20933222,4335.1100,121.577583,115.087648,6.489935
2022-10-14,1.21995885,4373.2900,122.645908,116.101243,6.544666
2022-10-17,1.22248399,4382.3400,122.899768,116.341500,6.558268
2022-10-18,1.22227356,4381.9200,122.878613,116.330350,6.548263
2022-10-19,1.21133129,4342.8100,121.778555,115.292066,6.486489
2022-10-20,1.20617579,4324.5500,121.260258,114.807303,6.452955
2022-10-21,1.20964786,4337.4200,121.609315,115.148973,6.460342
2022-10-24,1.18881544,4263.0600,119.514974,113.174878,6.340095
2022-10-25,1.18534337,4250.6000,119.165917,112.844093,6.321824
2022-10-26,1.18597466,4253.0700,119.229382,112.909666,6.319716
2022-10-27,1.19144580,4273.0700,119.779411,113.440622,6.338789
2022-10-28,1.17271767,4203.6800,117.896619,111.598470,6.298149
2022-10-31,1.15640946,4145.0400,116.257109,110.041707,6.215402
2022-11-01,1.17450631,4209.6900,118.076436,111.758022,6.318414
2022-11-02,1.17955659,4227.8700,118.584155,112.240661,6.343494
2022-11-03,1.17440109,4209.3900,118.065859,111.750058,6.315801
2022-11-04,1.19123537,4269.8400,119.758256,113.354872,6.403383
2022-11-07,1.19312923,4277.0300,119.948650,113.545751,6.402899
2022-11-08,1.19186666,4272.5700,119.821721,113.427348,6.394373
2022-11-09,1.18965716,4264.6100,119.599593,113.216027,6.383566
2022-11-10,1.18955194,4263.4400,119.589016,113.184967,6.404050
2022-11-11,1.21080521,4339.8900,121.725667,115.214546,6.511121
2022-11-14,1.21680242,4361.6400,122.328584,115.791961,6.536623
2022-11-15,1.22669256,4396.7000,123.322867,116.722727,6.600141
2022-11-16,1.22311528,4384.1300,122.963233,116.389021,6.574212
2022-11-17,1.22532478,4392.0400,123.185360,116.599014,6.586346
2022-11-18,1.21985364,4372.5700,122.635331,116.082128,6.553203
2022-11-21,1.21280428,4347.3600,121.926640,115.412858,6.513781
2022-11-22,1.23163763,4415.4800,123.820009,117.221295,6.598714
2022-11-23,1.24089648,4448.8400,124.750827,118.106929,6.643898
2022-11-24,1.23626705,4432.2400,124.285418,117.666236,6.619182
2022-11-25,1.25836204,4511.7200,126.506690,119.776255,6.730434
2022-11-28,1.24678848,4470.4100,125.343166,118.679565,6.663601
2022-11-29,1.27435460,4569.1600,128.114467,121.301161,6.813306
2022-11-30,1.27572239,4574.2200,128.251974,121.435493,6.816481
2022-12-01,1.27109296,4557.5000,127.786565,120.991614,6.794951
2022-12-02,1.26888346,4550.0500,127.564438,120.793832,6.770605
2022-12-05,1.30676058,4686.5300,131.372331,124.417077,6.955255
2022-12-06,1.30476151,4679.3800,131.171359,124.227260,6.944099
2022-12-07,1.29886951,4658.2200,130.579020,123.665508,6.913512
2022-12-08,1.29844866,4656.2900,130.536710,123.614271,6.922439
2022-12-09,1.29729130,4651.3800,130.420358,123.483921,6.936437
2022-12-12,1.28592817,4610.0300,129.277990,122.386170,6.891820
2022-12-13,1.28801251,4617.6000,129.487534,122.587137,6.900398
2022-12-14,1.28219829,4596.4300,128.903015,122.025120,6.877896
2022-12-15,1.27056987,4555.4500,127.733977,120.937191,6.796786
2022-12-16,1.28735429,4615.8800,129.421363,122.541474,6.879888
2022-12-19,1.26508476,4536.3400,127.182544,120.429862,6.752682
2022-12-20,1.24873915,4477.5500,125.539273,118.869117,6.670156
2022-12-21,1.25038468,4484.0600,125.704703,119.041943,6.662760
2022-12-22,1.24819064,4476.1300,125.484130,118.831419,6.652711
2022-12-23,1.24424136,4460.6800,125.087098,118.421255,6.665843
2022-12-26,1.24204732,4453.3500,124.866525,118.226660,6.639865
2022-12-27,1.25378545,4495.1900,126.046592,119.337420,6.709172
2022-12-28,1.25301753,4492.4700,125.969391,119.265210,6.704181
2022-12-29,1.24226672,4453.6300,124.888582,118.234093,6.654489
2022-12-30,1.25224962,4489.2900,125.892190,119.180788,6.711402
2023-01-03,1.26047728,4520.7700,126.719340,120.016513,6.702827
2023-01-04,1.27035047,4556.6800,127.711920,120.969844,6.742075
2023-01-05,1.27243481,4563.8900,127.921464,121.161254,6.760210
2023-01-06,1.26892434,4551.0000,127.568547,120.819053,6.749494
2023-01-09,1.26925344,4552.5400,127.601633,120.859936,6.741697
2023-01-10,1.26365864,4532.6500,127.039171,120.331901,6.707271
2023-01-11,1.26596238,4540.7800,127.270773,120.547734,6.723039
2023-01-12,1.26519447,4538.2800,127.193573,120.481365,6.712208
2023-01-13,1.27791991,4584.2900,128.472897,121.702829,6.770068
2023-01-16,1.28614757,4613.7400,129.300047,122.484662,6.815385
2023-01-17,1.28450204,4608.1700,129.134617,122.336791,6.797827
2023-01-18,1.28889012,4623.8200,129.575764,122.752264,6.823500
2023-01-19,1.29294910,4638.4500,129.983824,123.140658,6.843166
2023-01-20,1.30271259,4673.8600,130.965375,124.080716,6.884659
2023-01-30,1.30040884,4666.2400,130.733773,123.878422,6.855352
2023-01-31,1.29667897,4652.6400,130.358799,123.517372,6.841427
2023-02-01,1.30534544,4683.1200,131.230063,124.326549,6.903515
2023-02-02,1.30194467,4670.6100,130.888175,123.994436,6.893739
2023-02-03,1.29316850,4639.3200,130.005882,123.163755,6.842127
2023-02-06,1.28548936,4613.8400,129.233875,122.487317,6.746558
2023-02-07,1.28856102,4627.9100,129.542678,122.860844,6.681833
2023-02-08,1.28230800,4605.6300,128.914044,122.269359,6.644685
2023-02-09,1.29174238,4639.1800,129.862509,123.160038,6.702471
2023-02-10,1.29591106,4651.5600,130.281598,123.488700,6.792898
2023-02-13,1.30490663,4683.9300,131.185949,124.348052,6.837896
2023-02-14,1.30688127,4691.5100,131.384465,124.549285,6.835180
2023-02-15,1.30666186,4691.1500,131.362407,124.539727,6.822680
2023-02-16,1.30084765,4671.3900,130.777888,124.015143,6.762745
2023-02-17,1.29338791,4646.1600,130.027939,123.345342,6.682597
2023-02-20,1.32585973,4763.5200,133.292423,126.460992,6.831431
2023-02-21,1.33430680,4795.8100,134.141630,127.318221,6.823410
2023-02-22,1.32487242,4762.1400,133.193165,126.424356,6.768809
2023-02-23,1.32388510,4758.8200,133.093907,126.336217,6.757690
2023-02-24,1.31829029,4741.0900,132.531446,125.865525,6.665921
2023-02-27,1.31390220,4725.3800,132.090299,125.448459,6.641840
2023-02-28,1.32750527,4774.5800,133.457853,126.754611,6.703243
2023-03-01,1.34571582,4839.9200,135.288611,128.489244,6.799367
2023-03-02,1.35690543,4880.5500,136.413535,129.567881,6.845654
2023-03-03,1.37412866,4942.9600,138.145035,131.224730,6.920305
2023-03-06,1.37083760,4931.6700,137.814175,130.925005,6.889170
2023-03-07,1.36348756,4905.3000,137.075255,130.224940,6.850315
2023-03-08,1.36633981,4916.2800,137.362000,130.516434,6.845566
2023-03-09,1.36842415,4923.8100,137.571545,130.716339,6.855205
2023-03-10,1.34812926,4850.3700,135.531242,128.766669,6.764573
2023-03-13,1.37423837,4944.9100,138.156064,131.276498,6.879566
2023-03-14,1.36655922,4917.9500,137.384057,130.560769,6.823288
2023-03-15,1.37950407,4965.0500,138.685440,131.811171,6.874269
2023-03-16,1.37665181,4954.5400,138.398694,131.532153,6.866541
2023-03-17,1.39508177,5021.4800,140.251510,133.309263,6.942246
2023-03-20,1.39135190,5008.0600,139.876535,132.952992,6.923543
2023-03-21,1.38696381,4991.9900,139.435389,132.526369,6.909020
2023-03-22,1.40034747,5040.5800,140.780886,133.816326,6.964559
2023-03-23,1.41252440,5084.5700,142.005067,134.984164,7.020903
2023-03-24,1.40155419,5045.3100,140.902201,133.941897,6.960303
2023-03-27,1.38476977,4985.0300,139.214815,132.341596,6.873220
2023-03-28,1.38531828,4987.2100,139.269959,132.399470,6.870489
2023-03-29,1.37862645,4962.5000,138.597210,131.743474,6.853736
2023-03-30,1.39475266,5020.7100,140.218424,133.288822,6.929602
2023-03-31,1.39859224,5034.6700,140.604427,133.659429,6.944998
2023-04-03,1.40660049,5063.8300,141.409519,134.433563,6.975957
2023-04-04,1.42843121,5141.9700,143.604223,136.508008,7.096215
2023-04-06,1.43106406,5151.7300,143.868911,136.767115,7.101797
2023-04-07,1.42645657,5135.0000,143.405707,136.322970,7.082737
2023-04-10,1.42700508,5135.5100,143.460851,136.336509,7.124341
2023-04-11,1.43161257,5152.6200,143.924055,136.790742,7.133312
2023-04-12,1.45037163,5220.0000,145.809956,138.579533,7.230423
2023-04-13,1.44247308,5192.1100,145.015892,137.839115,7.176777
2023-04-14,1.44850670,5213.5200,145.622469,138.407503,7.214965
2023-04-17,1.47264116,5300.4700,148.048775,140.715835,7.332940
2023-04-18,1.48295316,5337.8100,149.085469,141.707130,7.378339
2023-04-19,1.46913069,5287.9500,147.695857,140.383456,7.312401
2023-04-20,1.48569571,5347.8400,149.361186,141.973404,7.387781
2023-04-21,1.46770457,5283.1900,147.552485,140.257089,7.295396
2023-04-24,1.46715606,5281.4900,147.497341,140.211958,7.285384
2023-04-25,1.48108822,5332.0700,148.897982,141.554746,7.343236
2023-04-26,1.46605903,5278.0300,147.387055,140.120102,7.266953
2023-04-27,1.47318967,5303.6600,148.103918,140.800522,7.303395
2023-04-28,1.49063231,5366.6600,149.857475,142.473034,7.384441
2023-05-04,1.51202422,5444.6100,152.008065,144.542435,7.465629
2023-05-05,1.51202422,5444.7400,152.008065,144.545887,7.462178
2023-05-08,1.55535655,5601.2500,156.364387,148.700883,7.663503
2023-05-09,1.53637809,5532.9900,154.456428,146.888730,7.567698
2023-05-10,1.50237043,5410.2000,151.037542,143.628925,7.408617
2023-05-11,1.49392337,5380.2100,150.188335,142.832757,7.355578
2023-05-12,1.48415988,5345.3000,149.206784,141.905973,7.300811
2023-05-15,1.49030320,5367.3400,149.824389,142.491087,7.333303
2023-05-16,1.48064942,5332.7200,148.853867,141.572002,7.281865
2023-05-17,1.47648074,5317.6900,148.434778,141.172988,7.261790
2023-05-18,1.49205844,5374.2300,150.000848,142.674001,7.326847
2023-05-19,1.47307997,5304.1100,148.092889,140.812469,7.280420
2023-05-22,1.47286057,5303.3100,148.070832,140.791231,7.279601
2023-05-23,1.45168806,5227.4100,145.942300,138.776252,7.166048
2023-05-24,1.42272670,5122.5000,143.030733,135.991122,7.039610
2023-05-25,1.42733419,5139.4800,143.493937,136.441904,7.052033
2023-05-26,1.43852380,5179.7000,144.618860,137.509657,7.109204
2023-05-29,1.46331648,5269.6300,147.111338,139.897101,7.214238
2023-05-30,1.46803367,5286.9200,147.585571,140.356112,7.229459
2023-05-31,1.46781427,5286.4500,147.563513,140.343635,7.219879
2023-06-01,1.46156125,5264.1800,146.934880,139.752415,7.182464
2023-06-02,1.46682695,5282.9200,147.464255,140.249921,7.214334
2023-06-05,1.47439640,5310.3600,148.225233,140.978393,7.246841
2023-06-06,1.46364559,5270.8800,147.144424,139.930285,7.214139
2023-06-07,1.47362848,5307.1000,148.148033,140.891847,7.256186
2023-06-08,1.49436218,5382.6500,150.232450,142.897533,7.334917
2023-06-09,1.50313835,5414.2700,151.114743,143.736975,7.377768
2023-06-12,1.49172933,5373.1200,149.967762,142.644533,7.323229
2023-06-13,1.49183903,5373.8500,149.978791,142.663913,7.314878
2023-06-14,1.48975469,5366.1100,149.769246,142.458433,7.310813
2023-06-15,1.49249724,5376.2700,150.044963,142.728158,7.316804
2023-06-16,1.49534950,5386.5100,150.331708,143.000008,7.331700
2023-06-19,1.49052261,5368.6200,149.846447,142.525068,7.321379
2023-06-20,1.47779716,5323.3500,148.567122,141.323249,7.243873
2023-06-21,1.46858218,5290.0400,147.640714,140.438941,7.201773
2023-06-26,1.44664176,5211.5400,145.434981,138.354939,7.080043
2023-06-27,1.47055682,5296.1700,147.839230,140.601679,7.237551
2023-06-28,1.47648074,5317.3800,148.434778,141.164758,7.270020
2023-06-29,1.47735835,5320.1200,148.523007,141.237499,7.285508
2023-06-30,1.48745095,5355.2900,149.537644,142.171186,7.366459
2023-07-03,1.50467418,5417.6100,151.269144,143.825645,7.443500
2023-07-04,1.49534950,5383.9900,150.331708,142.933108,7.398600
2023-07-05,1.49348456,5377.7200,150.144221,142.766653,7.377568
2023-07-06,1.48821886,5358.9700,149.614845,142.268881,7.345963
2023-07-07,1.49216814,5373.4100,150.011877,142.652232,7.359645
2023-07-10,1.49326516,5376.9400,150.122163,142.745945,7.376218
2023-07-11,1.50226073,5409.2200,151.026514,143.602909,7.423605
2023-07-12,1.48920618,5362.3800,149.714103,142.359409,7.354693
2023-07-13,1.51937426,5470.9300,152.746985,145.241174,7.505812
2023-07-14,1.53571988,5530.2100,154.390256,146.814927,7.575329
2023-07-17,1.53067358,5512.4900,153.882937,146.344500,7.538437
2023-07-18,1.52650490,5496.7000,153.463848,145.925310,7.538538
2023-07-19,1.53034447,5511.2300,153.849851,146.311050,7.538801
2023-07-20,1.51487647,5455.3600,152.294810,144.827824,7.466986
2023-07-21,1.51509588,5456.4500,152.316867,144.856761,7.460106
2023-07-24,1.51794813,5467.1600,152.603613,145.141088,7.462524
2023-07-25,1.53857213,5541.1300,154.677001,147.104829,7.572172
2023-07-26,1.52924745,5507.2200,153.739565,146.204593,7.534972
2023-07-27,1.52595639,5495.0200,153.408705,145.880710,7.527995
2023-07-28,1.55261400,5590.1700,156.088670,148.406734,7.681937
2023-07-31,1.55930583,5614.1800,156.761419,149.044146,7.717272
2023-08-01,1.55809911,5611.6700,156.640103,148.977511,7.662592
2023-08-02,1.54219230,5554.7600,155.040947,147.466676,7.574271
2023-08-03,1.55041996,5583.7600,155.868097,148.236562,7.631535
2023-08-04,1.54877443,5577.4600,155.702667,148.069311,7.633356
2023-08-07,1.53934005,5543.9800,154.754202,147.180491,7.573711
2023-08-08,1.53747511,5537.1700,154.566715,146.999700,7.567015
2023-08-09,1.53681690,5532.5100,154.500543,146.875987,7.624555
2023-08-10,1.53802362,5537.3700,154.621858,147.005010,7.616848
2023-08-11,1.51290184,5445.9100,152.096294,144.576947,7.519347
2023-08-14,1.50807494,5429.1800,151.611033,144.132803,7.478230
2023-08-15,1.52310413,5480.4000,153.121960,145.492581,7.629378
2023-08-16,1.51959367,5467.5600,152.769042,145.151707,7.617335
2023-08-17,1.52134890,5472.7200,152.945501,145.288694,7.656807
2023-08-18,1.51805784,5459.7200,152.614641,144.943573,7.671069
2023-08-21,1.50489358,5411.5800,151.291202,143.665561,7.625640
2023-08-22,1.51366975,5443.5400,152.173495,144.514029,7.659465
2023-08-23,1.50829435,5423.1000,151.633090,143.971392,7.661698
2023-08-24,1.50105401,5397.0800,150.905198,143.280618,7.624580
2023-08-25,1.50774584,5421.0800,151.577947,143.917766,7.660181
2023-08-28,1.51827724,5457.4100,152.636699,144.882247,7.754451
2023-08-29,1.51037869,5428.2900,151.842635,144.109175,7.733460
2023-08-30,1.50280924,5400.5700,151.081657,143.373270,7.708387
2023-08-31,1.50226073,5398.9700,151.026514,143.330794,7.695720
2023-09-01,1.51860635,5457.8500,152.669785,144.893928,7.775856
2023-09-04,1.54285051,5545.2500,155.107119,147.214206,7.892913
2023-09-05,1.53264822,5506.3500,154.081453,146.181497,7.899957
2023-09-06,1.53012507,5495.9600,153.827794,145.905665,7.922129
2023-09-07,1.52420115,5475.1400,153.232246,145.352940,7.879307
2023-09-08,1.51586379,5443.1600,152.394068,144.503941,7.890127
2023-09-11,1.52716311,5483.2900,153.530020,145.569304,7.960716
2023-09-12,1.52826013,5487.3800,153.640307,145.677885,7.962422
2023-09-13,1.53023477,5495.0100,153.838823,145.880445,7.958378
2023-09-14,1.54087588,5533.4100,154.908603,146.899880,8.008723
2023-09-15,1.53297732,5504.5800,154.114539,146.134507,7.980032
2023-09-18,1.53626839,5516.5400,154.445399,146.452019,7.993380
2023-09-19,1.54701919,5555.3300,155.526208,147.481808,8.044400
2023-09-20,1.54921324,5563.2600,155.746782,147.692332,8.054449
2023-09-21,1.53703630,5519.3800,154.522600,146.527415,7.995185
2023-09-22,1.54515426,5548.2800,155.338721,147.294646,8.044075
2023-09-25,1.54658039,5553.5600,155.482094,147.434819,8.047275
2023-09-26,1.54087588,5533.4000,154.908603,146.899615,8.008988
2023-09-27,1.53144149,5499.0300,153.960138,145.987167,7.972971
2023-09-28,1.52858924,5487.8300,153.673393,145.689831,7.983561
2023-10-09,1.52606609,5479.5000,153.419734,145.468688,7.951045
2023-10-10,1.51410856,5436.7700,152.217609,144.334301,7.883309
2023-10-11,1.50675852,5410.0900,151.478689,143.626005,7.852684
2023-10-12,1.52156830,5463.4900,152.967558,145.043658,7.923901
2023-10-13,1.51926456,5455.6800,152.735956,144.836320,7.899637
2023-10-16,1.52101979,5462.6500,152.912415,145.021358,7.891057
2023-10-17,1.52891835,5490.0800,153.706479,145.749564,7.956915
2023-10-18,1.52310413,5469.5000,153.121960,145.203210,7.918750
2023-10-19,1.49019350,5351.7000,149.813361,142.075879,7.737482
2023-10-20,1.48174644,5321.3300,148.964154,141.269622,7.694532
2023-10-23,1.46704635,5268.8200,147.486313,139.875597,7.610716
2023-10-24,1.47132474,5283.8500,147.916431,140.274610,7.641820
2023-10-25,1.48196584,5322.1500,148.986211,141.291391,7.694820
2023-10-26,1.49502039,5369.0100,150.298622,142.535421,7.763201
2023-10-27,1.50193163,5394.0000,150.993428,143.198851,7.794577
2023-10-30,1.48043001,5316.6800,148.831810,141.146175,7.685635
2023-10-31,1.47867478,5310.2000,148.655351,140.974145,7.681206
2023-11-01,1.47615163,5300.8800,148.401692,140.726720,7.674972
2023-11-02,1.48032031,5316.0500,148.820781,141.129450,7.691331
2023-11-03,1.47670014,5302.4200,148.456835,140.767603,7.689232
2023-11-06,1.46825308,5272.6900,147.607628,139.978337,7.629291
2023-11-07,1.46781427,5271.1500,147.563513,139.937453,7.626060
2023-11-08,1.46134184,5248.2100,146.912822,139.328447,7.584376
2023-11-09,1.46649784,5267.2700,147.431170,139.834448,7.596722
2023-11-10,1.46013512,5244.9700,146.791507,139.242432,7.549075
2023-11-13,1.46024482,5245.0900,146.802536,139.245618,7.556918
2023-11-14,1.46068363,5246.7000,146.846650,139.288360,7.558291
2023-11-15,1.46880159,5275.9800,147.662771,140.065679,7.597092
2023-11-16,1.46660755,5268.3100,147.442198,139.862058,7.580141
2023-11-17,1.46353589,5256.7400,147.133396,139.554900,7.578496
2023-11-20,1.46737546,5270.4300,147.519399,139.918339,7.601060
2023-11-21,1.47154414,5285.8200,147.938488,140.326910,7.611578
2023-11-22,1.46562023,5264.8400,147.342940,139.769937,7.573003
2023-11-23,1.47275086,5290.3300,148.059803,140.446640,7.613163
2023-11-24,1.47286057,5290.9200,148.070832,140.462303,7.608529
2023-11-27,1.47055682,5283.3800,147.839230,140.262133,7.577097
2023-11-28,1.47110533,5284.4000,147.894373,140.289212,7.605162
2023-11-29,1.46145155,5249.1400,146.923851,139.353136,7.570715
2023-11-30,1.46956950,5278.4600,147.739972,140.131518,7.608454
2023-12-01,1.46902099,5276.0600,147.684829,140.067803,7.617026
2023-12-04,1.46693665,5268.9200,147.475284,139.878252,7.597032
2023-12-05,1.44960372,5206.3200,145.732755,138.216359,7.516396
2023-12-06,1.44313129,5182.5800,145.082064,137.586114,7.495950
2023-12-07,1.44631265,5194.5000,145.401895,137.902564,7.499331
2023-12-08,1.45092014,5210.0000,145.865099,138.314055,7.551044
2023-12-11,1.45245597,5215.8200,146.019501,138.468563,7.550937
2023-12-12,1.45870899,5238.1200,146.648134,139.060579,7.587555
2023-12-13,1.44697087,5195.8700,145.468067,137.938935,7.529133
2023-12-14,1.44400891,5185.1800,145.170294,137.655139,7.515155
2023-12-15,1.43402602,5148.7100,144.166685,136.686940,7.479745
2023-12-18,1.43292900,5145.5800,144.056399,136.603846,7.452553
2023-12-19,1.43256038,5144.3300,144.019341,136.570661,7.448680
2023-12-20,1.42555670,5118.9600,143.315241,135.897143,7.418097
2023-12-21,1.42789126,5127.2500,143.549941,136.117224,7.432716
2023-12-22,1.43108592,5137.8400,143.871109,136.398366,7.472743
2023-12-25,1.43428058,5149.3400,144.192278,136.703665,7.488612
2023-12-26,1.43636940,5153.8000,144.402272,136.822069,7.580204
2023-12-27,1.44460180,5183.5300,145.229899,137.611335,7.618564
2023-12-28,1.44718211,5191.9000,145.489304,137.833540,7.655764
2023-12-29,1.45135974,5206.2300,145.909293,138.213970,7.695323
2024-01-02,1.45738045,5229.4700,146.514572,138.830941,7.683631
2024-01-03,1.46831603,5268.9000,147.613957,139.877721,7.736236
2024-01-04,1.47065059,5277.5100,147.848657,140.106297,7.742359
2024-01-05,1.47519684,5293.9500,148.305704,140.542743,7.762961
2024-01-08,1.46315542,5251.3000,147.095146,139.410479,7.684667
2024-01-09,1.47126495,5280.4100,147.910420,140.183286,7.727134
2024-01-10,1.46954474,5274.4100,147.737483,140.023999,7.713484
2024-01-11,1.46524424,5258.7700,147.305141,139.608792,7.696349
2024-01-12,1.47445961,5292.0500,148.231588,140.492302,7.739286
2024-01-15,1.48306062,5323.3400,149.096273,141.322983,7.773289
2024-01-16,1.49387333,5361.9100,150.183304,142.346932,7.836372
2024-01-17,1.47703991,5302.0200,148.490994,140.756984,7.734010
2024-01-18,1.47224792,5284.6400,148.009241,140.295583,7.713658
2024-01-19,1.47003623,5276.5400,147.786894,140.080546,7.706348
2024-01-22,1.43808961,5162.1800,144.575209,137.044539,7.530670
2024-01-23,1.44632200,5191.7300,145.402835,137.829027,7.573809
2024-01-24,1.47826863,5306.6100,148.614520,140.878838,7.735681
2024-01-25,1.51218120,5428.3900,152.023846,144.111830,7.912016
2024-01-26,1.52815451,5485.8300,153.629689,145.636736,7.992953
2024-01-29,1.54203901,5535.8300,155.025536,146.964126,8.061410
2024-01-30,1.52741728,5483.4200,153.555573,145.572756,7.982817
2024-01-31,1.52889174,5491.1800,153.703804,145.778767,7.925038
2024-02-01,1.51906201,5459.5000,152.715594,144.937732,7.777862
2024-02-02,1.52065934,5465.7500,152.876178,145.103656,7.772522
2024-02-05,1.53675553,5523.8400,154.494373,146.645818,7.848555
2024-02-06,1.56243570,5616.1500,157.076073,149.096446,7.979628
2024-02-07,1.57988347,5678.7100,158.830147,150.757276,8.072871
2024-02-08,1.57177394,5648.1200,158.014873,149.945179,8.069694
2024-02-19,1.59548817,5734.4000,160.398931,152.235723,8.163208
2024-02-20,1.61207584,5794.0300,162.066537,153.818769,8.247768
2024-02-21,1.61637635,5809.6200,162.498879,154.232649,8.266230
2024-02-22,1.62301141,5833.3500,163.165921,154.862628,8.303292
2024-02-23,1.61895665,5818.7000,162.758284,154.473703,8.284581
2024-02-26,1.59167915,5721.0800,160.016000,151.882107,8.133893
2024-02-27,1.59831422,5745.0200,160.683042,152.517661,8.165381
2024-02-28,1.59413658,5729.5800,160.263052,152.107763,8.155289
2024-02-29,1.60888118,5783.1400,161.745368,153.529663,8.215705
2024-03-01,1.60851256,5781.5600,161.708310,153.487718,8.220593
2024-03-04,1.61023276,5787.7200,161.881247,153.651252,8.229995
2024-03-05,1.62682044,5847.8400,163.548852,155.247306,8.301546
2024-03-06,1.62153695,5828.7500,163.017689,154.740508,8.277181
2024-03-07,1.63148956,5864.8700,164.018252,155.699415,8.318837
2024-03-08,1.63935334,5892.9600,164.808821,156.445143,8.363678
2024-03-11,1.63038371,5861.0900,163.907079,155.599064,8.308014
2024-03-12,1.59806847,5744.7900,160.658336,152.511555,8.146782
2024-03-13,1.58995894,5715.6300,159.843063,151.737421,8.105642
2024-03-14,1.59499668,5733.6200,160.349521,152.215016,8.134505
2024-03-15,1.60298334,5762.5200,161.152442,152.982247,8.170194
2024-03-18,1.60236898,5760.4200,161.090679,152.926497,8.164181
2024-03-19,1.59278499,5726.0700,160.127173,152.014580,8.112593
2024-03-20,1.59548817,5735.6800,160.398931,152.269704,8.129227
2024-03-21,1.59389084,5730.3800,160.238347,152.129001,8.109346
2024-03-22,1.58848449,5710.8500,159.694831,151.610522,8.084309
2024-03-25,1.59438232,5732.7500,160.287757,152.191919,8.095838
2024-03-26,1.60052591,5754.8500,160.905389,152.778626,8.126763
2024-03-27,1.59720837,5742.7800,160.571868,152.458194,8.113674
2024-03-28,1.59081905,5719.2800,159.929531,151.834320,8.095211
2024-03-29,1.60802108,5781.4800,161.658900,153.485594,8.173306
2024-04-01,1.61748219,5815.7000,162.610052,154.394060,8.215993
2024-04-02,1.62682044,5849.4400,163.548852,155.289783,8.259070
2024-04-03,1.63075233,5863.7000,163.944137,155.668354,8.275782
2024-04-08,1.63222679,5869.2200,164.092368,155.814898,8.277470
2024-04-09,1.62092260,5828.9200,162.955926,154.745022,8.210904
2024-04-10,1.62338003,5838.0300,163.202979,154.986872,8.216107
2024-04-11,1.63615868,5883.9900,164.487652,156.207009,8.280643
2024-04-12,1.63148956,5867.2900,164.018252,155.763661,8.254592
2024-04-15,1.66466490,5986.3500,167.353463,158.924442,8.429021
2024-04-16,1.66503351,5988.0800,167.390521,158.970370,8.420151
2024-04-17,1.68973071,6076.7300,169.873400,161.323833,8.549567
2024-04-18,1.69071368,6080.3800,169.972221,161.420732,8.551489
2024-04-19,1.69906896,6110.8200,170.812200,162.228847,8.583353
2024-04-22,1.67781216,6034.4400,168.675195,160.201126,8.474069
2024-04-23,1.65090328,5937.9000,165.969968,157.638201,8.331767
2024-04-24,1.65643250,5957.8700,166.525837,158.168361,8.357476
2024-04-25,1.66306757,5981.6000,167.192879,158.798340,8.394539
2024-04-26,1.65876706,5966.4500,166.760537,158.396141,8.364396
2024-04-29,1.65176338,5941.3500,166.056437,157.729791,8.326646
2024-04-30,1.65778409,5963.1400,166.661716,158.308268,8.353448
2024-05-06,1.66970264,6006.6400,167.859921,159.463097,8.396824
2024-05-07,1.66441916,5987.7700,167.328758,158.962140,8.366618
2024-05-08,1.66454203,5988.3200,167.341111,158.976741,8.364369
2024-05-09,1.67904088,6040.2400,168.798721,160.355103,8.443618
2024-05-10,1.68887061,6075.5700,169.786932,161.293037,8.493894
2024-05-13,1.69980619,6115.3100,170.886316,162.348047,8.538269
2024-05-14,1.68899348,6076.7200,169.799284,161.323567,8.475717
2024-05-15,1.68211267,6052.0100,169.107537,160.667571,8.439966
2024-05-16,1.68235841,6053.0400,169.132242,160.694915,8.437327
2024-05-17,1.69513706,6099.0700,170.416916,161.916911,8.500005
2024-05-20,1.69599717,6102.0600,170.503384,161.996289,8.507096
2024-05-21,1.69894608,6113.2000,170.799848,162.292031,8.507816
2024-05-22,1.70152639,6122.3700,171.059253,162.535475,8.523778
2024-05-23,1.68469297,6062.1100,169.366942,160.935704,8.431238
2024-05-24,1.68334139,6057.1700,169.231063,160.804558,8.426506
2024-05-27,1.70435244,6133.0900,171.343363,162.820067,8.523296
2024-05-28,1.69747162,6108.4600,170.651616,162.166195,8.485421
2024-05-29,1.69562855,6102.1800,170.466327,161.999474,8.466852
2024-05-30,1.69304825,6092.6900,170.206921,161.747536,8.459386
2024-05-31,1.68727328,6072.3000,169.626348,161.206226,8.420122
2024-06-03,1.67965524,6044.8500,168.860484,160.477489,8.382996
2024-06-04,1.68874774,6077.7200,169.774579,161.350115,8.424464
2024-06-05,1.67265155,6020.0100,168.156384,159.818041,8.338343
2024-06-06,1.67609196,6032.2700,168.502258,160.143517,8.358741
2024-06-07,1.68751902,6073.8700,169.651053,161.247906,8.403147
2024-06-11,1.66282182,5985.3500,167.168174,158.897894,8.270279
2024-06-12,1.67412601,6025.1200,168.304616,159.953701,8.350915
2024-06-13,1.65864419,5970.0100,166.748184,158.490651,8.257533
2024-06-14,1.65716973,5964.7500,166.599953,158.351010,8.248943
2024-06-17,1.64168790,5909.1900,165.043521,156.876014,8.167507
2024-06-18,1.65250061,5948.0200,166.130553,157.906865,8.223688
2024-06-19,1.65250061,5948.1200,166.130553,157.909520,8.221033
2024-06-20,1.65188625,5945.7500,166.068789,157.846601,8.222188
2024-06-21,1.65237773,5947.5300,166.118200,157.893857,8.224343
2024-06-24,1.64402246,5918.0400,165.278221,157.110962,8.167259
2024-06-25,1.65016605,5940.4200,165.895853,157.705102,8.190751
2024-06-26,1.65692399,5964.3000,166.575247,158.339063,8.236184
2024-06-27,1.65692399,5964.4600,166.575247,158.343311,8.231936
2024-06-28,1.66908828,6008.5600,167.798158,159.514069,8.284089
2024-07-01,1.69194240,6091.0600,170.095748,161.704263,8.391485
2024-07-02,1.69833173,6113.9900,170.738084,162.313004,8.425081
2024-07-03,1.68813338,6077.4000,169.712816,161.341620,8.371196
2024-07-04,1.68297277,6058.8500,169.194005,160.849158,8.344847
2024-07-05,1.67375740,6026.1700,168.267558,159.981576,8.285982
2024-07-08,1.67203720,6020.0400,168.094621,159.818838,8.275783
2024-07-09,1.68948497,6082.9400,169.848695,161.488695,8.360000
2024-07-10,1.67596909,6034.1100,168.489905,160.192365,8.297540
2024-07-11,1.68469297,6065.9700,169.366942,161.038178,8.328764
2024-07-12,1.68592169,6070.3600,169.490469,161.154723,8.335745
2024-07-15,1.69771737,6113.2500,170.676321,162.293359,8.382963
2024-07-16,1.69439983,6101.1400,170.342800,161.971865,8.370936
2024-07-17,1.69415409,6100.3000,170.318095,161.949564,8.368530
2024-07-18,1.70398382,6135.7600,171.306306,162.890950,8.415356
2024-07-19,1.69722588,6114.4700,170.626911,162.325747,8.301164
2024-07-22,1.68039247,6052.8100,168.934600,160.688809,8.245791
2024-07-23,1.66751150,6006.6900,167.639640,159.464425,8.175215
2024-07-24,1.66814917,6009.1800,167.703747,159.530529,8.173218
2024-07-25,1.66062464,5982.1600,166.947285,158.813207,8.134078
2024-07-26,1.65769135,5972.3300,166.652393,158.552242,8.100151
2024-07-29,1.66457821,6006.0900,167.344748,159.448496,7.896252
2024-07-30,1.65424793,5966.5100,166.306216,158.397734,7.908482
2024-07-31,1.66853177,6005.0100,167.742211,159.419824,8.322387
2024-08-01,1.66496081,5991.0900,167.383212,159.050279,8.332933
2024-08-02,1.66024204,5974.6600,166.908821,158.614098,8.294722
2024-08-05,1.64519299,5921.1100,165.395897,157.192464,8.203434
2024-08-06,1.63524531,5885.1500,164.395829,156.237805,8.158024
2024-08-07,1.63856120,5897.5700,164.729185,156.567528,8.161657
2024-08-08,1.64901902,5935.1000,165.780539,157.563867,8.216671
2024-08-09,1.64366258,5916.0800,165.242041,157.058928,8.183112
2024-08-12,1.64532052,5922.3800,165.408719,157.226179,8.182539
2024-08-13,1.64787121,5932.0700,165.665146,157.483428,8.181719
2024-08-14,1.63715833,5893.6800,164.588150,156.464257,8.123892
2024-08-15,1.65437546,5955.5100,166.319037,158.105708,8.213329
2024-08-16,1.65603341,5960.7100,166.485715,158.243757,8.241959
2024-08-19,1.67286794,6021.9400,168.178138,159.869279,8.308860
2024-08-20,1.66317533,5987.2300,167.203713,158.947804,8.255908
2024-08-21,1.65590587,5960.6500,166.472894,158.242164,8.230730
2024-08-22,1.65769135,5967.3200,166.652393,158.419238,8.233156
2024-08-23,1.66712890,6001.2300,167.601176,159.319474,8.281702
2024-08-26,1.65998697,5975.8500,166.883178,158.645690,8.237488
2024-08-27,1.65960437,5975.0000,166.844714,158.623125,8.221589
2024-08-28,1.64646833,5927.2500,165.524111,157.355467,8.168644
2024-08-29,1.62261941,5841.5500,163.126512,155.080320,8.046191
2024-08-30,1.61841078,5826.1200,162.703406,154.670688,8.032718
2024-09-02,1.61624269,5819.7600,162.485442,154.501844,7.983599
2024-09-03,1.61024858,5798.3700,161.882837,153.933986,7.948851
2024-09-04,1.60540228,5781.3700,161.395624,153.482674,7.912951
2024-09-05,1.60565734,5782.4200,161.421267,153.510549,7.910718
2024-09-06,1.59583720,5747.0800,160.434020,152.572349,7.861671
2024-09-09,1.57543171,5673.9300,158.382598,150.630378,7.752221
2024-09-10,1.57951280,5689.0200,158.792883,151.030984,7.761899
2024-09-11,1.55834210,5612.5900,156.664532,149.001935,7.662597
2024-09-12,1.55719429,5609.0200,156.549140,148.907160,7.641980
2024-09-13,1.55553635,5603.3700,156.382462,148.757165,7.625297
2024-09-18,1.56765211,5647.6700,157.600494,149.933232,7.667261
2024-09-19,1.57390129,5670.3300,158.228742,150.534805,7.693936
2024-09-20,1.57594184,5677.9800,158.433884,150.737896,7.695988
2024-09-23,1.58869528,5727.8800,159.716023,152.062632,7.653391
2024-09-24,1.64621326,5936.0500,165.498468,157.589088,7.909381
2024-09-25,1.67057232,6023.9800,167.947353,159.923436,8.023917
2024-09-26,1.73408442,6252.3100,174.332404,165.985096,8.347308
2024-09-27,1.75321458,6321.1800,176.255612,167.813443,8.442169
2024-09-30,1.86251151,6715.2400,187.243541,178.274871,8.968671
2024-10-08,1.88814591,6809.0900,189.820640,180.766382,9.054258
2024-10-09,1.75729567,6337.5200,176.665897,168.247234,8.418662
2024-10-10,1.81149777,6533.5000,182.114986,173.450073,8.664913
2024-10-11,1.78280254,6430.5500,179.230174,170.716977,8.513198
2024-10-14,1.82361353,6578.1300,183.333018,174.634901,8.698117
2024-10-15,1.78535323,6440.1600,179.486602,170.972101,8.514501
2024-10-16,1.80996736,6527.8400,181.961130,173.299812,8.661317
2024-10-17,1.78535323,6438.1000,179.486602,170.917412,8.569190
2024-10-18,1.80091242,6494.2800,181.050811,172.408868,8.641943
2024-10-21,1.78458802,6435.7800,179.409674,170.855822,8.553852
2024-10-22,1.79632118,6478.4800,180.589241,171.989413,8.599829
2024-10-23,1.80116749,6496.0800,181.076454,172.456654,8.619800
2024-10-24,1.78701118,6444.6900,179.653280,171.092362,8.560918
2024-10-25,1.78624597,6441.6400,179.576352,171.011392,8.564960
2024-10-28,1.79096474,6458.8600,180.050743,171.468545,8.582198
2024-10-29,1.77413021,6398.1200,178.358320,169.856031,8.502289
2024-10-30,1.76124924,6351.8300,177.063360,168.627133,8.436226
2024-10-31,1.75665800,6335.6300,176.601790,168.197059,8.404731
2024-11-01,1.77310993,6395.4300,178.255749,169.784618,8.471131
2024-11-04,1.78637350,6443.4400,179.589173,171.059178,8.529995
2024-11-05,1.80703407,6518.2400,181.666238,173.044953,8.621284
2024-11-06,1.80652393,6516.3100,181.614952,172.993716,8.621236
2024-11-07,1.84822766,6666.6200,185.807546,176.984116,8.823429
2024-11-08,1.83050039,6602.8800,184.025373,175.291959,8.733414
2024-11-11,1.82284833,6575.3600,183.256090,174.561364,8.694726
2024-11-12,1.82348600,6578.3100,183.320197,174.639680,8.680517
2024-11-13,1.83496409,6619.7000,184.474122,175.738494,8.735628
2024-11-14,1.81034996,6530.9700,181.999594,173.382907,8.616687
2024-11-15,1.80422831,6509.1400,181.384167,172.803368,8.580799
2024-11-18,1.82017010,6567.1200,182.986841,174.342610,8.644231
2024-11-19,1.81940490,6564.4200,182.909912,174.270931,8.638981
2024-11-20,1.82119038,6571.1300,183.089412,174.449067,8.640345
2024-11-21,1.81825709,6560.3600,182.794520,174.163147,8.631373
2024-11-22,1.77438528,6402.0600,178.383963,169.960630,8.423333
2024-11-25,1.77770117,6414.2400,178.717319,170.283982,8.433337
2024-11-26,1.78114460,6426.5900,179.063496,170.611847,8.451649
2024-11-27,1.80180516,6500.9700,181.140561,172.586473,8.554088
2024-11-28,1.79861680,6489.7400,180.820026,172.288341,8.531685
2024-11-29,1.81213544,6538.7800,182.179093,173.590245,8.588848
2024-12-02,1.81634407,6553.9000,182.602199,173.991648,8.610551
2024-12-03,1.83879012,6635.1300,184.858763,176.148126,8.710637
2024-12-04,1.84057560,6641.1800,185.038263,176.308740,8.729522
2024-12-05,1.83853505,6633.8700,184.833120,176.114676,8.718445
2024-12-06,1.86404192,6725.8900,187.397398,178.557605,8.839793
2024-12-09,1.87067370,6750.5500,188.064110,179.212274,8.851837
2024-12-10,1.87373453,6761.6100,188.371823,179.505892,8.865931
2024-12-11,1.87539247,6767.4000,188.538501,179.659604,8.878897
2024-12-12,1.90523551,6875.2600,191.538706,182.523050,9.015656
2024-12-13,1.87449973,6764.3100,188.448752,179.577571,8.871180
2024-12-16,1.89516030,6839.9800,190.525816,181.586444,8.939373
2024-12-17,1.90293989,6869.3900,191.307921,182.367215,8.940707
2024-12-18,1.92280218,6941.2100,193.304733,184.273878,9.030856
2024-12-19,1.89843777,6853.2600,190.855310,181.938998,8.916312
2024-12-20,1.87870790,6781.9100,188.871810,180.044813,8.826998
2024-12-23,1.88400451,6801.7100,189.404293,180.570459,8.833834
2024-12-24,1.89962951,6857.9900,190.975119,182.064570,8.910550
2024-12-25,1.91009032,6895.9100,192.026774,183.071262,8.955511
2024-12-26,1.89883502,6855.3000,190.895247,181.993156,8.902091
2024-12-27,1.90558820,6879.8000,191.574163,182.643577,8.930586
2024-12-30,1.91446002,6911.8800,192.466072,183.495231,8.970842
2024-12-31,1.90108608,6863.5100,191.121552,182.211113,8.910439
2025-01-02,1.86255323,6724.8400,187.247736,178.529730,8.718007
2025-01-03,1.84666340,6667.2600,185.650287,177.001107,8.649179
2025-01-06,1.84785514,6671.9100,185.770095,177.124554,8.645541
2025-01-07,1.84957654,6678.5000,185.943152,177.299504,8.643648
2025-01-08,1.85805111,6708.9100,186.795126,178.106823,8.688302
2025-01-09,1.83739433,6634.5500,184.718441,176.132728,8.585712
2025-01-10,1.81541340,6555.2500,182.508635,174.027488,8.481148
2025-01-13,1.79912632,6496.5300,180.871249,172.468601,8.402649
2025-01-14,1.82653628,6595.6400,183.626850,175.099753,8.527097
2025-01-15,1.82759560,6599.8100,183.733347,175.210458,8.522889
2025-01-16,1.83593776,6630.1700,184.572008,176.016449,8.555559
2025-01-17,1.83580535,6629.5600,184.558696,176.000255,8.558441
2025-01-20,1.83196530,6616.3700,184.172646,175.650089,8.522556
2025-01-21,1.82071001,6575.5200,183.041119,174.565612,8.475507
2025-01-22,1.80415810,6515.8800,181.377108,172.982301,8.394808
2025-01-23,1.82891975,6605.3400,183.866468,175.357267,8.509201
2025-01-24,1.83924814,6642.8500,184.904810,176.353075,8.551735
2025-01-27,1.85924285,6715.6700,186.914934,178.286286,8.628648
2025-02-05,1.82375556,6588.2100,183.347296,174.902503,8.444793
2025-02-06,1.82428522,6592.4700,183.400545,175.015597,8.384948
2025-02-07,1.83077357,6615.2100,184.052837,175.619294,8.433543
2025-02-10,1.82918458,6612.4600,183.893092,175.546287,8.346804
2025-02-11,1.83712950,6641.4800,184.691817,176.316705,8.375112
2025-02-12,1.83620259,6638.6400,184.598632,176.241309,8.357323
2025-02-13,1.83514327,6634.8800,184.492135,176.141489,8.350646
2025-02-14,1.84163162,6658.9500,185.144427,176.780495,8.363933
2025-02-17,1.83924814,6650.5700,184.904810,176.558024,8.346786
2025-02-18,1.84149920,6658.9100,185.131115,176.779433,8.351682
2025-02-19,1.83726192,6643.5400,184.705129,176.371393,8.333736
2025-02-20,1.83011149,6617.6900,183.986276,175.685132,8.301144
2025-02-21,1.82137208,6586.0400,183.107679,174.844894,8.262785
2025-02-24,1.82031276,6582.5200,183.001182,174.751446,8.249736
2025-02-25,1.80561467,6529.9100,181.523541,173.354766,8.168775
2025-02-26,1.81806170,6574.8300,182.774877,174.547294,8.227583
2025-02-27,1.83765916,6645.8100,184.745065,176.431657,8.313408
2025-02-28,1.82640386,6605.4900,183.613538,175.361249,8.252289
2025-03-03,1.82402039,6596.8200,183.373921,175.131080,8.242841
2025-03-04,1.82229899,6590.8100,183.200864,174.971527,8.229336
2025-03-05,1.83620259,6641.2100,184.598632,176.309537,8.289095
2025-03-06,1.83117081,6623.0000,184.092773,175.826101,8.266672
2025-03-07,1.82944941,6616.8600,183.919716,175.663098,8.256618
2025-03-10,1.82057759,6585.3600,183.027807,174.826842,8.200965
2025-03-11,1.83183289,6626.2400,184.159333,175.912116,8.247217
2025-03-12,1.82018035,6583.7200,182.987870,174.783304,8.204567
2025-03-13,1.82944941,6617.6800,183.919716,175.684867,8.234849
2025-03-14,1.84772272,6683.5300,185.756783,177.433040,8.323743
2025-03-17,1.84639857,6679.4600,185.623662,177.324990,8.298672
2025-03-18,1.84560408,6676.4800,185.543790,177.245878,8.297912
2025-03-19,1.85288692,6702.8800,186.275954,177.946740,8.329215
2025-03-20,1.84229370,6664.8400,185.210988,176.936861,8.274126
2025-03-21,1.84242611,6665.4100,185.224300,176.951994,8.272306
2025-03-24,1.85341658,6705.5600,186.329203,178.017888,8.311315
2025-03-25,1.86652569,6753.3700,187.647099,179.287138,8.359960
2025-03-26,1.86043459,6731.5700,187.034743,178.708396,8.326347
2025-03-27,1.86732018,6756.6300,187.726971,179.373684,8.353287
2025-03-28,1.86639328,6753.2100,187.633787,179.282891,8.350896
2025-03-31,1.86877675,6762.0800,187.873404,179.518370,8.355034
2025-04-01,1.87698650,6792.0700,188.698753,180.314538,8.384215
2025-04-02,1.88307760,6814.3700,189.311109,180.906554,8.404555
2025-04-03,1.88519624,6822.4100,189.524102,181.119999,8.404103
2025-04-07,1.79912632,6511.7600,180.871249,172.872924,7.998326
2025-04-08,1.84427993,6675.0600,185.410669,177.208180,8.202489
2025-04-09,1.84692823,6684.7000,185.676911,177.464101,8.212810
2025-04-10,1.84864963,6690.8800,185.849968,177.628166,8.221802
2025-04-11,1.83779158,6651.4800,184.758377,176.582183,8.176194
2025-04-14,1.84547166,6679.5700,185.530478,177.327911,8.202567
2025-04-15,1.86136150,6737.2800,187.127928,178.859984,8.267943
2025-04-16,1.88056171,6807.2000,189.058179,180.716207,8.341973
2025-04-17,1.87817824,6798.3700,188.818562,180.481790,8.336772
2025-04-18,1.88016446,6805.7400,189.018243,180.677447,8.340796
2025-04-21,1.87089540,6772.2500,188.086397,179.788361,8.298037
2025-04-22,1.87817824,6798.8000,188.818562,180.493205,8.325357
2025-04-23,1.86626086,6755.8300,187.620475,179.352446,8.268029
2025-04-24,1.87764857,6797.4900,188.765314,180.458427,8.306886
2025-04-25,1.86970366,6768.6700,187.966589,179.693320,8.273269
2025-04-28,1.88479900,6823.5800,189.484166,181.151060,8.333106
2025-04-29,1.88016446,6807.0200,189.018243,180.711428,8.306815
2025-04-30,1.85858077,6728.8400,186.848374,178.635921,8.212453
2025-05-06,1.85765387,6726.1400,186.755189,178.564242,8.190948
2025-05-07,1.87579476,6791.9400,188.578944,180.311087,8.267857
2025-05-08,1.87844307,6801.8500,188.845186,180.574176,8.271010
2025-05-09,1.89194942,6850.8400,190.203018,181.874753,8.328266
2025-05-12,1.89089010,6847.5100,190.096522,181.786349,8.310173
2025-05-13,1.90452887,6896.7900,191.467666,183.094624,8.373042
2025-05-14,1.91181171,6923.3500,192.199831,183.799734,8.400097
2025-05-15,1.90744201,6907.5800,191.760532,183.381075,8.379457
2025-05-16,1.89486256,6862.4800,190.495884,182.183769,8.312115
2025-05-19,1.90108608,6884.9500,191.121552,182.780298,8.341254
2025-05-20,1.90744201,6908.1800,191.760532,183.397004,8.363528
2025-05-21,1.92108078,6957.7400,193.131676,184.712713,8.418963
2025-05-22,1.92637739,6977.3200,193.664160,185.232519,8.431641
2025-05-23,1.90982549,6917.5600,192.000149,183.646022,8.354127
2025-05-26,1.89790811,6874.7200,190.802062,182.508714,8.293348
2025-05-27,1.90002676,6882.3700,191.015055,182.711805,8.303250
2025-05-28,1.90611786,6904.3000,191.627411,183.293998,8.333413
2025-05-29,1.90373438,6895.9700,191.387794,183.072855,8.314938
2025-05-30,1.91207655,6926.0600,192.226455,183.871679,8.354776
2025-06-03,1.92121320,6959.8500,193.144988,184.768729,8.376260
2025-06-04,1.92611256,6977.5900,193.637535,185.239687,8.397849
2025-06-05,1.91340070,6931.7600,192.359576,184.023001,8.336575
2025-06-06,1.91604900,6941.4500,192.625817,184.280249,8.345568
2025-06-09,1.91962422,6954.8900,192.985243,184.637052,8.348192
2025-06-10,1.91935939,6953.8300,192.958619,184.608911,8.349708
2025-06-11,1.92452358,6972.5200,193.477790,185.105089,8.372701
2025-06-12,1.92584773,6977.6600,193.610911,185.241545,8.369366
2025-06-13,1.91565176,6940.8400,192.585881,184.264055,8.321826
2025-06-16,1.92108078,6961.0000,193.131676,184.799259,8.332417
2025-06-17,1.92002146,6957.2000,193.025180,184.698377,8.326802
2025-06-18,1.92505324,6975.5700,193.531039,185.186060,8.344978
2025-06-19,1.91843248,6951.5700,192.865435,184.548913,8.316522
2025-06-20,1.93233608,7002.0200,194.263203,185.888250,8.374953
2025-06-23,1.93445473,7009.9800,194.476196,186.099570,8.376626
2025-06-24,1.94094307,7033.7600,195.128488,186.730877,8.397612
2025-06-25,1.94981490,7065.9100,196.020398,187.584389,8.436009
2025-06-26,1.95365494,7079.9500,196.406448,187.957120,8.449328
2025-06-27,1.93405748,7009.3300,194.436260,186.082314,8.353946
2025-06-30,1.93061468,6997.1200,194.090146,185.758165,8.331981
2025-07-01,1.94531278,7050.4100,195.567787,187.172898,8.394889
2025-07-02,1.95974604,7102.6200,197.018804,188.558959,8.459845
2025-07-03,1.95974604,7102.9900,197.018804,188.568781,8.450023
2025-07-04,1.97748969,7167.4900,198.802623,190.281115,8.521508
2025-07-07,1.98040283,7178.0400,199.095489,190.561194,8.534295
2025-07-08,1.97748969,7168.0200,198.802623,190.295185,8.507438
2025-07-09,1.98225664,7185.4300,199.281858,190.757382,8.524476
2025-07-10,1.99589541,7234.5700,200.653002,192.061941,8.591061
2025-07-11,1.98040283,7178.8300,199.095489,190.582167,8.513322
2025-07-14,1.99337952,7226.1400,200.400073,191.838143,8.561929
2025-07-15,1.98040283,7177.7500,199.095489,190.553495,8.541994
2025-07-16,1.97521495,7159.1100,198.573937,190.058644,8.515293
2025-07-17,1.97494191,7158.2700,198.546487,190.036344,8.510143
2025-07-18,1.98477156,7194.0900,199.534690,190.987286,8.547404
2025-07-21,1.99487427,7231.0400,200.550343,191.968228,8.582116
2025-07-22,2.01357792,7299.3000,202.430674,193.780381,8.650294
2025-07-23,2.00661524,7273.8500,201.730697,193.104739,8.625958
2025-07-24,1.99842386,7244.3100,200.907195,192.320517,8.586678
2025-07-25,1.98477156,7194.8000,199.534690,191.006135,8.528555
2025-07-28,1.97603409,7163.3800,198.656287,190.172003,8.484284
2025-07-29,1.96702357,7130.4400,197.750434,189.297519,8.452916
2025-07-30,1.97876455,7173.1200,198.930788,190.430579,8.500209
2025-07-31,1.94927558,7067.7100,195.966179,187.632175,8.334004
2025-08-01,1.94599903,7061.9300,195.636778,187.478729,8.158049
2025-08-04,1.95105038,7082.3300,196.144604,188.020304,8.124300
2025-08-05,1.96948099,7150.8400,197.997485,189.839094,8.158391
2025-08-06,1.97193840,7160.7500,198.244536,190.102182,8.142353
2025-08-07,1.97753584,7182.2500,198.807263,190.672960,8.134303
2025-08-08,1.98094892,7194.9600,199.150389,191.010383,8.140006
2025-08-11,1.96756966,7147.0500,197.805335,189.738478,8.066857
2025-08-12,1.97166535,7161.9000,198.217086,190.132712,8.084373
2025-08-13,1.96265483,7129.1700,197.311233,189.263803,8.047430
2025-08-14,1.95664782,7107.5700,196.707331,188.690370,8.016961
2025-08-15,1.95036776,7084.7900,196.075979,188.085611,7.990368
2025-08-18,1.94845644,7078.5400,195.883828,187.919688,7.964141
2025-08-19,1.95023124,7085.0300,196.062254,188.091983,7.970271
2025-08-20,1.96169917,7126.9600,197.215158,189.205132,8.010025
2025-08-21,1.97084622,7160.4700,198.134736,190.094749,8.039987
2025-08-22,1.96811575,7150.1600,197.860235,189.821041,8.039193
2025-08-25,1.98886725,7225.9600,199.946441,191.833365,8.113077
2025-08-26,1.98326981,7206.0900,199.383715,191.305860,8.077855
2025-08-27,1.94777383,7077.0600,195.815203,187.880397,7.934806
2025-08-28,1.94681816,7073.8400,195.719128,187.794913,7.924215
2025-08-29,1.93889983,7045.0100,194.923075,187.029540,7.893536
2025-09-01,1.93453109,7029.8400,194.483874,186.626810,7.857064
2025-09-02,1.94750078,7076.8800,195.787753,187.875618,7.912135
2025-09-03,1.93002583,7013.7200,194.030947,186.198859,7.832088
2025-09-04,1.93357543,7026.8400,194.387799,186.547166,7.840632
2025-09-05,1.93111802,7017.9400,194.140748,186.310891,7.829857
2025-09-08,1.93589632,7035.8400,194.621124,186.786096,7.835028
2025-09-09,1.94354161,7063.8400,195.389727,187.529435,7.860292
2025-09-10,1.93808069,7043.7200,194.840725,186.995293,7.845432
2025-09-11,1.94900253,7083.6800,195.938729,188.056143,7.882585
2025-09-12,1.93316586,7026.0100,194.346623,186.525131,7.821492
2025-09-15,1.92224402,6986.8200,193.248620,185.484723,7.763897
2025-09-16,1.91200480,6949.6500,192.219242,184.497941,7.721300
2025-09-17,1.91746572,6969.6300,192.768243,185.028366,7.739877
2025-09-18,1.88729413,6860.4300,189.735009,182.129346,7.605662
2025-09-19,1.89466637,6887.2200,190.476161,182.840562,7.635599
2025-09-22,1.88347149,6846.7700,189.350707,181.766703,7.584004
2025-09-23,1.89302810,6881.7400,190.311461,182.695080,7.616381
2025-09-24,1.90217514,6915.0900,191.231038,183.580449,7.650589
2025-09-25,1.90149252,6912.7500,191.162413,183.518327,7.644086
2025-09-26,1.90668040,6931.8600,191.683965,184.025656,7.658309
2025-09-29,1.90517865,6926.6800,191.532989,183.888138,7.644851
2025-09-30,1.89452985,6887.9700,190.462436,182.860473,7.601963
2025-10-09,1.91418916,6960.6600,192.438842,184.790233,7.648610
2025-10-10,1.93398500,7033.0600,194.428974,186.712293,7.716680
2025-10-13,1.92442839,6998.6100,193.468221,185.797722,7.670499
2025-10-14,1.94640860,7078.6600,195.677953,187.922873,7.755079
2025-10-15,1.95296170,7102.5400,196.336755,188.556835,7.779920
2025-10-16,1.96470268,7145.6000,197.517109,189.699983,7.817125
2025-10-17,1.95610173,7114.4300,196.652431,188.872488,7.779943
2025-10-20,1.96088004,7131.9600,197.132807,189.337871,7.794936
2025-10-21,1.96019742,7129.7500,197.064182,189.279201,7.784982
2025-10-22,1.97152883,7170.7800,198.203361,190.368457,7.834904
2025-10-23,1.98081240,7204.5100,199.136664,191.263914,7.872749
2025-10-24,1.97453234,7182.2800,198.505312,190.673757,7.831555
2025-10-27,1.98627332,7224.9500,199.685666,191.806551,7.879114
2025-10-28,1.97425929,7181.8100,198.477862,190.661279,7.816582
2025-10-29,1.96879837,7162.0500,197.928860,190.136695,7.792165
2025-10-30,1.98149501,7208.5900,199.205289,191.372229,7.833060
2025-10-31,1.97193840,7174.2700,198.244536,190.461109,7.783427
2025-11-03,1.99214381,7248.4100,200.275842,192.429363,7.846480
2025-11-04,1.99746820,7267.8000,200.811119,192.944125,7.866994
2025-11-05,1.99391860,7255.3200,200.454268,192.612808,7.841460
2025-11-06,2.00839004,7307.8400,201.909123,194.007099,7.902024
2025-11-07,2.00716134,7303.4000,201.785597,193.889227,7.896371
2025-11-10,2.02832240,7381.0200,203.912979,195.949867,7.963112
2025-11-11,2.02149625,7356.1400,203.226727,195.289358,7.937369
2025-11-12,2.03023373,7387.9600,204.105130,196.134109,7.971021
2025-11-13,2.02763979,7378.5800,203.844354,195.885090,7.959263
2025-11-14,2.01876579,7346.5600,202.952226,195.035030,7.917196
2025-11-17,2.00525001,7297.7600,201.593447,193.739497,7.853950
2025-11-18,1.99487427,7259.8500,200.550343,192.733070,7.817274
2025-11-19,2.00647872,7302.3200,201.716972,193.860555,7.856417
2025-11-20,2.00948223,7313.3700,202.018923,194.153908,7.865015
2025-11-21,1.98627332,7228.8500,199.685666,191.910088,7.775578
2025-11-24,1.97562452,7190.7900,198.615112,190.899679,7.715434
2025-11-25,1.98231415,7214.9600,199.287639,191.541339,7.746300
2025-11-26,1.97685323,7195.3400,198.738638,191.020471,7.718167
2025-11-27,1.98477156,7224.3800,199.534690,191.791419,7.743271
2025-11-28,1.97999326,7207.0600,199.054314,191.331611,7.722702
2025-12-01,1.99009596,7244.1800,200.069967,192.317066,7.752901
2025-12-02,1.99255337,7253.3600,200.317018,192.560775,7.756243
2025-12-03,1.99296294,7254.4300,200.358193,192.589181,7.769012
2025-12-04,1.98408895,7222.4300,199.466065,191.739651,7.726414
2025-12-05,1.98313329,7218.9900,199.369990,191.648327,7.721663
2025-12-08,1.97098274,7175.0300,198.148461,190.481285,7.667176
2025-12-09,1.95596521,7120.5300,196.638706,189.034430,7.604276
2025-12-10,1.95200604,7106.4500,196.240680,188.660637,7.580043
2025-12-11,1.94517989,7081.5200,195.554427,187.998800,7.555627
2025-12-12,1.94272247,7072.3100,195.307377,187.754295,7.553082
2025-12-15,1.94340509,7075.3200,195.376002,187.834204,7.541798
2025-12-16,1.93810553,7055.9500,194.843222,187.319973,7.523249
2025-12-17,1.94424186,7078.4900,195.460125,187.918360,7.541765
2025-12-18,1.96028001,7136.7900,197.072485,189.466097,7.606388
2025-12-19,1.95944324,7134.3200,196.988362,189.400524,7.587838
2025-12-22,1.95274905,7109.8900,196.315377,188.751961,7.563416
2025-12-23,1.95484099,7117.5000,196.525685,188.953990,7.571695
2025-12-24,1.95400421,7114.8100,196.441562,188.882576,7.558985
2025-12-25,1.95721184,7126.8300,196.764034,189.201681,7.562353
2025-12-26,1.95302798,7111.6800,196.343418,188.799482,7.543936
2025-12-29,1.95037820,7102.3400,196.077028,188.551525,7.525503
2025-12-30,1.94577595,7085.5900,195.614351,188.106850,7.507501
2025-12-31,1.95288852,7111.6100,196.329397,188.797623,7.531774
2026-01-05,1.95205174,7108.7700,196.245274,188.722228,7.523047
2026-01-06,1.96557957,7158.4000,197.605265,190.039795,7.565470
2026-01-07,1.96878720,7170.3300,197.927737,190.356510,7.571227
2026-01-08,1.96292979,7149.0400,197.338875,189.791308,7.547567
2026-01-09,1.97297107,7185.6900,198.348353,190.764285,7.584068
2026-01-12,1.97185537,7181.9800,198.236189,190.665792,7.570396
2026-01-13,1.97046075,7176.9400,198.095983,190.531991,7.563992
2026-01-14,1.95679346,7127.5300,196.721972,189.220264,7.501708
2026-01-15,1.94535756,7085.9100,195.572289,188.115345,7.456944
2026-01-16,1.93726875,7056.4200,194.759099,187.332450,7.426649
2026-01-19,1.94131316,7071.8400,195.165694,187.741817,7.423877
2026-01-20,1.97338945,7188.8600,198.390414,190.848441,7.541973
2026-01-21,1.95456206,7121.0000,196.497644,189.046907,7.450736
2026-01-22,1.95776969,7133.1700,196.820116,189.369994,7.450122
2026-01-23,1.95205174,7114.0400,196.245274,188.862135,7.383140
2026-01-26,1.95637507,7130.5600,196.679911,189.300704,7.379206
2026-01-27,1.94033692,7071.0800,195.067550,187.721641,7.345909
2026-01-28,1.95679346,7134.9900,196.721972,189.418311,7.303661
2026-01-29,1.98873029,7241.4800,199.932672,192.245387,7.687285
2026-01-30,1.96404549,7179.9200,197.451039,190.611104,6.839935
2026-02-02,1.93796607,7132.2300,194.829201,189.345039,5.484162
2026-02-03,1.93894230,7136.5400,194.927345,189.459460,5.467885
2026-02-04,1.97129752,7256.1400,198.180107,192.634577,5.545529
2026-02-05,1.98273342,7298.0800,199.329790,193.747992,5.581797
2026-02-06,1.97687601,7276.7300,198.740928,193.181197,5.559731
2026-02-09,1.98956706,7323.7600,200.016795,194.429740,5.587055
2026-02-10,1.99026437,7326.3100,200.086898,194.497437,5.589461
2026-02-11,1.99514555,7344.7400,200.577616,194.986713,5.590903
2026-02-12,1.98105987,7292.7200,199.161543,193.605696,5.555847
2026-02-13,1.96488226,7233.3700,197.535162,192.030084,5.505078
2026-02-24,1.97311053,7265.2100,198.362373,192.875366,5.487007
2026-02-25,1.96892666,7249.6000,197.941758,192.460955,5.480803
2026-02-26,1.96808989,7246.8500,197.857635,192.387948,5.469686
2026-02-27,1.97562085,7274.8200,198.614743,193.130490,5.484252
2026-03-02,1.99472716,7345.7500,200.535555,195.013526,5.522028
2026-03-03,2.00058457,7367.3800,201.124417,195.587755,5.536662
2026-03-04,1.98008364,7292.2800,199.063400,193.594015,5.469385
2026-03-05,1.98482535,7309.7300,199.540097,194.057274,5.482823
2026-03-06,1.99737694,7355.7700,200.801945,195.279535,5.522409
2026-03-09,1.99416931,7344.5300,200.479473,194.981138,5.498335
2026-03-10,1.99235631,7338.1600,200.297206,194.812028,5.485177
2026-03-11,2.01969089,7439.0000,203.045228,197.489109,5.556120
2026-03-12,2.03084786,7480.2900,204.166870,198.585268,5.581603
2026-03-13,2.03391603,7491.6000,204.475322,198.885523,5.589799
2026-03-16,2.03391603,7492.0900,204.475322,198.898532,5.576790
2026-03-17,2.03893666,7510.4900,204.980061,199.387011,5.593049
2026-03-18,2.03154517,7483.7800,204.236973,198.677919,5.559054
2026-03-19,2.02568776,7462.1200,203.648111,198.102894,5.545217
2026-03-20,2.01341509,7417.1900,202.414305,196.910101,5.504204
2026-03-23,1.95372529,7197.5300,196.413521,191.078611,5.334910
2026-03-24,1.98649889,7318.6800,199.708344,194.294877,5.413467
2026-03-25,2.00239758,7377.4500,201.306683,195.855091,5.451592
2026-03-26,2.00365274,7382.4100,201.432868,195.986769,5.446100
2026-03-27,2.00058457,7371.0200,201.124417,195.684389,5.440028
2026-03-30,2.00225812,7377.2600,201.292663,195.850047,5.442616
2026-03-31,2.00156081,7375.0500,201.222560,195.791377,5.431184
2026-04-01,2.00532629,7388.7100,201.601114,196.154020,5.447095
2026-04-02,2.01355455,7419.4100,202.428325,196.969037,5.459288
2026-04-03,1.98845136,7326.9200,199.904631,194.513631,5.391000
2026-04-07,1.97813117,7289.4300,198.867112,193.518354,5.348758
2026-04-08,1.99542447,7352.8900,200.605657,195.203077,5.402580
2026-04-09,1.97757332,7287.5300,198.811030,193.467913,5.343117
2026-04-10,1.97520246,7278.7300,198.572681,193.234292,5.338389
2026-04-13,1.96711366,7249.4100,197.759491,192.455911,5.303580
2026-04-14,1.97464461,7276.8800,198.516599,193.185179,5.331420
2026-04-15,1.98649889,7320.9200,199.708344,194.354344,5.354000
2026-04-16,1.98803298,7326.6500,199.862569,194.506463,5.356106
2026-04-17,1.97882848,7292.4300,198.937215,193.597997,5.339218
2026-04-20,1.98384911,7311.5900,199.441954,194.106653,5.335301
2026-04-21,2.00253704,7380.5000,201.320704,195.936062,5.384642
2026-04-22,1.99291415,7345.0100,200.353288,194.993881,5.359407
2026-04-23,2.00546575,7391.6100,201.615135,196.231008,5.384127
2026-04-24,2.00616306,7394.2200,201.685238,196.300298,5.384939
2026-04-27,1.99598232,7356.8700,200.661739,195.308738,5.353002
2026-04-28,2.01243885,7418.0400,202.316161,196.932667,5.383494
2026-04-29,2.01578595,7430.2700,202.652654,197.257346,5.395307
2026-04-30,2.00811553,7402.0000,201.881525,196.506840,5.374685
2026-05-06,2.00086350,7375.8400,201.152458,195.812350,5.340108
2026-05-07,1.99319308,7347.8900,200.381329,195.070338,5.310990
2026-05-08,1.99263523,7345.8200,200.325247,195.015384,5.309862
2026-05-11,2.00281597,7383.8400,201.348745,196.024732,5.324013
2026-05-12,2.00323435,7385.4600,201.390807,196.067739,5.323067
2026-05-13,1.99598232,7358.5900,200.661739,195.354400,5.307339
2026-05-14,1.99389039,7351.0000,200.451431,195.152902,5.298529
2026-05-15,1.98719621,7326.6600,199.778446,194.506729,5.271718
2026-05-18,1.98161772,7306.0200,199.217625,193.958782,5.258843
2026-05-19,2.00574467,7395.2100,201.643176,196.326580,5.316596
2026-05-20,1.98064148,7302.8500,199.119482,193.874625,5.244856
2026-05-21,1.96864774,7258.7700,197.913717,192.704398,5.209318
2026-05-22,1.96041947,7228.3400,197.086506,191.896549,5.189957
2026-05-25,1.96488226,7245.4100,197.535162,192.349720,5.185443
2026-05-26,1.96962397,7262.9100,198.011860,192.814306,5.197554
2026-05-27,1.96683473,7252.7000,197.731450,192.543253,5.188197
2026-05-28,1.95442260,7207.0000,196.483623,191.330018,5.153605
2026-05-29,1.99389039,7353.0100,200.451431,195.206263,5.245168
2026-06-01,2.01857519,7444.2000,202.933064,197.627157,5.305907
2026-06-02,2.01271778,7422.9000,202.344202,197.061689,5.282513
2026-06-03,1.99598232,7361.1500,200.661739,195.422362,5.239377
2026-06-04,1.97297107,7276.3100,198.348353,193.170047,5.178306
2026-06-05,1.97352891,7278.6600,198.404435,193.232434,5.172001
2026-06-08,1.96613742,7251.9800,197.661347,192.524139,5.137209
2026-06-09,1.96976344,7265.3700,198.025881,192.879614,5.146267
2026-06-10,1.98370965,7316.8800,199.427933,194.247091,5.180842
2026-06-11,1.97994417,7303.2400,199.049379,193.884979,5.164400
2026-06-12,1.99751640,7368.0600,200.815965,195.605808,5.210157
2026-06-15,1.97269214,7276.8100,198.320312,193.183321,5.136991
2026-06-16,1.94717057,7182.4600,195.754556,190.678535,5.076021
2026-06-17,1.93447951,7136.1900,194.478688,189.450168,5.028520
2026-06-18,1.88538883,6955.2500,189.543464,184.646609,4.896855
2026-06-22,1.90017182,7010.0800,191.029639,186.102225,4.927414
2026-06-23,1.90156644,7015.4400,191.169845,186.244521,4.925323
2026-06-24,1.87213993,6907.2400,188.211514,183.372049,4.839465
2026-06-25,1.85903049,6858.9800,186.893585,182.090852,4.802733
2026-06-26,1.84173718,6795.0100,185.155040,180.392589,4.762451
2026-06-29,1.86223812,6871.0000,187.216057,182.409956,4.806100
2026-06-30,1.82765150,6743.3700,183.738967,179.021660,4.717307
2026-07-01,1.85275469,6836.2800,186.262661,181.488217,4.774444
2026-07-02,1.87478971,6917.3200,188.477904,183.639651,4.838253
2026-07-03,1.87925250,6934.0300,188.926561,184.083265,4.843296
2026-07-06,1.90630816,7034.3200,191.646542,186.745744,4.900799
2026-07-07,1.89194356,6981.4100,190.202428,185.341099,4.861329
2026-07-08,1.91132879,7053.0600,192.151281,187.243250,4.908032
2026-07-09,1.89389603,6989.0300,190.398716,185.543394,4.855322
2026-07-10,1.90114806,7015.4400,191.127783,186.244521,4.883262
2026-07-13,1.92178846,7091.6700,193.202821,188.268260,4.934560
2026-07-14,1.94159208,7165.3200,195.193735,190.223506,4.970229
2026-07-15,1.95790915,7225.9100,196.834136,191.832037,5.002099
2026-07-16,1.94695307,7185.6300,195.732690,190.762692,4.969998
2026-07-17,1.95819008,7227.4500,196.862378,191.872921,4.989458
2026-07-20,2.01325145,7431.1600,202.397853,197.280974,5.116879
2026-07-21,1.99176066,7351.5200,200.237324,195.166707,5.070617
2026-07-22,2.00131212,7387.4000,201.197559,196.119242,5.078317
2026-07-23,2.00664970,7407.4700,201.734161,196.652057,5.082105
2026-07-24,1.99147973,7350.7100,200.209081,195.145203,5.063878
2026-07-27,1.99218204,7353.4900,200.279687,195.219006,5.060681
2026-07-28,2.01016127,7419.2900,202.087189,196.965852,5.121337
2026-07-29,2.02898326,7488.4200,203.979417,198.801101,5.178316
2026-07-30,2.06367754,7607.1000,207.467331,201.951794,5.515537
2026-07-31,2.03993935,7543.9700,205.080864,200.275832,4.805032
