date,nav
2021-08-02,2.137
2021-08-03,2.098
2021-08-04,2.122
2021-08-05,2.11
2021-08-06,2.121
2021-08-09,2.161
2021-08-10,2.16
2021-08-11,2.218
2021-08-12,2.249
2021-08-13,2.244
2021-08-16,2.252
2021-08-17,2.218
2021-08-18,2.236
2021-08-19,2.226
2021-08-20,2.241
2021-08-23,2.254
2021-08-24,2.278
2021-08-25,2.312
2021-08-26,2.353
2021-08-27,2.382
2021-08-30,2.407
2021-08-31,2.48
2021-09-01,2.475
2021-09-02,2.554
2021-09-03,2.531
2021-09-06,2.559
2021-09-07,2.64
2021-09-08,2.676
2021-09-09,2.777
2021-09-10,2.714
2021-09-13,2.786
2021-09-14,2.716
2021-09-15,2.693
2021-09-16,2.68
2021-09-17,2.591
2021-09-22,2.649
2021-09-23,2.64
2021-09-24,2.526
2021-09-27,2.441
2021-09-28,2.519
2021-09-29,2.435
2021-09-30,2.45
2021-10-08,2.44
2021-10-11,2.483
2021-10-12,2.443
2021-10-13,2.403
2021-10-14,2.386
2021-10-15,2.408
2021-10-18,2.457
2021-10-19,2.469
2021-10-20,2.395
2021-10-21,2.433
2021-10-22,2.371
2021-10-25,2.37
2021-10-26,2.344
2021-10-27,2.273
2021-10-28,2.196
2021-10-29,2.2
2021-11-01,2.209
2021-11-02,2.158
2021-11-03,2.199
2021-11-04,2.192
2021-11-05,2.153
2021-11-08,2.15
2021-11-09,2.136
2021-11-10,2.129
2021-11-11,2.176
2021-11-12,2.16
2021-11-15,2.164
2021-11-16,2.147
2021-11-17,2.15
2021-11-18,2.15
2021-11-19,2.186
2021-11-22,2.185
2021-11-23,2.198
2021-11-24,2.23
2021-11-25,2.219
2021-11-26,2.187
2021-11-29,2.152
2021-11-30,2.154
2021-12-01,2.179
2021-12-02,2.194
2021-12-03,2.225
2021-12-06,2.217
2021-12-07,2.247
2021-12-08,2.247
2021-12-09,2.258
2021-12-10,2.238
2021-12-13,2.229
2021-12-14,2.191
2021-12-15,2.203
2021-12-16,2.245
2021-12-17,2.229
2021-12-20,2.203
2021-12-21,2.242
2021-12-22,2.237
2021-12-23,2.246
2021-12-24,2.235
2021-12-27,2.242
2021-12-28,2.225
2021-12-29,2.215
2021-12-30,2.212
2021-12-31,2.236
2022-01-04,2.278
2022-01-05,2.269
2022-01-06,2.273
2022-01-07,2.289
2022-01-10,2.308
2022-01-11,2.329
2022-01-12,2.317
2022-01-13,2.316
2022-01-14,2.271
2022-01-17,2.274
2022-01-18,2.304
2022-01-19,2.321
2022-01-20,2.307
2022-01-21,2.304
2022-01-24,2.29
2022-01-25,2.211
2022-01-26,2.219
2022-01-27,2.201
2022-01-28,2.193
2022-02-07,2.252
2022-02-08,2.319
2022-02-09,2.325
2022-02-10,2.366
2022-02-11,2.369
2022-02-14,2.323
2022-02-15,2.304
2022-02-16,2.333
2022-02-17,2.319
2022-02-18,2.372
2022-02-21,2.398
2022-02-22,2.387
2022-02-23,2.356
2022-02-24,2.331
2022-02-25,2.311
2022-02-28,2.32
2022-03-01,2.35
2022-03-02,2.383
2022-03-03,2.418
2022-03-04,2.408
2022-03-07,2.388
2022-03-08,2.305
2022-03-09,2.248
2022-03-10,2.294
2022-03-11,2.314
2022-03-14,2.275
2022-03-15,2.117
2022-03-16,2.176
2022-03-17,2.206
2022-03-18,2.276
2022-03-21,2.295
2022-03-22,2.343
2022-03-23,2.339
2022-03-24,2.346
2022-03-25,2.347
2022-03-28,2.393
2022-03-29,2.411
2022-03-30,2.419
2022-03-31,2.458
2022-04-01,2.491
2022-04-06,2.536
2022-04-07,2.49
2022-04-08,2.525
2022-04-11,2.466
2022-04-12,2.456
2022-04-13,2.479
2022-04-14,2.535
2022-04-15,2.502
2022-04-18,2.438
2022-04-19,2.482
2022-04-20,2.395
2022-04-21,2.341
2022-04-22,2.371
2022-04-25,2.247
2022-04-26,2.208
2022-04-27,2.244
2022-04-28,2.29
2022-04-29,2.324
2022-05-05,2.313
2022-05-06,2.238
2022-05-09,2.23
2022-05-10,2.233
2022-05-11,2.231
2022-05-12,2.219
2022-05-13,2.274
2022-05-16,2.318
2022-05-17,2.308
2022-05-18,2.28
2022-05-19,2.283
2022-05-20,2.322
2022-05-23,2.326
2022-05-24,2.282
2022-05-25,2.311
2022-05-26,2.351
2022-05-27,2.35
2022-05-30,2.336
2022-05-31,2.34
2022-06-01,2.349
2022-06-02,2.331
2022-06-06,2.33
2022-06-07,2.345
2022-06-08,2.383
2022-06-09,2.39
2022-06-10,2.41
2022-06-13,2.366
2022-06-14,2.404
2022-06-15,2.407
2022-06-16,2.36
2022-06-17,2.353
2022-06-20,2.331
2022-06-21,2.337
2022-06-22,2.301
2022-06-23,2.325
2022-06-24,2.329
2022-06-27,2.356
2022-06-28,2.381
2022-06-29,2.393
2022-06-30,2.41
2022-07-01,2.415
2022-07-04,2.421
2022-07-05,2.435
2022-07-06,2.369
2022-07-07,2.382
2022-07-08,2.38
2022-07-11,2.353
2022-07-12,2.376
2022-07-13,2.374
2022-07-14,2.344
2022-07-15,2.304
2022-07-18,2.363
2022-07-19,2.367
2022-07-20,2.372
2022-07-21,2.328
2022-07-22,2.311
2022-07-25,2.32
2022-07-26,2.358
2022-07-27,2.358
2022-07-28,2.369
2022-07-29,2.347
2022-08-01,2.354
2022-08-02,2.291
2022-08-03,2.263
2022-08-04,2.267
2022-08-05,2.271
2022-08-08,2.302
2022-08-09,2.323
2022-08-10,2.307
2022-08-11,2.334
2022-08-12,2.361
2022-08-15,2.375
2022-08-16,2.385
2022-08-17,2.389
2022-08-18,2.365
2022-08-19,2.39
2022-08-22,2.416
2022-08-23,2.426
2022-08-24,2.382
2022-08-25,2.447
2022-08-26,2.426
2022-08-29,2.448
2022-08-30,2.421
2022-08-31,2.403
2022-09-01,2.431
2022-09-02,2.425
2022-09-05,2.479
2022-09-06,2.528
2022-09-07,2.52
2022-09-08,2.511
2022-09-09,2.554
2022-09-13,2.531
2022-09-14,2.505
2022-09-15,2.517
2022-09-16,2.427
2022-09-19,2.427
2022-09-20,2.424
2022-09-21,2.451
2022-09-22,2.463
2022-09-23,2.439
2022-09-26,2.391
2022-09-27,2.407
2022-09-28,2.386
2022-09-29,2.381
2022-09-30,2.406
2022-10-10,2.411
2022-10-11,2.401
2022-10-12,2.436
2022-10-13,2.39
2022-10-14,2.422
2022-10-17,2.413
2022-10-18,2.408
2022-10-19,2.405
2022-10-20,2.379
2022-10-21,2.392
2022-10-24,2.34
2022-10-25,2.312
2022-10-26,2.295
2022-10-27,2.309
2022-10-28,2.26
2022-10-31,2.193
2022-11-01,2.213
2022-11-02,2.246
2022-11-03,2.227
2022-11-04,2.275
2022-11-07,2.3
2022-11-08,2.3
2022-11-09,2.298
2022-11-10,2.305
2022-11-11,2.367
2022-11-14,2.356
2022-11-15,2.366
2022-11-16,2.357
2022-11-17,2.336
2022-11-18,2.323
2022-11-21,2.312
2022-11-22,2.331
2022-11-23,2.347
2022-11-24,2.363
2022-11-25,2.412
2022-11-28,2.394
2022-11-29,2.48
2022-11-30,2.46
2022-12-01,2.439
2022-12-02,2.418
2022-12-05,2.471
2022-12-06,2.459
2022-12-07,2.444
2022-12-08,2.459
2022-12-09,2.466
2022-12-12,2.404
2022-12-13,2.418
2022-12-14,2.412
2022-12-15,2.377
2022-12-16,2.399
2022-12-19,2.36
2022-12-20,2.326
2022-12-21,2.329
2022-12-22,2.307
2022-12-23,2.297
2022-12-26,2.29
2022-12-27,2.318
2022-12-28,2.324
2022-12-29,2.295
2022-12-30,2.309
2023-01-03,2.322
2023-01-04,2.343
2023-01-05,2.348
2023-01-06,2.343
2023-01-09,2.345
2023-01-10,2.329
2023-01-11,2.351
2023-01-12,2.338
2023-01-13,2.353
2023-01-16,2.372
2023-01-17,2.364
2023-01-18,2.367
2023-01-19,2.373
2023-01-20,2.401
2023-01-30,2.385
2023-01-31,2.393
2023-02-01,2.397
2023-02-02,2.401
2023-02-03,2.383
2023-02-06,2.368
2023-02-07,2.379
2023-02-08,2.372
2023-02-09,2.381
2023-02-10,2.384
2023-02-13,2.389
2023-02-14,2.406
2023-02-15,2.393
2023-02-16,2.378
2023-02-17,2.383
2023-02-20,2.427
2023-02-21,2.463
2023-02-22,2.467
2023-02-23,2.478
2023-02-24,2.47
2023-02-27,2.475
2023-02-28,2.482
2023-03-01,2.499
2023-03-02,2.513
2023-03-03,2.528
2023-03-06,2.514
2023-03-07,2.507
2023-03-08,2.505
2023-03-09,2.501
2023-03-10,2.461
2023-03-13,2.494
2023-03-14,2.479
2023-03-15,2.503
2023-03-16,2.482
2023-03-17,2.501
2023-03-20,2.488
2023-03-21,2.48
2023-03-22,2.494
2023-03-23,2.496
2023-03-24,2.478
2023-03-27,2.457
2023-03-28,2.462
2023-03-29,2.46
2023-03-30,2.471
2023-03-31,2.478
2023-04-03,2.499
2023-04-04,2.512
2023-04-06,2.495
2023-04-07,2.496
2023-04-10,2.493
2023-04-11,2.516
2023-04-12,2.55
2023-04-13,2.557
2023-04-14,2.549
2023-04-17,2.583
2023-04-18,2.602
2023-04-19,2.597
2023-04-20,2.593
2023-04-21,2.576
2023-04-24,2.571
2023-04-25,2.593
2023-04-26,2.599
2023-04-27,2.607
2023-04-28,2.643
2023-05-04,2.714
2023-05-05,2.742
2023-05-08,2.833
2023-05-09,2.795
2023-05-10,2.727
2023-05-11,2.72
2023-05-12,2.707
2023-05-15,2.7
2023-05-16,2.68
2023-05-17,2.667
2023-05-18,2.695
2023-05-19,2.652
2023-05-22,2.642
2023-05-23,2.604
2023-05-24,2.562
2023-05-25,2.547
2023-05-26,2.575
2023-05-29,2.606
2023-05-30,2.605
2023-05-31,2.572
2023-06-01,2.569
2023-06-02,2.568
2023-06-05,2.586
2023-06-06,2.576
2023-06-07,2.607
2023-06-08,2.644
2023-06-09,2.625
2023-06-12,2.594
2023-06-13,2.587
2023-06-14,2.569
2023-06-15,2.578
2023-06-16,2.573
2023-06-19,2.536
2023-06-20,2.509
2023-06-21,2.492
2023-06-26,2.446
2023-06-27,2.499
2023-06-28,2.519
2023-06-29,2.517
2023-06-30,2.522
2023-07-03,2.557
2023-07-04,2.534
2023-07-05,2.532
2023-07-06,2.525
2023-07-07,2.543
2023-07-10,2.55
2023-07-11,2.548
2023-07-12,2.53
2023-07-13,2.561
2023-07-14,2.576
2023-07-17,2.559
2023-07-18,2.552
2023-07-19,2.571
2023-07-20,2.562
2023-07-21,2.562
2023-07-24,2.56
2023-07-25,2.602
2023-07-26,2.609
2023-07-27,2.618
2023-07-28,2.67
2023-07-31,2.69
2023-08-01,2.694
2023-08-02,2.655
2023-08-03,2.671
2023-08-04,2.66
2023-08-07,2.632
2023-08-08,2.627
2023-08-09,2.617
2023-08-10,2.638
2023-08-11,2.596
2023-08-14,2.59
2023-08-15,2.614
2023-08-16,2.613
2023-08-17,2.612
2023-08-18,2.613
2023-08-21,2.588
2023-08-22,2.606
2023-08-23,2.612
2023-08-24,2.596
2023-08-25,2.599
2023-08-28,2.641
2023-08-29,2.641
2023-08-30,2.611
2023-08-31,2.578
2023-09-01,2.606
2023-09-04,2.652
2023-09-05,2.628
2023-09-06,2.625
2023-09-07,2.617
2023-09-08,2.598
2023-09-11,2.619
2023-09-12,2.614
2023-09-13,2.629
2023-09-14,2.667
2023-09-15,2.669
2023-09-18,2.671
2023-09-19,2.692
2023-09-20,2.7
2023-09-21,2.681
2023-09-22,2.695
2023-09-25,2.689
2023-09-26,2.676
2023-09-27,2.665
2023-09-28,2.661
2023-10-09,2.656
2023-10-10,2.627
2023-10-11,2.618
2023-10-12,2.644
2023-10-13,2.64
2023-10-16,2.659
2023-10-17,2.655
2023-10-18,2.632
2023-10-19,2.587
2023-10-20,2.564
2023-10-23,2.534
2023-10-24,2.555
2023-10-25,2.578
2023-10-26,2.588
2023-10-27,2.599
2023-10-30,2.558
2023-10-31,2.566
2023-11-01,2.563
2023-11-02,2.572
2023-11-03,2.558
2023-11-06,2.539
2023-11-07,2.541
2023-11-08,2.54
2023-11-09,2.565
2023-11-10,2.557
2023-11-13,2.562
2023-11-14,2.552
2023-11-15,2.561
2023-11-16,2.563
2023-11-17,2.553
2023-11-20,2.557
2023-11-21,2.573
2023-11-22,2.565
2023-11-23,2.585
2023-11-24,2.593
2023-11-27,2.584
2023-11-28,2.578
2023-11-29,2.565
2023-11-30,2.574
2023-12-01,2.586
2023-12-04,2.592
2023-12-05,2.556
2023-12-06,2.553
2023-12-07,2.554
2023-12-08,2.555
2023-12-11,2.581
2023-12-12,2.593
2023-12-13,2.571
2023-12-14,2.579
2023-12-15,2.562
2023-12-18,2.559
2023-12-19,2.551
2023-12-20,2.549
2023-12-21,2.529
2023-12-22,2.525
2023-12-25,2.523
2023-12-26,2.506
2023-12-27,2.518
2023-12-28,2.5
2023-12-29,2.515
2024-01-02,2.554
2024-01-03,2.594
2024-01-04,2.618
2024-01-05,2.628
2024-01-08,2.599
2024-01-09,2.622
2024-01-10,2.607
2024-01-11,2.579
2024-01-12,2.594
2024-01-15,2.608
2024-01-16,2.618
2024-01-17,2.581
2024-01-18,2.556
2024-01-19,2.534
2024-01-22,2.465
2024-01-23,2.483
2024-01-24,2.551
2024-01-25,2.623
2024-01-26,2.664
2024-01-29,2.679
2024-01-30,2.645
2024-01-31,2.649
2024-02-01,2.619
2024-02-02,2.627
2024-02-05,2.633
2024-02-06,2.675
2024-02-07,2.719
2024-02-08,2.72
2024-02-19,2.79
2024-02-20,2.834
2024-02-21,2.827
2024-02-22,2.885
2024-02-23,2.867
2024-02-26,2.798
2024-02-27,2.815
2024-02-28,2.809
2024-02-29,2.827
2024-03-01,2.822
2024-03-04,2.849
2024-03-05,2.87
2024-03-06,2.868
2024-03-07,2.887
2024-03-08,2.904
2024-03-11,2.872
2024-03-12,2.801
2024-03-13,2.783
2024-03-14,2.792
2024-03-15,2.786
2024-03-18,2.769
2024-03-19,2.767
2024-03-20,2.773
2024-03-21,2.777
2024-03-22,2.783
2024-03-25,2.793
2024-03-26,2.776
2024-03-27,2.775
2024-03-28,2.767
2024-03-29,2.787
2024-04-01,2.782
2024-04-02,2.803
2024-04-03,2.84
2024-04-08,2.85
2024-04-09,2.835
2024-04-10,2.846
2024-04-11,2.886
2024-04-12,2.879
2024-04-15,2.945
2024-04-16,2.959
2024-04-17,2.992
2024-04-18,3.001
2024-04-19,3.023
2024-04-22,2.936
2024-04-23,2.888
2024-04-24,2.889
2024-04-25,2.908
2024-04-26,2.879
2024-04-29,2.845
2024-04-30,2.858
2024-05-06,2.875
2024-05-07,2.875
2024-05-08,2.897
2024-05-09,2.908
2024-05-10,2.927
2024-05-13,2.931
2024-05-14,2.918
2024-05-15,2.917
2024-05-16,2.924
2024-05-17,2.945
2024-05-20,2.984
2024-05-21,3.0
2024-05-22,3.0
2024-05-23,2.958
2024-05-24,2.953
2024-05-27,3.01
2024-05-28,3.001
2024-05-29,3.004
2024-05-30,2.981
2024-05-31,2.988
2024-06-03,2.957
2024-06-04,2.97
2024-06-05,2.932
2024-06-06,2.949
2024-06-07,2.976
2024-06-11,2.92
2024-06-12,2.961
2024-06-13,2.933
2024-06-14,2.938
2024-06-17,2.896
2024-06-18,2.903
2024-06-19,2.903
2024-06-20,2.909
2024-06-21,2.914
2024-06-24,2.872
2024-06-25,2.885
2024-06-26,2.893
2024-06-27,2.893
2024-06-28,2.916
2024-07-01,2.984
2024-07-02,2.986
2024-07-03,2.964
2024-07-04,2.95
2024-07-05,2.933
2024-07-08,2.922
2024-07-09,2.948
2024-07-10,2.882
2024-07-11,2.877
2024-07-12,2.873
2024-07-15,2.91
2024-07-16,2.897
2024-07-17,2.884
2024-07-18,2.888
2024-07-19,2.865
2024-07-22,2.833
2024-07-23,2.812
2024-07-24,2.814
2024-07-25,2.8
2024-07-26,2.782
2024-07-29,2.794
2024-07-30,2.779
2024-07-31,2.808
2024-08-01,2.811
2024-08-02,2.803
2024-08-05,2.762
2024-08-06,2.751
2024-08-07,2.763
2024-08-08,2.774
2024-08-09,2.763
2024-08-12,2.783
2024-08-13,2.784
2024-08-14,2.777
2024-08-15,2.806
2024-08-16,2.811
2024-08-19,2.841
2024-08-20,2.806
2024-08-21,2.773
2024-08-22,2.776
2024-08-23,2.774
2024-08-26,2.758
2024-08-27,2.765
2024-08-28,2.752
2024-08-29,2.696
2024-08-30,2.705
2024-09-02,2.72
2024-09-03,2.693
2024-09-04,2.692
2024-09-05,2.694
2024-09-06,2.67
2024-09-09,2.615
2024-09-10,2.622
2024-09-11,2.558
2024-09-12,2.568
2024-09-13,2.56
2024-09-18,2.593
2024-09-19,2.588
2024-09-20,2.589
2024-09-23,2.62
2024-09-24,2.754
2024-09-25,2.8
2024-09-26,2.904
2024-09-27,2.893
2024-09-30,3.114
2024-10-08,3.119
2024-10-09,2.863
2024-10-10,2.985
2024-10-11,2.941
2024-10-14,3.027
2024-10-15,2.946
2024-10-16,2.994
2024-10-17,2.946
2024-10-18,2.967
2024-10-21,2.947
2024-10-22,2.959
2024-10-23,2.96
2024-10-24,2.941
2024-10-25,2.939
2024-10-28,2.96
2024-10-29,2.915
2024-10-30,2.88
2024-10-31,2.861
2024-11-01,2.89
2024-11-04,2.904
2024-11-05,2.933
2024-11-06,2.905
2024-11-07,2.974
2024-11-08,2.941
2024-11-11,2.908
2024-11-12,2.888
2024-11-13,2.908
2024-11-14,2.882
2024-11-15,2.885
2024-11-18,2.933
2024-11-19,2.924
2024-11-20,2.93
2024-11-21,2.933
2024-11-22,2.857
2024-11-25,2.863
2024-11-26,2.874
2024-11-27,2.904
2024-11-28,2.901
2024-11-29,2.916
2024-12-02,2.924
2024-12-03,2.956
2024-12-04,2.981
2024-12-05,2.974
2024-12-06,3.017
2024-12-09,3.025
2024-12-10,3.021
2024-12-11,3.034
2024-12-12,3.04
2024-12-13,3.003
2024-12-16,3.032
2024-12-17,3.027
2024-12-18,3.047
2024-12-19,3.007
2024-12-20,2.979
2024-12-23,2.993
2024-12-24,3.026
2024-12-25,3.041
2024-12-26,3.031
2024-12-27,3.03
2024-12-30,3.077
2024-12-31,3.066
2025-01-02,2.994
2025-01-03,2.963
2025-01-06,2.963
2025-01-07,2.949
2025-01-08,2.943
2025-01-09,2.899
2025-01-10,2.866
2025-01-13,2.839
2025-01-14,2.889
2025-01-15,2.898
2025-01-16,2.928
2025-01-17,2.911
2025-01-20,2.9
2025-01-21,2.884
2025-01-22,2.86
2025-01-23,2.909
2025-01-24,2.924
2025-01-27,2.962
2025-02-05,2.9
2025-02-06,2.898
2025-02-07,2.911
2025-02-10,2.904
2025-02-11,2.917
2025-02-12,2.919
2025-02-13,2.922
2025-02-14,2.925
2025-02-17,2.912
2025-02-18,2.91
2025-02-19,2.892
2025-02-20,2.879
2025-02-21,2.857
2025-02-24,2.853
2025-02-25,2.832
2025-02-26,2.858
2025-02-27,2.885
2025-02-28,2.867
2025-03-03,2.854
2025-03-04,2.853
2025-03-05,2.861
2025-03-06,2.855
2025-03-07,2.854
2025-03-10,2.858
2025-03-11,2.879
2025-03-12,2.875
2025-03-13,2.903
2025-03-14,2.925
2025-03-17,2.934
2025-03-18,2.922
2025-03-19,2.923
2025-03-20,2.918
2025-03-21,2.912
2025-03-24,2.935
2025-03-25,2.957
2025-03-26,2.958
2025-03-27,2.956
2025-03-28,2.939
2025-03-31,2.93
2025-04-01,2.954
2025-04-02,2.969
2025-04-03,2.974
2025-04-07,2.795
2025-04-08,2.86
2025-04-09,2.864
2025-04-10,2.895
2025-04-11,2.88
2025-04-14,2.908
2025-04-15,2.923
2025-04-16,2.939
2025-04-17,2.932
2025-04-18,2.934
2025-04-21,2.924
2025-04-22,2.934
2025-04-23,2.918
2025-04-24,2.931
2025-04-25,2.928
2025-04-28,2.931
2025-04-29,2.919
2025-04-30,2.895
2025-05-06,2.887
2025-05-07,2.906
2025-05-08,2.91
2025-05-09,2.927
2025-05-12,2.94
2025-05-13,2.962
2025-05-14,2.99
2025-05-15,2.981
2025-05-16,2.963
2025-05-19,2.974
2025-05-20,2.978
2025-05-21,3.007
2025-05-22,3.008
2025-05-23,2.98
2025-05-26,2.964
2025-05-27,2.952
2025-05-28,2.957
2025-05-29,2.965
2025-05-30,2.979
2025-06-03,2.991
2025-06-04,2.999
2025-06-05,2.981
2025-06-06,2.981
2025-06-09,2.985
2025-06-10,2.99
2025-06-11,2.999
2025-06-12,2.997
2025-06-13,2.982
2025-06-16,2.988
2025-06-17,2.991
2025-06-18,2.995
2025-06-19,2.981
2025-06-20,2.997
2025-06-23,3.01
2025-06-24,3.014
2025-06-25,3.03
2025-06-26,3.037
2025-06-27,3.011
2025-06-30,3.009
2025-07-01,3.032
2025-07-02,3.056
2025-07-03,3.055
2025-07-04,3.079
2025-07-07,3.092
2025-07-08,3.086
2025-07-09,3.102
2025-07-10,3.128
2025-07-11,3.107
2025-07-14,3.129
2025-07-15,3.09
2025-07-16,3.078
2025-07-17,3.069
2025-07-18,3.083
2025-07-21,3.104
2025-07-22,3.157
2025-07-23,3.154
2025-07-24,3.164
2025-07-25,3.15
2025-07-28,3.117
2025-07-29,3.108
2025-07-30,3.119
2025-07-31,3.068
2025-08-01,3.065
2025-08-04,3.079
2025-08-05,3.111
2025-08-06,3.124
2025-08-07,3.136
2025-08-08,3.135
2025-08-11,3.117
2025-08-12,3.135
2025-08-13,3.115
2025-08-14,3.094
2025-08-15,3.088
2025-08-18,3.08
2025-08-19,3.074
2025-08-20,3.097
2025-08-21,3.113
2025-08-22,3.11
2025-08-25,3.13
2025-08-26,3.118
2025-08-27,3.065
2025-08-28,3.062
2025-08-29,3.046
2025-09-01,3.028
2025-09-02,3.043
2025-09-03,3.01
2025-09-04,3.029
2025-09-05,3.019
2025-09-08,3.025
2025-09-09,3.027
2025-09-10,3.026
2025-09-11,3.031
2025-09-12,3.016
2025-09-15,2.999
2025-09-16,2.992
2025-09-17,3.006
2025-09-18,2.953
2025-09-19,2.97
2025-09-22,2.944
2025-09-23,2.962
2025-09-24,2.968
2025-09-25,2.954
2025-09-26,2.955
2025-09-29,2.95
2025-09-30,2.939
2025-10-09,2.96
2025-10-10,2.993
2025-10-13,2.997
2025-10-14,3.061
2025-10-15,3.064
2025-10-16,3.096
2025-10-17,3.086
2025-10-20,3.113
2025-10-21,3.105
2025-10-22,3.11
2025-10-23,3.135
2025-10-24,3.116
2025-10-27,3.129
2025-10-28,3.124
2025-10-29,3.106
2025-10-30,3.105
2025-10-31,3.097
2025-11-03,3.14
2025-11-04,3.17
2025-11-05,3.179
2025-11-06,3.183
2025-11-07,3.188
2025-11-10,3.213
2025-11-11,3.204
2025-11-12,3.217
2025-11-13,3.218
2025-11-14,3.205
2025-11-17,3.186
2025-11-18,3.141
2025-11-19,3.157
2025-11-20,3.157
2025-11-21,3.112
2025-11-24,3.084
2025-11-25,3.1
2025-11-26,3.083
2025-11-27,3.087
2025-11-28,3.087
2025-12-01,3.102
2025-12-02,3.106
2025-12-03,3.098
2025-12-04,3.085
2025-12-05,3.083
2025-12-08,3.067
2025-12-09,3.041
2025-12-10,3.028
2025-12-11,3.012
2025-12-12,2.999
2025-12-15,3.025
2025-12-16,2.997
2025-12-17,3.0
2025-12-18,3.032
2025-12-19,3.031
2025-12-22,3.016
2025-12-23,3.017
2025-12-24,3.022
2025-12-25,3.031
2025-12-26,3.044
2025-12-29,3.042
2025-12-30,3.045
2025-12-31,3.04
2026-01-05,3.037
2026-01-06,3.075
2026-01-07,3.089
2026-01-08,3.078
2026-01-09,3.091
2026-01-12,3.088
2026-01-13,3.086
2026-01-14,3.056
2026-01-15,3.045
2026-01-16,3.02
2026-01-19,3.036
2026-01-20,3.074
2026-01-21,3.057
2026-01-22,3.077
2026-01-23,3.069
2026-01-26,3.106
2026-01-27,3.081
2026-01-28,3.132
2026-01-29,3.166
2026-01-30,3.144
2026-02-02,3.046
2026-02-03,3.051
2026-02-04,3.15
2026-02-05,3.136
2026-02-06,3.126
2026-02-09,3.144
2026-02-10,3.156
2026-02-11,3.183
2026-02-12,3.18
2026-02-13,3.137
2026-02-24,3.19
2026-02-25,3.194
2026-02-26,3.195
2026-02-27,3.232
2026-03-02,3.303
2026-03-03,3.367
2026-03-04,3.304
2026-03-05,3.291
2026-03-06,3.285
2026-03-09,3.309
2026-03-10,3.27
2026-03-11,3.313
2026-03-12,3.381
2026-03-13,3.364
2026-03-16,3.335
2026-03-17,3.309
2026-03-18,3.296
2026-03-19,3.305
2026-03-20,3.296
2026-03-23,3.234
2026-03-24,3.269
2026-03-25,3.256
2026-03-26,3.268
2026-03-27,3.267
2026-03-30,3.299
2026-03-31,3.251
2026-04-01,3.241
2026-04-02,3.258
2026-04-03,3.216
2026-04-07,3.228
2026-04-08,3.227
2026-04-09,3.212
2026-04-10,3.218
2026-04-13,3.223
2026-04-14,3.223
2026-04-15,3.24
2026-04-16,3.244
2026-04-17,3.218
2026-04-20,3.225
2026-04-21,3.265
2026-04-22,3.269
2026-04-23,3.293
2026-04-24,3.28
2026-04-27,3.275
2026-04-28,3.325
2026-04-29,3.347
2026-04-30,3.341
2026-05-06,3.341
2026-05-07,3.272
2026-05-08,3.261
2026-05-11,3.263
2026-05-12,3.257
2026-05-13,3.244
2026-05-14,3.223
2026-05-15,3.223
2026-05-18,3.217
2026-05-19,3.222
2026-05-20,3.215
2026-05-21,3.172
2026-05-22,3.156
2026-05-25,3.185
2026-05-26,3.186
2026-05-27,3.17
2026-05-28,3.17
2026-05-29,3.206
2026-06-01,3.307
2026-06-02,3.308
2026-06-03,3.324
2026-06-04,3.327
2026-06-05,3.321
2026-06-08,3.304
2026-06-09,3.291
2026-06-10,3.261
2026-06-11,3.26
2026-06-12,3.303
2026-06-15,3.249
2026-06-16,3.196
2026-06-17,3.16
2026-06-18,3.098
2026-06-22,3.125
2026-06-23,3.104
2026-06-24,3.048
2026-06-25,3.006
2026-06-26,2.954
2026-06-29,2.972
2026-06-30,2.916
2026-07-01,2.963
2026-07-02,2.993
2026-07-03,3.024
2026-07-06,3.089
2026-07-07,3.044
2026-07-08,3.08
2026-07-09,3.04
2026-07-10,3.045
2026-07-13,3.066
2026-07-14,3.138
2026-07-15,3.185
2026-07-16,3.146
2026-07-17,3.135
2026-07-20,3.242
2026-07-21,3.205
2026-07-22,3.253
2026-07-23,3.28
2026-07-24,3.223
2026-07-27,3.232
2026-07-28,3.232
2026-07-29,3.273
2026-07-30,3.312
2026-07-31,3.304
2026-08-03,3.285
2026-08-04,3.237
2026-08-05,3.228
2026-08-06,3.288
2026-08-07,3.282
2026-08-10,3.319
2026-08-11,3.329
