交易日期,全收益指数代码,指数名称,收盘点位
20160630,H00922,中证红利全收益指数,5057.93
20160701,H00922,中证红利全收益指数,5062.73
20160704,H00922,中证红利全收益指数,5139.62
20160705,H00922,中证红利全收益指数,5148.39
20160706,H00922,中证红利全收益指数,5169.83
20160707,H00922,中证红利全收益指数,5160.86
20160708,H00922,中证红利全收益指数,5141.28
20160711,H00922,中证红利全收益指数,5156.5
20160712,H00922,中证红利全收益指数,5276.63
20160713,H00922,中证红利全收益指数,5303.68
20160714,H00922,中证红利全收益指数,5282.79
20160715,H00922,中证红利全收益指数,5296.11
20160718,H00922,中证红利全收益指数,5304.11
20160719,H00922,中证红利全收益指数,5280.44
20160720,H00922,中证红利全收益指数,5264.56
20160721,H00922,中证红利全收益指数,5294.23
20160722,H00922,中证红利全收益指数,5239.04
20160725,H00922,中证红利全收益指数,5260.18
20160726,H00922,中证红利全收益指数,5331.19
20160727,H00922,中证红利全收益指数,5254.01
20160728,H00922,中证红利全收益指数,5321.68
20160729,H00922,中证红利全收益指数,5320.33
20160801,H00922,中证红利全收益指数,5272.58
20160802,H00922,中证红利全收益指数,5292.95
20160803,H00922,中证红利全收益指数,5305.76
20160804,H00922,中证红利全收益指数,5316.76
20160805,H00922,中证红利全收益指数,5321.96
20160808,H00922,中证红利全收益指数,5377.7
20160809,H00922,中证红利全收益指数,5412.19
20160810,H00922,中证红利全收益指数,5387.64
20160811,H00922,中证红利全收益指数,5366.01
20160812,H00922,中证红利全收益指数,5473.18
20160815,H00922,中证红利全收益指数,5608.37
20160816,H00922,中证红利全收益指数,5584.73
20160817,H00922,中证红利全收益指数,5584.54
20160818,H00922,中证红利全收益指数,5572.74
20160819,H00922,中证红利全收益指数,5579.49
20160822,H00922,中证红利全收益指数,5545.39
20160823,H00922,中证红利全收益指数,5549.52
20160824,H00922,中证红利全收益指数,5533.06
20160825,H00922,中证红利全收益指数,5505.91
20160826,H00922,中证红利全收益指数,5496.57
20160829,H00922,中证红利全收益指数,5495.5
20160830,H00922,中证红利全收益指数,5506.24
20160831,H00922,中证红利全收益指数,5530.35
20160901,H00922,中证红利全收益指数,5481.92
20160902,H00922,中证红利全收益指数,5494.38
20160905,H00922,中证红利全收益指数,5516.51
20160906,H00922,中证红利全收益指数,5562.23
20160907,H00922,中证红利全收益指数,5566.77
20160908,H00922,中证红利全收益指数,5574.46
20160909,H00922,中证红利全收益指数,5528.22
20160912,H00922,中证红利全收益指数,5427.05
20160913,H00922,中证红利全收益指数,5435.87
20160914,H00922,中证红利全收益指数,5383.52
20160919,H00922,中证红利全收益指数,5437.84
20160920,H00922,中证红利全收益指数,5443.18
20160921,H00922,中证红利全收益指数,5449.0
20160922,H00922,中证红利全收益指数,5499.32
20160923,H00922,中证红利全收益指数,5473.72
20160926,H00922,中证红利全收益指数,5392.91
20160927,H00922,中证红利全收益指数,5426.34
20160928,H00922,中证红利全收益指数,5417.63
20160929,H00922,中证红利全收益指数,5436.2
20160930,H00922,中证红利全收益指数,5451.22
20161010,H00922,中证红利全收益指数,5523.2
20161011,H00922,中证红利全收益指数,5537.47
20161012,H00922,中证红利全收益指数,5526.75
20161013,H00922,中证红利全收益指数,5541.98
20161014,H00922,中证红利全收益指数,5542.5
20161017,H00922,中证红利全收益指数,5503.01
20161018,H00922,中证红利全收益指数,5576.93
20161019,H00922,中证红利全收益指数,5567.16
20161020,H00922,中证红利全收益指数,5573.75
20161021,H00922,中证红利全收益指数,5599.55
20161024,H00922,中证红利全收益指数,5653.81
20161025,H00922,中证红利全收益指数,5675.61
20161026,H00922,中证红利全收益指数,5636.82
20161027,H00922,中证红利全收益指数,5629.13
20161028,H00922,中证红利全收益指数,5596.13
20161031,H00922,中证红利全收益指数,5599.87
20161101,H00922,中证红利全收益指数,5637.0
20161102,H00922,中证红利全收益指数,5584.47
20161103,H00922,中证红利全收益指数,5623.15
20161104,H00922,中证红利全收益指数,5603.79
20161107,H00922,中证红利全收益指数,5614.47
20161108,H00922,中证红利全收益指数,5642.52
20161109,H00922,中证红利全收益指数,5611.95
20161110,H00922,中证红利全收益指数,5684.07
20161111,H00922,中证红利全收益指数,5711.29
20161114,H00922,中证红利全收益指数,5714.28
20161115,H00922,中证红利全收益指数,5717.92
20161116,H00922,中证红利全收益指数,5714.18
20161117,H00922,中证红利全收益指数,5740.65
20161118,H00922,中证红利全收益指数,5724.6
20161121,H00922,中证红利全收益指数,5769.27
20161122,H00922,中证红利全收益指数,5804.58
20161123,H00922,中证红利全收益指数,5825.38
20161124,H00922,中证红利全收益指数,5858.64
20161125,H00922,中证红利全收益指数,5910.09
20161128,H00922,中证红利全收益指数,5943.77
20161129,H00922,中证红利全收益指数,5968.8
20161130,H00922,中证红利全收益指数,5903.74
20161201,H00922,中证红利全收益指数,5962.41
20161202,H00922,中证红利全收益指数,5900.08
20161205,H00922,中证红利全收益指数,5808.14
20161206,H00922,中证红利全收益指数,5799.81
20161207,H00922,中证红利全收益指数,5828.44
20161208,H00922,中证红利全收益指数,5825.16
20161209,H00922,中证红利全收益指数,5875.75
20161212,H00922,中证红利全收益指数,5732.24
20161213,H00922,中证红利全收益指数,5723.02
20161214,H00922,中证红利全收益指数,5680.3
20161215,H00922,中证红利全收益指数,5618.52
20161216,H00922,中证红利全收益指数,5632.92
20161219,H00922,中证红利全收益指数,5627.78
20161220,H00922,中证红利全收益指数,5591.79
20161221,H00922,中证红利全收益指数,5646.54
20161222,H00922,中证红利全收益指数,5656.37
20161223,H00922,中证红利全收益指数,5596.21
20161226,H00922,中证红利全收益指数,5612.77
20161227,H00922,中证红利全收益指数,5615.98
20161228,H00922,中证红利全收益指数,5593.51
20161229,H00922,中证红利全收益指数,5585.63
20161230,H00922,中证红利全收益指数,5612.71
20170103,H00922,中证红利全收益指数,5669.76
20170104,H00922,中证红利全收益指数,5716.61
20170105,H00922,中证红利全收益指数,5722.89
20170106,H00922,中证红利全收益指数,5698.27
20170109,H00922,中证红利全收益指数,5730.91
20170110,H00922,中证红利全收益指数,5715.01
20170111,H00922,中证红利全收益指数,5670.12
20170112,H00922,中证红利全收益指数,5635.61
20170113,H00922,中证红利全收益指数,5639.46
20170116,H00922,中证红利全收益指数,5643.66
20170117,H00922,中证红利全收益指数,5655.56
20170118,H00922,中证红利全收益指数,5690.7
20170119,H00922,中证红利全收益指数,5677.92
20170120,H00922,中证红利全收益指数,5727.95
20170123,H00922,中证红利全收益指数,5734.66
20170124,H00922,中证红利全收益指数,5756.44
20170125,H00922,中证红利全收益指数,5764.58
20170126,H00922,中证红利全收益指数,5775.43
20170203,H00922,中证红利全收益指数,5739.17
20170206,H00922,中证红利全收益指数,5756.23
20170207,H00922,中证红利全收益指数,5760.13
20170208,H00922,中证红利全收益指数,5780.82
20170209,H00922,中证红利全收益指数,5805.85
20170210,H00922,中证红利全收益指数,5842.68
20170213,H00922,中证红利全收益指数,5886.25
20170214,H00922,中证红利全收益指数,5873.88
20170215,H00922,中证红利全收益指数,5869.6
20170216,H00922,中证红利全收益指数,5901.08
20170217,H00922,中证红利全收益指数,5859.72
20170220,H00922,中证红利全收益指数,5963.25
20170221,H00922,中证红利全收益指数,5972.86
20170222,H00922,中证红利全收益指数,6006.93
20170223,H00922,中证红利全收益指数,5976.56
20170224,H00922,中证红利全收益指数,5968.0
20170227,H00922,中证红利全收益指数,5912.93
20170228,H00922,中证红利全收益指数,5938.72
20170301,H00922,中证红利全收益指数,5943.6
20170302,H00922,中证红利全收益指数,5913.88
20170303,H00922,中证红利全收益指数,5916.18
20170306,H00922,中证红利全收益指数,5946.42
20170307,H00922,中证红利全收益指数,5953.28
20170308,H00922,中证红利全收益指数,5937.49
20170309,H00922,中证红利全收益指数,5890.83
20170310,H00922,中证红利全收益指数,5896.02
20170313,H00922,中证红利全收益指数,5952.67
20170314,H00922,中证红利全收益指数,5950.16
20170315,H00922,中证红利全收益指数,5970.18
20170316,H00922,中证红利全收益指数,5992.74
20170317,H00922,中证红利全收益指数,5929.48
20170320,H00922,中证红利全收益指数,5957.99
20170321,H00922,中证红利全收益指数,6016.36
20170322,H00922,中证红利全收益指数,5983.09
20170323,H00922,中证红利全收益指数,5995.24
20170324,H00922,中证红利全收益指数,6048.29
20170327,H00922,中证红利全收益指数,6030.19
20170328,H00922,中证红利全收益指数,6009.46
20170329,H00922,中证红利全收益指数,6000.1
20170330,H00922,中证红利全收益指数,5960.09
20170331,H00922,中证红利全收益指数,6006.13
20170405,H00922,中证红利全收益指数,6087.33
20170406,H00922,中证红利全收益指数,6111.82
20170407,H00922,中证红利全收益指数,6122.51
20170410,H00922,中证红利全收益指数,6119.88
20170411,H00922,中证红利全收益指数,6141.71
20170412,H00922,中证红利全收益指数,6144.08
20170413,H00922,中证红利全收益指数,6182.07
20170414,H00922,中证红利全收益指数,6108.6
20170417,H00922,中证红利全收益指数,6078.24
20170418,H00922,中证红利全收益指数,6063.64
20170419,H00922,中证红利全收益指数,6040.92
20170420,H00922,中证红利全收益指数,6067.16
20170421,H00922,中证红利全收益指数,6071.55
20170424,H00922,中证红利全收益指数,5996.3
20170425,H00922,中证红利全收益指数,6024.34
20170426,H00922,中证红利全收益指数,6030.04
20170427,H00922,中证红利全收益指数,6016.36
20170428,H00922,中证红利全收益指数,5981.38
20170502,H00922,中证红利全收益指数,5951.2
20170503,H00922,中证红利全收益指数,5913.94
20170504,H00922,中证红利全收益指数,5911.3
20170505,H00922,中证红利全收益指数,5879.64
20170508,H00922,中证红利全收益指数,5831.17
20170509,H00922,中证红利全收益指数,5830.63
20170510,H00922,中证红利全收益指数,5771.91
20170511,H00922,中证红利全收益指数,5811.06
20170512,H00922,中证红利全收益指数,5856.43
20170515,H00922,中证红利全收益指数,5897.99
20170516,H00922,中证红利全收益指数,5966.51
20170517,H00922,中证红利全收益指数,5949.01
20170518,H00922,中证红利全收益指数,5921.52
20170519,H00922,中证红利全收益指数,5943.84
20170522,H00922,中证红利全收益指数,5925.81
20170523,H00922,中证红利全收益指数,5941.29
20170524,H00922,中证红利全收益指数,5951.66
20170525,H00922,中证红利全收益指数,6037.76
20170526,H00922,中证红利全收益指数,6050.42
20170531,H00922,中证红利全收益指数,6060.79
20170601,H00922,中证红利全收益指数,6050.43
20170602,H00922,中证红利全收益指数,6061.01
20170605,H00922,中证红利全收益指数,6038.48
20170606,H00922,中证红利全收益指数,6070.49
20170607,H00922,中证红利全收益指数,6155.06
20170608,H00922,中证红利全收益指数,6211.5
20170609,H00922,中证红利全收益指数,6233.06
20170612,H00922,中证红利全收益指数,6253.75
20170613,H00922,中证红利全收益指数,6274.68
20170614,H00922,中证红利全收益指数,6198.2
20170615,H00922,中证红利全收益指数,6174.18
20170616,H00922,中证红利全收益指数,6150.09
20170619,H00922,中证红利全收益指数,6194.91
20170620,H00922,中证红利全收益指数,6188.56
20170621,H00922,中证红利全收益指数,6263.06
20170622,H00922,中证红利全收益指数,6261.72
20170623,H00922,中证红利全收益指数,6314.6
20170626,H00922,中证红利全收益指数,6386.15
20170627,H00922,中证红利全收益指数,6399.12
20170628,H00922,中证红利全收益指数,6364.61
20170629,H00922,中证红利全收益指数,6392.27
20170630,H00922,中证红利全收益指数,6404.05
20170703,H00922,中证红利全收益指数,6392.28
20170704,H00922,中证红利全收益指数,6345.72
20170705,H00922,中证红利全收益指数,6401.44
20170706,H00922,中证红利全收益指数,6404.51
20170707,H00922,中证红利全收益指数,6410.95
20170710,H00922,中证红利全收益指数,6411.93
20170711,H00922,中证红利全收益指数,6447.57
20170712,H00922,中证红利全收益指数,6418.12
20170713,H00922,中证红利全收益指数,6439.6
20170714,H00922,中证红利全收益指数,6488.84
20170717,H00922,中证红利全收益指数,6409.68
20170718,H00922,中证红利全收益指数,6413.68
20170719,H00922,中证红利全收益指数,6502.6
20170720,H00922,中证红利全收益指数,6557.45
20170721,H00922,中证红利全收益指数,6556.61
20170724,H00922,中证红利全收益指数,6599.05
20170725,H00922,中证红利全收益指数,6567.42
20170726,H00922,中证红利全收益指数,6533.8
20170727,H00922,中证红利全收益指数,6527.23
20170728,H00922,中证红利全收益指数,6551.68
20170731,H00922,中证红利全收益指数,6580.65
20170801,H00922,中证红利全收益指数,6621.0
20170802,H00922,中证红利全收益指数,6591.74
20170803,H00922,中证红利全收益指数,6538.61
20170804,H00922,中证红利全收益指数,6508.59
20170807,H00922,中证红利全收益指数,6550.19
20170808,H00922,中证红利全收益指数,6543.69
20170809,H00922,中证红利全收益指数,6561.37
20170810,H00922,中证红利全收益指数,6543.48
20170811,H00922,中证红利全收益指数,6429.21
20170814,H00922,中证红利全收益指数,6482.02
20170815,H00922,中证红利全收益指数,6522.24
20170816,H00922,中证红利全收益指数,6499.84
20170817,H00922,中证红利全收益指数,6531.63
20170818,H00922,中证红利全收益指数,6547.1
20170821,H00922,中证红利全收益指数,6573.31
20170822,H00922,中证红利全收益指数,6574.79
20170823,H00922,中证红利全收益指数,6571.87
20170824,H00922,中证红利全收益指数,6568.23
20170825,H00922,中证红利全收益指数,6654.89
20170828,H00922,中证红利全收益指数,6702.51
20170829,H00922,中证红利全收益指数,6700.03
20170830,H00922,中证红利全收益指数,6706.54
20170831,H00922,中证红利全收益指数,6666.81
20170901,H00922,中证红利全收益指数,6681.32
20170904,H00922,中证红利全收益指数,6690.06
20170905,H00922,中证红利全收益指数,6694.08
20170906,H00922,中证红利全收益指数,6682.78
20170907,H00922,中证红利全收益指数,6667.96
20170908,H00922,中证红利全收益指数,6661.18
20170911,H00922,中证红利全收益指数,6673.25
20170912,H00922,中证红利全收益指数,6701.15
20170913,H00922,中证红利全收益指数,6714.9
20170914,H00922,中证红利全收益指数,6698.19
20170915,H00922,中证红利全收益指数,6686.42
20170918,H00922,中证红利全收益指数,6700.76
20170919,H00922,中证红利全收益指数,6681.08
20170920,H00922,中证红利全收益指数,6714.76
20170921,H00922,中证红利全收益指数,6711.77
20170922,H00922,中证红利全收益指数,6720.69
20170925,H00922,中证红利全收益指数,6690.25
20170926,H00922,中证红利全收益指数,6687.55
20170927,H00922,中证红利全收益指数,6697.42
20170928,H00922,中证红利全收益指数,6683.04
20170929,H00922,中证红利全收益指数,6695.92
20171009,H00922,中证红利全收益指数,6764.3
20171010,H00922,中证红利全收益指数,6773.08
20171011,H00922,中证红利全收益指数,6792.45
20171012,H00922,中证红利全收益指数,6793.44
20171013,H00922,中证红利全收益指数,6795.18
20171016,H00922,中证红利全收益指数,6748.42
20171017,H00922,中证红利全收益指数,6748.29
20171018,H00922,中证红利全收益指数,6794.2
20171019,H00922,中证红利全收益指数,6793.63
20171020,H00922,中证红利全收益指数,6796.31
20171023,H00922,中证红利全收益指数,6802.32
20171024,H00922,中证红利全收益指数,6843.36
20171025,H00922,中证红利全收益指数,6860.38
20171026,H00922,中证红利全收益指数,6867.31
20171027,H00922,中证红利全收益指数,6888.49
20171030,H00922,中证红利全收益指数,6858.99
20171031,H00922,中证红利全收益指数,6832.5
20171101,H00922,中证红利全收益指数,6799.26
20171102,H00922,中证红利全收益指数,6799.29
20171103,H00922,中证红利全收益指数,6770.48
20171106,H00922,中证红利全收益指数,6817.48
20171107,H00922,中证红利全收益指数,6859.79
20171108,H00922,中证红利全收益指数,6863.02
20171109,H00922,中证红利全收益指数,6899.66
20171110,H00922,中证红利全收益指数,6938.29
20171113,H00922,中证红利全收益指数,6976.18
20171114,H00922,中证红利全收益指数,6930.66
20171115,H00922,中证红利全收益指数,6900.18
20171116,H00922,中证红利全收益指数,6918.36
20171117,H00922,中证红利全收益指数,6929.68
20171120,H00922,中证红利全收益指数,6961.16
20171121,H00922,中证红利全收益指数,7052.79
20171122,H00922,中证红利全收益指数,7062.9
20171123,H00922,中证红利全收益指数,6876.92
20171124,H00922,中证红利全收益指数,6876.87
20171127,H00922,中证红利全收益指数,6816.64
20171128,H00922,中证红利全收益指数,6822.8
20171129,H00922,中证红利全收益指数,6815.88
20171130,H00922,中证红利全收益指数,6772.63
20171201,H00922,中证红利全收益指数,6761.67
20171204,H00922,中证红利全收益指数,6770.12
20171205,H00922,中证红利全收益指数,6788.72
20171206,H00922,中证红利全收益指数,6750.15
20171207,H00922,中证红利全收益指数,6681.54
20171208,H00922,中证红利全收益指数,6703.04
20171211,H00922,中证红利全收益指数,6773.77
20171212,H00922,中证红利全收益指数,6705.58
20171213,H00922,中证红利全收益指数,6756.77
20171214,H00922,中证红利全收益指数,6741.12
20171215,H00922,中证红利全收益指数,6687.3
20171218,H00922,中证红利全收益指数,6686.28
20171219,H00922,中证红利全收益指数,6742.87
20171220,H00922,中证红利全收益指数,6724.14
20171221,H00922,中证红利全收益指数,6761.06
20171222,H00922,中证红利全收益指数,6761.91
20171225,H00922,中证红利全收益指数,6753.16
20171226,H00922,中证红利全收益指数,6781.78
20171227,H00922,中证红利全收益指数,6732.91
20171228,H00922,中证红利全收益指数,6764.28
20171229,H00922,中证红利全收益指数,6810.49
20180102,H00922,中证红利全收益指数,6932.76
20180103,H00922,中证红利全收益指数,6966.62
20180104,H00922,中证红利全收益指数,6992.33
20180105,H00922,中证红利全收益指数,7042.21
20180108,H00922,中证红利全收益指数,7099.96
20180109,H00922,中证红利全收益指数,7094.87
20180110,H00922,中证红利全收益指数,7116.13
20180111,H00922,中证红利全收益指数,7097.14
20180112,H00922,中证红利全收益指数,7131.66
20180115,H00922,中证红利全收益指数,7105.64
20180116,H00922,中证红利全收益指数,7206.78
20180117,H00922,中证红利全收益指数,7197.53
20180118,H00922,中证红利全收益指数,7255.26
20180119,H00922,中证红利全收益指数,7252.29
20180122,H00922,中证红利全收益指数,7323.85
20180123,H00922,中证红利全收益指数,7410.83
20180124,H00922,中证红利全收益指数,7421.99
20180125,H00922,中证红利全收益指数,7391.78
20180126,H00922,中证红利全收益指数,7440.53
20180129,H00922,中证红利全收益指数,7367.67
20180130,H00922,中证红利全收益指数,7279.04
20180131,H00922,中证红利全收益指数,7270.69
20180201,H00922,中证红利全收益指数,7196.67
20180202,H00922,中证红利全收益指数,7255.94
20180205,H00922,中证红利全收益指数,7309.58
20180206,H00922,中证红利全收益指数,7100.25
20180207,H00922,中证红利全收益指数,6956.29
20180208,H00922,中证红利全收益指数,6891.3
20180209,H00922,中证红利全收益指数,6623.32
20180212,H00922,中证红利全收益指数,6698.56
20180213,H00922,中证红利全收益指数,6772.23
20180214,H00922,中证红利全收益指数,6790.09
20180222,H00922,中证红利全收益指数,6937.29
20180223,H00922,中证红利全收益指数,6957.52
20180226,H00922,中证红利全收益指数,7023.06
20180227,H00922,中证红利全收益指数,6913.08
20180228,H00922,中证红利全收益指数,6866.38
20180301,H00922,中证红利全收益指数,6875.85
20180302,H00922,中证红利全收益指数,6857.98
20180305,H00922,中证红利全收益指数,6848.64
20180306,H00922,中证红利全收益指数,6940.18
20180307,H00922,中证红利全收益指数,6912.86
20180308,H00922,中证红利全收益指数,6977.66
20180309,H00922,中证红利全收益指数,7002.04
20180312,H00922,中证红利全收益指数,7016.31
20180313,H00922,中证红利全收益指数,6973.33
20180314,H00922,中证红利全收益指数,6945.83
20180315,H00922,中证红利全收益指数,6954.54
20180316,H00922,中证红利全收益指数,6899.79
20180319,H00922,中证红利全收益指数,6869.0
20180320,H00922,中证红利全收益指数,6867.18
20180321,H00922,中证红利全收益指数,6854.58
20180322,H00922,中证红利全收益指数,6800.5
20180323,H00922,中证红利全收益指数,6604.77
20180326,H00922,中证红利全收益指数,6549.09
20180327,H00922,中证红利全收益指数,6583.9
20180328,H00922,中证红利全收益指数,6489.92
20180329,H00922,中证红利全收益指数,6602.07
20180330,H00922,中证红利全收益指数,6605.57
20180402,H00922,中证红利全收益指数,6572.04
20180403,H00922,中证红利全收益指数,6507.02
20180404,H00922,中证红利全收益指数,6502.06
20180409,H00922,中证红利全收益指数,6489.37
20180410,H00922,中证红利全收益指数,6598.87
20180411,H00922,中证红利全收益指数,6635.34
20180412,H00922,中证红利全收益指数,6575.34
20180413,H00922,中证红利全收益指数,6545.25
20180416,H00922,中证红利全收益指数,6436.07
20180417,H00922,中证红利全收益指数,6361.81
20180418,H00922,中证红利全收益指数,6388.28
20180419,H00922,中证红利全收益指数,6450.36
20180420,H00922,中证红利全收益指数,6360.94
20180423,H00922,中证红利全收益指数,6363.81
20180424,H00922,中证红利全收益指数,6492.98
20180425,H00922,中证红利全收益指数,6473.89
20180426,H00922,中证红利全收益指数,6376.47
20180427,H00922,中证红利全收益指数,6383.4
20180502,H00922,中证红利全收益指数,6413.31
20180503,H00922,中证红利全收益指数,6461.01
20180504,H00922,中证红利全收益指数,6444.79
20180507,H00922,中证红利全收益指数,6540.56
20180508,H00922,中证红利全收益指数,6594.41
20180509,H00922,中证红利全收益指数,6587.08
20180510,H00922,中证红利全收益指数,6626.43
20180511,H00922,中证红利全收益指数,6597.44
20180514,H00922,中证红利全收益指数,6626.46
20180515,H00922,中证红利全收益指数,6654.06
20180516,H00922,中证红利全收益指数,6617.09
20180517,H00922,中证红利全收益指数,6594.46
20180518,H00922,中证红利全收益指数,6658.19
20180521,H00922,中证红利全收益指数,6688.98
20180522,H00922,中证红利全收益指数,6670.57
20180523,H00922,中证红利全收益指数,6604.52
20180524,H00922,中证红利全收益指数,6561.82
20180525,H00922,中证红利全收益指数,6551.64
20180528,H00922,中证红利全收益指数,6572.21
20180529,H00922,中证红利全收益指数,6555.55
20180530,H00922,中证红利全收益指数,6433.86
20180531,H00922,中证红利全收益指数,6571.44
20180601,H00922,中证红利全收益指数,6524.56
20180604,H00922,中证红利全收益指数,6571.53
20180605,H00922,中证红利全收益指数,6606.41
20180606,H00922,中证红利全收益指数,6607.51
20180607,H00922,中证红利全收益指数,6574.92
20180608,H00922,中证红利全收益指数,6500.57
20180611,H00922,中证红利全收益指数,6491.94
20180612,H00922,中证红利全收益指数,6570.89
20180613,H00922,中证红利全收益指数,6521.52
20180614,H00922,中证红利全收益指数,6492.32
20180615,H00922,中证红利全收益指数,6475.67
20180618,H00922,中证红利全收益指数,6475.67
20180619,H00922,中证红利全收益指数,6230.33
20180620,H00922,中证红利全收益指数,6266.95
20180621,H00922,中证红利全收益指数,6213.46
20180622,H00922,中证红利全收益指数,6241.05
20180625,H00922,中证红利全收益指数,6183.79
20180626,H00922,中证红利全收益指数,6112.54
20180627,H00922,中证红利全收益指数,6042.11
20180628,H00922,中证红利全收益指数,5967.83
20180629,H00922,中证红利全收益指数,6101.21
20180702,H00922,中证红利全收益指数,5939.77
20180703,H00922,中证红利全收益指数,5952.74
20180704,H00922,中证红利全收益指数,5899.05
20180705,H00922,中证红利全收益指数,5842.77
20180706,H00922,中证红利全收益指数,5863.59
20180709,H00922,中证红利全收益指数,6010.53
20180710,H00922,中证红利全收益指数,6030.88
20180711,H00922,中证红利全收益指数,5934.61
20180712,H00922,中证红利全收益指数,6049.96
20180713,H00922,中证红利全收益指数,6072.91
20180716,H00922,中证红利全收益指数,6044.27
20180717,H00922,中证红利全收益指数,6018.19
20180718,H00922,中证红利全收益指数,6030.04
20180719,H00922,中证红利全收益指数,6022.01
20180720,H00922,中证红利全收益指数,6130.14
20180723,H00922,中证红利全收益指数,6193.44
20180724,H00922,中证红利全收益指数,6276.46
20180725,H00922,中证红利全收益指数,6266.67
20180726,H00922,中证红利全收益指数,6225.4
20180727,H00922,中证红利全收益指数,6209.13
20180730,H00922,中证红利全收益指数,6214.76
20180731,H00922,中证红利全收益指数,6222.39
20180801,H00922,中证红利全收益指数,6106.27
20180802,H00922,中证红利全收益指数,5984.54
20180803,H00922,中证红利全收益指数,5910.51
20180806,H00922,中证红利全收益指数,5833.68
20180807,H00922,中证红利全收益指数,5983.89
20180808,H00922,中证红利全收益指数,5905.76
20180809,H00922,中证红利全收益指数,6010.68
20180810,H00922,中证红利全收益指数,6000.86
20180813,H00922,中证红利全收益指数,5966.39
20180814,H00922,中证红利全收益指数,5962.16
20180815,H00922,中证红利全收益指数,5843.69
20180816,H00922,中证红利全收益指数,5809.64
20180817,H00922,中证红利全收益指数,5745.99
20180820,H00922,中证红利全收益指数,5799.73
20180821,H00922,中证红利全收益指数,5872.76
20180822,H00922,中证红利全收益指数,5834.23
20180823,H00922,中证红利全收益指数,5851.76
20180824,H00922,中证红利全收益指数,5871.47
20180827,H00922,中证红利全收益指数,5994.69
20180828,H00922,中证红利全收益指数,5988.29
20180829,H00922,中证红利全收益指数,5952.02
20180830,H00922,中证红利全收益指数,5922.26
20180831,H00922,中证红利全收益指数,5893.01
20180903,H00922,中证红利全收益指数,5878.18
20180904,H00922,中证红利全收益指数,5935.9
20180905,H00922,中证红利全收益指数,5841.82
20180906,H00922,中证红利全收益指数,5785.65
20180907,H00922,中证红利全收益指数,5805.09
20180910,H00922,中证红利全收益指数,5752.07
20180911,H00922,中证红利全收益指数,5739.09
20180912,H00922,中证红利全收益指数,5730.39
20180913,H00922,中证红利全收益指数,5782.62
20180914,H00922,中证红利全收益指数,5796.29
20180917,H00922,中证红利全收益指数,5742.83
20180918,H00922,中证红利全收益指数,5829.85
20180919,H00922,中证红利全收益指数,5911.1
20180920,H00922,中证红利全收益指数,5910.16
20180921,H00922,中证红利全收益指数,6065.77
20180925,H00922,中证红利全收益指数,6016.25
20180926,H00922,中证红利全收益指数,6056.98
20180927,H00922,中证红利全收益指数,6040.51
20180928,H00922,中证红利全收益指数,6105.45
20181008,H00922,中证红利全收益指数,5889.27
20181009,H00922,中证红利全收益指数,5876.8
20181010,H00922,中证红利全收益指数,5885.86
20181011,H00922,中证红利全收益指数,5602.9
20181012,H00922,中证红利全收益指数,5664.92
20181015,H00922,中证红利全收益指数,5554.51
20181016,H00922,中证红利全收益指数,5498.43
20181017,H00922,中证红利全收益指数,5539.94
20181018,H00922,中证红利全收益指数,5425.41
20181019,H00922,中证红利全收益指数,5575.98
20181022,H00922,中证红利全收益指数,5801.83
20181023,H00922,中证红利全收益指数,5666.18
20181024,H00922,中证红利全收益指数,5666.71
20181025,H00922,中证红利全收益指数,5681.38
20181026,H00922,中证红利全收益指数,5684.41
20181029,H00922,中证红利全收益指数,5543.91
20181030,H00922,中证红利全收益指数,5597.47
20181031,H00922,中证红利全收益指数,5661.78
20181101,H00922,中证红利全收益指数,5672.66
20181102,H00922,中证红利全收益指数,5821.76
20181105,H00922,中证红利全收益指数,5802.61
20181106,H00922,中证红利全收益指数,5790.19
20181107,H00922,中证红利全收益指数,5763.07
20181108,H00922,中证红利全收益指数,5755.08
20181109,H00922,中证红利全收益指数,5694.21
20181112,H00922,中证红利全收益指数,5785.5
20181113,H00922,中证红利全收益指数,5835.2
20181114,H00922,中证红利全收益指数,5788.76
20181115,H00922,中证红利全收益指数,5842.02
20181116,H00922,中证红利全收益指数,5884.62
20181119,H00922,中证红利全收益指数,5946.66
20181120,H00922,中证红利全收益指数,5815.45
20181121,H00922,中证红利全收益指数,5834.52
20181122,H00922,中证红利全收益指数,5815.31
20181123,H00922,中证红利全收益指数,5684.26
20181126,H00922,中证红利全收益指数,5682.91
20181127,H00922,中证红利全收益指数,5669.73
20181128,H00922,中证红利全收益指数,5732.11
20181129,H00922,中证红利全收益指数,5670.35
20181130,H00922,中证红利全收益指数,5719.89
20181203,H00922,中证红利全收益指数,5866.41
20181204,H00922,中证红利全收益指数,5883.7
20181205,H00922,中证红利全收益指数,5863.25
20181206,H00922,中证红利全收益指数,5767.57
20181207,H00922,中证红利全收益指数,5805.93
20181210,H00922,中证红利全收益指数,5751.91
20181211,H00922,中证红利全收益指数,5776.1
20181212,H00922,中证红利全收益指数,5815.77
20181213,H00922,中证红利全收益指数,5889.16
20181214,H00922,中证红利全收益指数,5802.71
20181217,H00922,中证红利全收益指数,5841.22
20181218,H00922,中证红利全收益指数,5799.16
20181219,H00922,中证红利全收益指数,5760.42
20181220,H00922,中证红利全收益指数,5755.69
20181221,H00922,中证红利全收益指数,5714.99
20181224,H00922,中证红利全收益指数,5755.62
20181225,H00922,中证红利全收益指数,5719.71
20181226,H00922,中证红利全收益指数,5717.37
20181227,H00922,中证红利全收益指数,5691.16
20181228,H00922,中证红利全收益指数,5710.43
20190102,H00922,中证红利全收益指数,5624.67
20190103,H00922,中证红利全收益指数,5591.2
20190104,H00922,中证红利全收益指数,5701.58
20190107,H00922,中证红利全收益指数,5779.61
20190108,H00922,中证红利全收益指数,5790.29
20190109,H00922,中证红利全收益指数,5839.23
20190110,H00922,中证红利全收益指数,5815.93
20190111,H00922,中证红利全收益指数,5838.83
20190114,H00922,中证红利全收益指数,5829.8
20190115,H00922,中证红利全收益指数,5885.21
20190116,H00922,中证红利全收益指数,5892.24
20190117,H00922,中证红利全收益指数,5879.6
20190118,H00922,中证红利全收益指数,5945.11
20190121,H00922,中证红利全收益指数,5954.28
20190122,H00922,中证红利全收益指数,5897.71
20190123,H00922,中证红利全收益指数,5922.89
20190124,H00922,中证红利全收益指数,5944.53
20190125,H00922,中证红利全收益指数,5973.41
20190128,H00922,中证红利全收益指数,5974.84
20190129,H00922,中证红利全收益指数,5990.45
20190130,H00922,中证红利全收益指数,5954.32
20190131,H00922,中证红利全收益指数,5971.18
20190201,H00922,中证红利全收益指数,6050.31
20190211,H00922,中证红利全收益指数,6142.23
20190212,H00922,中证红利全收益指数,6196.81
20190213,H00922,中证红利全收益指数,6275.59
20190214,H00922,中证红利全收益指数,6275.92
20190215,H00922,中证红利全收益指数,6191.25
20190218,H00922,中证红利全收益指数,6340.64
20190219,H00922,中证红利全收益指数,6333.06
20190220,H00922,中证红利全收益指数,6337.57
20190221,H00922,中证红利全收益指数,6296.09
20190222,H00922,中证红利全收益指数,6380.97
20190225,H00922,中证红利全收益指数,6653.11
20190226,H00922,中证红利全收益指数,6628.57
20190227,H00922,中证红利全收益指数,6614.35
20190228,H00922,中证红利全收益指数,6609.36
20190301,H00922,中证红利全收益指数,6700.39
20190304,H00922,中证红利全收益指数,6780.41
20190305,H00922,中证红利全收益指数,6858.13
20190306,H00922,中证红利全收益指数,6941.8
20190307,H00922,中证红利全收益指数,6933.66
20190308,H00922,中证红利全收益指数,6652.19
20190311,H00922,中证红利全收益指数,6790.03
20190312,H00922,中证红利全收益指数,6844.49
20190313,H00922,中证红利全收益指数,6782.35
20190314,H00922,中证红利全收益指数,6688.4
20190315,H00922,中证红利全收益指数,6807.55
20190318,H00922,中证红利全收益指数,7000.19
20190319,H00922,中证红利全收益指数,6963.87
20190320,H00922,中证红利全收益指数,6972.78
20190321,H00922,中证红利全收益指数,7003.14
20190322,H00922,中证红利全收益指数,7046.22
20190325,H00922,中证红利全收益指数,6939.14
20190326,H00922,中证红利全收益指数,6834.81
20190327,H00922,中证红利全收益指数,6935.15
20190328,H00922,中证红利全收益指数,6865.51
20190329,H00922,中证红利全收益指数,7058.96
20190401,H00922,中证红利全收益指数,7264.57
20190402,H00922,中证红利全收益指数,7271.27
20190403,H00922,中证红利全收益指数,7373.09
20190404,H00922,中证红利全收益指数,7474.03
20190408,H00922,中证红利全收益指数,7549.86
20190409,H00922,中证红利全收益指数,7542.33
20190410,H00922,中证红利全收益指数,7562.57
20190411,H00922,中证红利全收益指数,7470.06
20190412,H00922,中证红利全收益指数,7432.79
20190415,H00922,中证红利全收益指数,7353.7
20190416,H00922,中证红利全收益指数,7460.04
20190417,H00922,中证红利全收益指数,7490.35
20190418,H00922,中证红利全收益指数,7395.98
20190419,H00922,中证红利全收益指数,7433.28
20190422,H00922,中证红利全收益指数,7286.23
20190423,H00922,中证红利全收益指数,7230.43
20190424,H00922,中证红利全收益指数,7295.59
20190425,H00922,中证红利全收益指数,7105.45
20190426,H00922,中证红利全收益指数,7010.35
20190429,H00922,中证红利全收益指数,6960.75
20190430,H00922,中证红利全收益指数,7059.91
20190506,H00922,中证红利全收益指数,6672.35
20190507,H00922,中证红利全收益指数,6760.22
20190508,H00922,中证红利全收益指数,6682.68
20190509,H00922,中证红利全收益指数,6575.71
20190510,H00922,中证红利全收益指数,6756.51
20190513,H00922,中证红利全收益指数,6700.39
20190514,H00922,中证红利全收益指数,6663.0
20190515,H00922,中证红利全收益指数,6787.69
20190516,H00922,中证红利全收益指数,6818.66
20190517,H00922,中证红利全收益指数,6647.16
20190520,H00922,中证红利全收益指数,6593.59
20190521,H00922,中证红利全收益指数,6719.5
20190522,H00922,中证红利全收益指数,6683.89
20190523,H00922,中证红利全收益指数,6599.49
20190524,H00922,中证红利全收益指数,6597.6
20190527,H00922,中证红利全收益指数,6679.88
20190528,H00922,中证红利全收益指数,6742.36
20190529,H00922,中证红利全收益指数,6726.49
20190530,H00922,中证红利全收益指数,6718.4
20190531,H00922,中证红利全收益指数,6723.69
20190603,H00922,中证红利全收益指数,6664.79
20190604,H00922,中证红利全收益指数,6599.23
20190605,H00922,中证红利全收益指数,6577.94
20190606,H00922,中证红利全收益指数,6501.79
20190610,H00922,中证红利全收益指数,6559.47
20190611,H00922,中证红利全收益指数,6743.2
20190612,H00922,中证红利全收益指数,6679.14
20190613,H00922,中证红利全收益指数,6663.42
20190614,H00922,中证红利全收益指数,6601.25
20190617,H00922,中证红利全收益指数,6602.37
20190618,H00922,中证红利全收益指数,6597.4
20190619,H00922,中证红利全收益指数,6645.83
20190620,H00922,中证红利全收益指数,6755.82
20190621,H00922,中证红利全收益指数,6768.27
20190624,H00922,中证红利全收益指数,6792.51
20190625,H00922,中证红利全收益指数,6715.42
20190626,H00922,中证红利全收益指数,6721.49
20190627,H00922,中证红利全收益指数,6760.36
20190628,H00922,中证红利全收益指数,6727.9
20190701,H00922,中证红利全收益指数,6849.82
20190702,H00922,中证红利全收益指数,6888.15
20190703,H00922,中证红利全收益指数,6874.75
20190704,H00922,中证红利全收益指数,6859.17
20190705,H00922,中证红利全收益指数,6890.3
20190708,H00922,中证红利全收益指数,6727.78
20190709,H00922,中证红利全收益指数,6749.6
20190710,H00922,中证红利全收益指数,6696.8
20190711,H00922,中证红利全收益指数,6688.52
20190712,H00922,中证红利全收益指数,6727.16
20190715,H00922,中证红利全收益指数,6766.31
20190716,H00922,中证红利全收益指数,6765.8
20190717,H00922,中证红利全收益指数,6763.25
20190718,H00922,中证红利全收益指数,6670.89
20190719,H00922,中证红利全收益指数,6722.28
20190722,H00922,中证红利全收益指数,6644.65
20190723,H00922,中证红利全收益指数,6682.27
20190724,H00922,中证红利全收益指数,6719.37
20190725,H00922,中证红利全收益指数,6739.2
20190726,H00922,中证红利全收益指数,6756.7
20190729,H00922,中证红利全收益指数,6749.17
20190730,H00922,中证红利全收益指数,6789.81
20190731,H00922,中证红利全收益指数,6728.47
20190801,H00922,中证红利全收益指数,6680.93
20190802,H00922,中证红利全收益指数,6577.2
20190805,H00922,中证红利全收益指数,6475.02
20190806,H00922,中证红利全收益指数,6359.97
20190807,H00922,中证红利全收益指数,6343.46
20190808,H00922,中证红利全收益指数,6389.97
20190809,H00922,中证红利全收益指数,6334.39
20190812,H00922,中证红利全收益指数,6427.73
20190813,H00922,中证红利全收益指数,6381.37
20190814,H00922,中证红利全收益指数,6413.47
20190815,H00922,中证红利全收益指数,6430.65
20190816,H00922,中证红利全收益指数,6438.67
20190819,H00922,中证红利全收益指数,6563.99
20190820,H00922,中证红利全收益指数,6560.29
20190821,H00922,中证红利全收益指数,6548.36
20190822,H00922,中证红利全收益指数,6545.94
20190823,H00922,中证红利全收益指数,6559.36
20190826,H00922,中证红利全收益指数,6485.99
20190827,H00922,中证红利全收益指数,6570.83
20190828,H00922,中证红利全收益指数,6576.92
20190829,H00922,中证红利全收益指数,6544.65
20190830,H00922,中证红利全收益指数,6509.3
20190902,H00922,中证红利全收益指数,6604.06
20190903,H00922,中证红利全收益指数,6615.35
20190904,H00922,中证红利全收益指数,6699.5
20190905,H00922,中证红利全收益指数,6737.53
20190906,H00922,中证红利全收益指数,6783.82
20190909,H00922,中证红利全收益指数,6826.49
20190910,H00922,中证红利全收益指数,6795.43
20190911,H00922,中证红利全收益指数,6771.03
20190912,H00922,中证红利全收益指数,6814.11
20190916,H00922,中证红利全收益指数,6814.79
20190917,H00922,中证红利全收益指数,6703.92
20190918,H00922,中证红利全收益指数,6743.7
20190919,H00922,中证红利全收益指数,6757.58
20190920,H00922,中证红利全收益指数,6776.34
20190923,H00922,中证红利全收益指数,6686.94
20190924,H00922,中证红利全收益指数,6691.36
20190925,H00922,中证红利全收益指数,6609.85
20190926,H00922,中证红利全收益指数,6566.36
20190927,H00922,中证红利全收益指数,6549.75
20190930,H00922,中证红利全收益指数,6513.86
20191008,H00922,中证红利全收益指数,6563.44
20191009,H00922,中证红利全收益指数,6620.97
20191010,H00922,中证红利全收益指数,6658.97
20191011,H00922,中证红利全收益指数,6698.2
20191014,H00922,中证红利全收益指数,6773.06
20191015,H00922,中证红利全收益指数,6725.55
20191016,H00922,中证红利全收益指数,6698.06
20191017,H00922,中证红利全收益指数,6676.4
20191018,H00922,中证红利全收益指数,6587.32
20191021,H00922,中证红利全收益指数,6612.16
20191022,H00922,中证红利全收益指数,6642.26
20191023,H00922,中证红利全收益指数,6614.72
20191024,H00922,中证红利全收益指数,6625.36
20191025,H00922,中证红利全收益指数,6663.45
20191028,H00922,中证红利全收益指数,6697.37
20191029,H00922,中证红利全收益指数,6652.04
20191030,H00922,中证红利全收益指数,6596.49
20191031,H00922,中证红利全收益指数,6555.98
20191101,H00922,中证红利全收益指数,6639.5
20191104,H00922,中证红利全收益指数,6653.93
20191105,H00922,中证红利全收益指数,6682.94
20191106,H00922,中证红利全收益指数,6634.35
20191107,H00922,中证红利全收益指数,6656.12
20191108,H00922,中证红利全收益指数,6642.93
20191111,H00922,中证红利全收益指数,6522.19
20191112,H00922,中证红利全收益指数,6540.07
20191113,H00922,中证红利全收益指数,6508.22
20191114,H00922,中证红利全收益指数,6511.27
20191115,H00922,中证红利全收益指数,6443.33
20191118,H00922,中证红利全收益指数,6508.47
20191119,H00922,中证红利全收益指数,6577.51
20191120,H00922,中证红利全收益指数,6524.98
20191121,H00922,中证红利全收益指数,6519.99
20191122,H00922,中证红利全收益指数,6495.89
20191125,H00922,中证红利全收益指数,6581.44
20191126,H00922,中证红利全收益指数,6567.5
20191127,H00922,中证红利全收益指数,6534.24
20191128,H00922,中证红利全收益指数,6513.67
20191129,H00922,中证红利全收益指数,6501.07
20191202,H00922,中证红利全收益指数,6523.66
20191203,H00922,中证红利全收益指数,6549.6
20191204,H00922,中证红利全收益指数,6516.36
20191205,H00922,中证红利全收益指数,6546.23
20191206,H00922,中证红利全收益指数,6556.45
20191209,H00922,中证红利全收益指数,6584.49
20191210,H00922,中证红利全收益指数,6580.77
20191211,H00922,中证红利全收益指数,6621.9
20191212,H00922,中证红利全收益指数,6630.45
20191213,H00922,中证红利全收益指数,6693.85
20191216,H00922,中证红利全收益指数,6744.04
20191217,H00922,中证红利全收益指数,6796.37
20191218,H00922,中证红利全收益指数,6783.36
20191219,H00922,中证红利全收益指数,6792.17
20191220,H00922,中证红利全收益指数,6761.49
20191223,H00922,中证红利全收益指数,6677.08
20191224,H00922,中证红利全收益指数,6714.53
20191225,H00922,中证红利全收益指数,6705.33
20191226,H00922,中证红利全收益指数,6781.5
20191227,H00922,中证红利全收益指数,6768.79
20191230,H00922,中证红利全收益指数,6858.98
20191231,H00922,中证红利全收益指数,6902.53
20200102,H00922,中证红利全收益指数,6999.68
20200103,H00922,中证红利全收益指数,6997.42
20200106,H00922,中证红利全收益指数,6972.77
20200107,H00922,中证红利全收益指数,7029.42
20200108,H00922,中证红利全收益指数,6947.43
20200109,H00922,中证红利全收益指数,7035.1
20200110,H00922,中证红利全收益指数,7008.55
20200113,H00922,中证红利全收益指数,7057.75
20200114,H00922,中证红利全收益指数,7065.08
20200115,H00922,中证红利全收益指数,7028.65
20200116,H00922,中证红利全收益指数,6991.93
20200117,H00922,中证红利全收益指数,6994.87
20200120,H00922,中证红利全收益指数,7003.26
20200121,H00922,中证红利全收益指数,6874.51
20200122,H00922,中证红利全收益指数,6898.58
20200123,H00922,中证红利全收益指数,6712.04
20200203,H00922,中证红利全收益指数,6114.12
20200204,H00922,中证红利全收益指数,6242.09
20200205,H00922,中证红利全收益指数,6314.32
20200206,H00922,中证红利全收益指数,6393.5
20200207,H00922,中证红利全收益指数,6415.26
20200210,H00922,中证红利全收益指数,6512.84
20200211,H00922,中证红利全收益指数,6535.13
20200212,H00922,中证红利全收益指数,6576.75
20200213,H00922,中证红利全收益指数,6536.5
20200214,H00922,中证红利全收益指数,6585.93
20200217,H00922,中证红利全收益指数,6722.54
20200218,H00922,中证红利全收益指数,6736.45
20200219,H00922,中证红利全收益指数,6709.57
20200220,H00922,中证红利全收益指数,6804.6
20200221,H00922,中证红利全收益指数,6830.4
20200224,H00922,中证红利全收益指数,6782.86
20200225,H00922,中证红利全收益指数,6715.21
20200226,H00922,中证红利全收益指数,6712.04
20200227,H00922,中证红利全收益指数,6720.58
20200228,H00922,中证红利全收益指数,6512.1
20200302,H00922,中证红利全收益指数,6768.94
20200303,H00922,中证红利全收益指数,6767.69
20200304,H00922,中证红利全收益指数,6854.89
20200305,H00922,中证红利全收益指数,6939.87
20200306,H00922,中证红利全收益指数,6857.53
20200309,H00922,中证红利全收益指数,6645.04
20200310,H00922,中证红利全收益指数,6763.45
20200311,H00922,中证红利全收益指数,6704.34
20200312,H00922,中证红利全收益指数,6584.28
20200313,H00922,中证红利全收益指数,6480.98
20200316,H00922,中证红利全收益指数,6279.92
20200317,H00922,中证红利全收益指数,6257.11
20200318,H00922,中证红利全收益指数,6166.53
20200319,H00922,中证红利全收益指数,6104.29
20200320,H00922,中证红利全收益指数,6189.14
20200323,H00922,中证红利全收益指数,6010.26
20200324,H00922,中证红利全收益指数,6158.75
20200325,H00922,中证红利全收益指数,6286.47
20200326,H00922,中证红利全收益指数,6224.83
20200327,H00922,中证红利全收益指数,6270.43
20200330,H00922,中证红利全收益指数,6189.73
20200331,H00922,中证红利全收益指数,6179.02
20200401,H00922,中证红利全收益指数,6141.43
20200402,H00922,中证红利全收益指数,6230.94
20200403,H00922,中证红利全收益指数,6198.05
20200407,H00922,中证红利全收益指数,6312.6
20200408,H00922,中证红利全收益指数,6307.28
20200409,H00922,中证红利全收益指数,6324.65
20200410,H00922,中证红利全收益指数,6258.73
20200413,H00922,中证红利全收益指数,6242.41
20200414,H00922,中证红利全收益指数,6321.94
20200415,H00922,中证红利全收益指数,6287.22
20200416,H00922,中证红利全收益指数,6267.94
20200417,H00922,中证红利全收益指数,6286.48
20200420,H00922,中证红利全收益指数,6322.88
20200421,H00922,中证红利全收益指数,6284.59
20200422,H00922,中证红利全收益指数,6312.96
20200423,H00922,中证红利全收益指数,6293.37
20200424,H00922,中证红利全收益指数,6255.34
20200427,H00922,中证红利全收益指数,6292.01
20200428,H00922,中证红利全收益指数,6253.92
20200429,H00922,中证红利全收益指数,6315.14
20200430,H00922,中证红利全收益指数,6378.12
20200506,H00922,中证红利全收益指数,6384.47
20200507,H00922,中证红利全收益指数,6394.27
20200508,H00922,中证红利全收益指数,6444.68
20200511,H00922,中证红利全收益指数,6448.0
20200512,H00922,中证红利全收益指数,6427.06
20200513,H00922,中证红利全收益指数,6441.42
20200514,H00922,中证红利全收益指数,6373.44
20200515,H00922,中证红利全收益指数,6350.53
20200518,H00922,中证红利全收益指数,6351.68
20200519,H00922,中证红利全收益指数,6390.68
20200520,H00922,中证红利全收益指数,6342.92
20200521,H00922,中证红利全收益指数,6308.23
20200522,H00922,中证红利全收益指数,6203.94
20200525,H00922,中证红利全收益指数,6235.5
20200526,H00922,中证红利全收益指数,6283.95
20200527,H00922,中证红利全收益指数,6311.16
20200528,H00922,中证红利全收益指数,6311.24
20200529,H00922,中证红利全收益指数,6285.17
20200601,H00922,中证红利全收益指数,6411.97
20200602,H00922,中证红利全收益指数,6430.23
20200603,H00922,中证红利全收益指数,6434.87
20200604,H00922,中证红利全收益指数,6454.95
20200605,H00922,中证红利全收益指数,6434.26
20200608,H00922,中证红利全收益指数,6439.27
20200609,H00922,中证红利全收益指数,6465.34
20200610,H00922,中证红利全收益指数,6439.49
20200611,H00922,中证红利全收益指数,6387.87
20200612,H00922,中证红利全收益指数,6378.75
20200615,H00922,中证红利全收益指数,6334.11
20200616,H00922,中证红利全收益指数,6442.0
20200617,H00922,中证红利全收益指数,6455.28
20200618,H00922,中证红利全收益指数,6514.08
20200619,H00922,中证红利全收益指数,6527.95
20200622,H00922,中证红利全收益指数,6484.71
20200623,H00922,中证红利全收益指数,6483.85
20200624,H00922,中证红利全收益指数,6497.4
20200629,H00922,中证红利全收益指数,6466.99
20200630,H00922,中证红利全收益指数,6526.15
20200701,H00922,中证红利全收益指数,6643.3
20200702,H00922,中证红利全收益指数,6799.87
20200703,H00922,中证红利全收益指数,6875.06
20200706,H00922,中证红利全收益指数,7238.21
20200707,H00922,中证红利全收益指数,7210.2
20200708,H00922,中证红利全收益指数,7298.81
20200709,H00922,中证红利全收益指数,7368.61
20200710,H00922,中证红利全收益指数,7220.16
20200713,H00922,中证红利全收益指数,7417.88
20200714,H00922,中证红利全收益指数,7383.28
20200715,H00922,中证红利全收益指数,7254.42
20200716,H00922,中证红利全收益指数,7025.29
20200717,H00922,中证红利全收益指数,7070.54
20200720,H00922,中证红利全收益指数,7377.24
20200721,H00922,中证红利全收益指数,7363.89
20200722,H00922,中证红利全收益指数,7358.26
20200723,H00922,中证红利全收益指数,7274.66
20200724,H00922,中证红利全收益指数,7002.94
20200727,H00922,中证红利全收益指数,6984.14
20200728,H00922,中证红利全收益指数,7050.82
20200729,H00922,中证红利全收益指数,7170.71
20200730,H00922,中证红利全收益指数,7167.15
20200731,H00922,中证红利全收益指数,7230.28
20200803,H00922,中证红利全收益指数,7370.83
20200804,H00922,中证红利全收益指数,7391.51
20200805,H00922,中证红利全收益指数,7387.24
20200806,H00922,中证红利全收益指数,7392.54
20200807,H00922,中证红利全收益指数,7335.98
20200810,H00922,中证红利全收益指数,7431.23
20200811,H00922,中证红利全收益指数,7356.38
20200812,H00922,中证红利全收益指数,7309.79
20200813,H00922,中证红利全收益指数,7337.31
20200814,H00922,中证红利全收益指数,7395.1
20200817,H00922,中证红利全收益指数,7548.97
20200818,H00922,中证红利全收益指数,7563.51
20200819,H00922,中证红利全收益指数,7491.43
20200820,H00922,中证红利全收益指数,7434.53
20200821,H00922,中证红利全收益指数,7430.4
20200824,H00922,中证红利全收益指数,7473.14
20200825,H00922,中证红利全收益指数,7467.35
20200826,H00922,中证红利全收益指数,7342.9
20200827,H00922,中证红利全收益指数,7386.53
20200828,H00922,中证红利全收益指数,7516.48
20200831,H00922,中证红利全收益指数,7476.65
20200901,H00922,中证红利全收益指数,7490.94
20200902,H00922,中证红利全收益指数,7484.54
20200903,H00922,中证红利全收益指数,7473.05
20200904,H00922,中证红利全收益指数,7451.66
20200907,H00922,中证红利全收益指数,7366.43
20200908,H00922,中证红利全收益指数,7409.25
20200909,H00922,中证红利全收益指数,7296.94
20200910,H00922,中证红利全收益指数,7229.19
20200911,H00922,中证红利全收益指数,7259.28
20200914,H00922,中证红利全收益指数,7290.67
20200915,H00922,中证红利全收益指数,7324.19
20200916,H00922,中证红利全收益指数,7321.62
20200917,H00922,中证红利全收益指数,7349.81
20200918,H00922,中证红利全收益指数,7465.17
20200921,H00922,中证红利全收益指数,7419.64
20200922,H00922,中证红利全收益指数,7312.72
20200923,H00922,中证红利全收益指数,7323.21
20200924,H00922,中证红利全收益指数,7187.27
20200925,H00922,中证红利全收益指数,7145.42
20200928,H00922,中证红利全收益指数,7139.23
20200929,H00922,中证红利全收益指数,7168.21
20200930,H00922,中证红利全收益指数,7132.7
20201009,H00922,中证红利全收益指数,7289.65
20201012,H00922,中证红利全收益指数,7470.37
20201013,H00922,中证红利全收益指数,7485.16
20201014,H00922,中证红利全收益指数,7483.94
20201015,H00922,中证红利全收益指数,7453.85
20201016,H00922,中证红利全收益指数,7473.64
20201019,H00922,中证红利全收益指数,7422.2
20201020,H00922,中证红利全收益指数,7429.25
20201021,H00922,中证红利全收益指数,7404.71
20201022,H00922,中证红利全收益指数,7346.96
20201023,H00922,中证红利全收益指数,7289.53
20201026,H00922,中证红利全收益指数,7300.74
20201027,H00922,中证红利全收益指数,7276.42
20201028,H00922,中证红利全收益指数,7275.65
20201029,H00922,中证红利全收益指数,7313.81
20201030,H00922,中证红利全收益指数,7202.87
20201102,H00922,中证红利全收益指数,7273.07
20201103,H00922,中证红利全收益指数,7363.88
20201104,H00922,中证红利全收益指数,7404.89
20201105,H00922,中证红利全收益指数,7532.77
20201106,H00922,中证红利全收益指数,7544.74
20201109,H00922,中证红利全收益指数,7668.3
20201110,H00922,中证红利全收益指数,7643.66
20201111,H00922,中证红利全收益指数,7678.09
20201112,H00922,中证红利全收益指数,7721.21
20201113,H00922,中证红利全收益指数,7669.8
20201116,H00922,中证红利全收益指数,7830.04
20201117,H00922,中证红利全收益指数,7882.73
20201118,H00922,中证红利全收益指数,7913.0
20201119,H00922,中证红利全收益指数,7879.76
20201120,H00922,中证红利全收益指数,7920.22
20201123,H00922,中证红利全收益指数,8031.05
20201124,H00922,中证红利全收益指数,7999.79
20201125,H00922,中证红利全收益指数,7890.55
20201126,H00922,中证红利全收益指数,7859.48
20201127,H00922,中证红利全收益指数,7914.81
20201130,H00922,中证红利全收益指数,7828.3
20201201,H00922,中证红利全收益指数,7934.57
20201202,H00922,中证红利全收益指数,7947.67
20201203,H00922,中证红利全收益指数,7891.48
20201204,H00922,中证红利全收益指数,7880.51
20201207,H00922,中证红利全收益指数,7800.88
20201208,H00922,中证红利全收益指数,7777.84
20201209,H00922,中证红利全收益指数,7681.52
20201210,H00922,中证红利全收益指数,7694.41
20201211,H00922,中证红利全收益指数,7648.15
20201214,H00922,中证红利全收益指数,7594.98
20201215,H00922,中证红利全收益指数,7579.83
20201216,H00922,中证红利全收益指数,7548.75
20201217,H00922,中证红利全收益指数,7625.07
20201218,H00922,中证红利全收益指数,7658.74
20201221,H00922,中证红利全收益指数,7683.44
20201222,H00922,中证红利全收益指数,7507.58
20201223,H00922,中证红利全收益指数,7511.63
20201224,H00922,中证红利全收益指数,7442.32
20201225,H00922,中证红利全收益指数,7495.55
20201228,H00922,中证红利全收益指数,7445.63
20201229,H00922,中证红利全收益指数,7383.05
20201230,H00922,中证红利全收益指数,7412.91
20201231,H00922,中证红利全收益指数,7467.49
20210104,H00922,中证红利全收益指数,7493.02
20210105,H00922,中证红利全收益指数,7509.62
20210106,H00922,中证红利全收益指数,7526.97
20210107,H00922,中证红利全收益指数,7475.91
20210108,H00922,中证红利全收益指数,7497.69
20210111,H00922,中证红利全收益指数,7414.52
20210112,H00922,中证红利全收益指数,7474.99
20210113,H00922,中证红利全收益指数,7463.91
20210114,H00922,中证红利全收益指数,7437.13
20210115,H00922,中证红利全收益指数,7480.69
20210118,H00922,中证红利全收益指数,7537.5
20210119,H00922,中证红利全收益指数,7577.54
20210120,H00922,中证红利全收益指数,7566.52
20210121,H00922,中证红利全收益指数,7599.69
20210122,H00922,中证红利全收益指数,7517.23
20210125,H00922,中证红利全收益指数,7408.8
20210126,H00922,中证红利全收益指数,7361.35
20210127,H00922,中证红利全收益指数,7367.25
20210128,H00922,中证红利全收益指数,7262.89
20210129,H00922,中证红利全收益指数,7201.04
20210201,H00922,中证红利全收益指数,7283.07
20210202,H00922,中证红利全收益指数,7332.19
20210203,H00922,中证红利全收益指数,7272.74
20210204,H00922,中证红利全收益指数,7200.53
20210205,H00922,中证红利全收益指数,7226.44
20210208,H00922,中证红利全收益指数,7299.46
20210209,H00922,中证红利全收益指数,7390.91
20210210,H00922,中证红利全收益指数,7444.21
20210218,H00922,中证红利全收益指数,7624.87
20210219,H00922,中证红利全收益指数,7758.11
20210222,H00922,中证红利全收益指数,7842.02
20210223,H00922,中证红利全收益指数,7783.32
20210224,H00922,中证红利全收益指数,7698.5
20210225,H00922,中证红利全收益指数,7808.09
20210226,H00922,中证红利全收益指数,7646.28
20210301,H00922,中证红利全收益指数,7801.58
20210302,H00922,中证红利全收益指数,7733.79
20210303,H00922,中证红利全收益指数,7913.83
20210304,H00922,中证红利全收益指数,7853.12
20210305,H00922,中证红利全收益指数,7803.51
20210308,H00922,中证红利全收益指数,7735.3
20210309,H00922,中证红利全收益指数,7671.81
20210310,H00922,中证红利全收益指数,7630.72
20210311,H00922,中证红利全收益指数,7805.0
20210312,H00922,中证红利全收益指数,7869.7
20210315,H00922,中证红利全收益指数,7888.27
20210316,H00922,中证红利全收益指数,7940.08
20210317,H00922,中证红利全收益指数,7902.45
20210318,H00922,中证红利全收益指数,7931.2
20210319,H00922,中证红利全收益指数,7852.24
20210322,H00922,中证红利全收益指数,7959.8
20210323,H00922,中证红利全收益指数,7845.69
20210324,H00922,中证红利全收益指数,7723.58
20210325,H00922,中证红利全收益指数,7695.02
20210326,H00922,中证红利全收益指数,7790.76
20210329,H00922,中证红利全收益指数,7877.95
20210330,H00922,中证红利全收益指数,7867.46
20210331,H00922,中证红利全收益指数,7843.83
20210401,H00922,中证红利全收益指数,7905.43
20210402,H00922,中证红利全收益指数,7859.49
20210406,H00922,中证红利全收益指数,7893.71
20210407,H00922,中证红利全收益指数,7961.39
20210408,H00922,中证红利全收益指数,7944.0
20210409,H00922,中证红利全收益指数,7951.63
20210412,H00922,中证红利全收益指数,7915.24
20210413,H00922,中证红利全收益指数,7846.44
20210414,H00922,中证红利全收益指数,7905.05
20210415,H00922,中证红利全收益指数,7913.55
20210416,H00922,中证红利全收益指数,8009.52
20210419,H00922,中证红利全收益指数,8058.14
20210420,H00922,中证红利全收益指数,8054.16
20210421,H00922,中证红利全收益指数,8045.68
20210422,H00922,中证红利全收益指数,8079.62
20210423,H00922,中证红利全收益指数,8055.49
20210426,H00922,中证红利全收益指数,7998.74
20210427,H00922,中证红利全收益指数,8001.03
20210428,H00922,中证红利全收益指数,8052.66
20210429,H00922,中证红利全收益指数,8099.34
20210430,H00922,中证红利全收益指数,8061.48
20210506,H00922,中证红利全收益指数,8180.06
20210507,H00922,中证红利全收益指数,8196.55
20210510,H00922,中证红利全收益指数,8266.56
20210511,H00922,中证红利全收益指数,8189.85
20210512,H00922,中证红利全收益指数,8265.71
20210513,H00922,中证红利全收益指数,8171.44
20210514,H00922,中证红利全收益指数,8227.97
20210517,H00922,中证红利全收益指数,8216.71
20210518,H00922,中证红利全收益指数,8262.06
20210519,H00922,中证红利全收益指数,8258.8
20210520,H00922,中证红利全收益指数,8139.75
20210521,H00922,中证红利全收益指数,8175.72
20210524,H00922,中证红利全收益指数,8229.13
20210525,H00922,中证红利全收益指数,8332.61
20210526,H00922,中证红利全收益指数,8392.66
20210527,H00922,中证红利全收益指数,8432.93
20210528,H00922,中证红利全收益指数,8450.45
20210531,H00922,中证红利全收益指数,8527.18
20210601,H00922,中证红利全收益指数,8588.18
20210602,H00922,中证红利全收益指数,8545.0
20210603,H00922,中证红利全收益指数,8538.41
20210604,H00922,中证红利全收益指数,8513.58
20210607,H00922,中证红利全收益指数,8498.36
20210608,H00922,中证红利全收益指数,8452.99
20210609,H00922,中证红利全收益指数,8481.99
20210610,H00922,中证红利全收益指数,8502.24
20210611,H00922,中证红利全收益指数,8474.48
20210615,H00922,中证红利全收益指数,8405.03
20210616,H00922,中证红利全收益指数,8295.22
20210617,H00922,中证红利全收益指数,8292.24
20210618,H00922,中证红利全收益指数,8287.5
20210621,H00922,中证红利全收益指数,8331.63
20210622,H00922,中证红利全收益指数,8430.2
20210623,H00922,中证红利全收益指数,8550.2
20210624,H00922,中证红利全收益指数,8544.33
20210625,H00922,中证红利全收益指数,8586.02
20210628,H00922,中证红利全收益指数,8516.8
20210629,H00922,中证红利全收益指数,8508.73
20210630,H00922,中证红利全收益指数,8539.4
20210701,H00922,中证红利全收益指数,8501.22
20210702,H00922,中证红利全收益指数,8443.72
20210705,H00922,中证红利全收益指数,8462.06
20210706,H00922,中证红利全收益指数,8453.69
20210707,H00922,中证红利全收益指数,8473.66
20210708,H00922,中证红利全收益指数,8323.08
20210709,H00922,中证红利全收益指数,8408.27
20210712,H00922,中证红利全收益指数,8478.09
20210713,H00922,中证红利全收益指数,8542.62
20210714,H00922,中证红利全收益指数,8495.12
20210715,H00922,中证红利全收益指数,8547.57
20210716,H00922,中证红利全收益指数,8567.03
20210719,H00922,中证红利全收益指数,8548.09
20210720,H00922,中证红利全收益指数,8523.77
20210721,H00922,中证红利全收益指数,8526.4
20210722,H00922,中证红利全收益指数,8619.74
20210723,H00922,中证红利全收益指数,8504.09
20210726,H00922,中证红利全收益指数,8335.93
20210727,H00922,中证红利全收益指数,8092.82
20210728,H00922,中证红利全收益指数,8002.84
20210729,H00922,中证红利全收益指数,8093.08
20210730,H00922,中证红利全收益指数,8196.47
20210802,H00922,中证红利全收益指数,8219.1
20210803,H00922,中证红利全收益指数,8120.75
20210804,H00922,中证红利全收益指数,8246.07
20210805,H00922,中证红利全收益指数,8195.77
20210806,H00922,中证红利全收益指数,8239.09
20210809,H00922,中证红利全收益指数,8354.1
20210810,H00922,中证红利全收益指数,8373.5
20210811,H00922,中证红利全收益指数,8504.42
20210812,H00922,中证红利全收益指数,8615.04
20210813,H00922,中证红利全收益指数,8626.06
20210816,H00922,中证红利全收益指数,8629.4
20210817,H00922,中证红利全收益指数,8466.05
20210818,H00922,中证红利全收益指数,8521.37
20210819,H00922,中证红利全收益指数,8472.8
20210820,H00922,中证红利全收益指数,8484.9
20210823,H00922,中证红利全收益指数,8583.12
20210824,H00922,中证红利全收益指数,8654.76
20210825,H00922,中证红利全收益指数,8762.12
20210826,H00922,中证红利全收益指数,8796.58
20210827,H00922,中证红利全收益指数,8857.11
20210830,H00922,中证红利全收益指数,8909.29
20210831,H00922,中证红利全收益指数,9102.74
20210901,H00922,中证红利全收益指数,9060.56
20210902,H00922,中证红利全收益指数,9207.77
20210903,H00922,中证红利全收益指数,9180.4
20210906,H00922,中证红利全收益指数,9266.22
20210907,H00922,中证红利全收益指数,9451.87
20210908,H00922,中证红利全收益指数,9531.42
20210909,H00922,中证红利全收益指数,9712.07
20210910,H00922,中证红利全收益指数,9580.7
20210913,H00922,中证红利全收益指数,9756.02
20210914,H00922,中证红利全收益指数,9584.36
20210915,H00922,中证红利全收益指数,9612.02
20210916,H00922,中证红利全收益指数,9467.07
20210917,H00922,中证红利全收益指数,9292.48
20210922,H00922,中证红利全收益指数,9424.62
20210923,H00922,中证红利全收益指数,9437.1
20210924,H00922,中证红利全收益指数,9138.68
20210927,H00922,中证红利全收益指数,8879.89
20210928,H00922,中证红利全收益指数,9020.42
20210929,H00922,中证红利全收益指数,8734.6
20210930,H00922,中证红利全收益指数,8878.05
20211008,H00922,中证红利全收益指数,8876.52
20211011,H00922,中证红利全收益指数,8928.62
20211012,H00922,中证红利全收益指数,8780.37
20211013,H00922,中证红利全收益指数,8718.58
20211014,H00922,中证红利全收益指数,8684.35
20211015,H00922,中证红利全收益指数,8711.3
20211018,H00922,中证红利全收益指数,8841.36
20211019,H00922,中证红利全收益指数,8903.84
20211020,H00922,中证红利全收益指数,8816.33
20211021,H00922,中证红利全收益指数,8880.34
20211022,H00922,中证红利全收益指数,8722.28
20211025,H00922,中证红利全收益指数,8731.51
20211026,H00922,中证红利全收益指数,8692.37
20211027,H00922,中证红利全收益指数,8560.98
20211028,H00922,中证红利全收益指数,8366.86
20211029,H00922,中证红利全收益指数,8408.64
20211101,H00922,中证红利全收益指数,8451.95
20211102,H00922,中证红利全收益指数,8279.75
20211103,H00922,中证红利全收益指数,8388.37
20211104,H00922,中证红利全收益指数,8390.62
20211105,H00922,中证红利全收益指数,8268.52
20211108,H00922,中证红利全收益指数,8319.45
20211109,H00922,中证红利全收益指数,8362.64
20211110,H00922,中证红利全收益指数,8354.03
20211111,H00922,中证红利全收益指数,8477.22
20211112,H00922,中证红利全收益指数,8419.29
20211115,H00922,中证红利全收益指数,8432.9
20211116,H00922,中证红利全收益指数,8386.54
20211117,H00922,中证红利全收益指数,8456.54
20211118,H00922,中证红利全收益指数,8450.33
20211119,H00922,中证红利全收益指数,8569.74
20211122,H00922,中证红利全收益指数,8583.29
20211123,H00922,中证红利全收益指数,8632.31
20211124,H00922,中证红利全收益指数,8673.88
20211125,H00922,中证红利全收益指数,8636.33
20211126,H00922,中证红利全收益指数,8573.86
20211129,H00922,中证红利全收益指数,8519.97
20211130,H00922,中证红利全收益指数,8545.09
20211201,H00922,中证红利全收益指数,8645.65
20211202,H00922,中证红利全收益指数,8664.03
20211203,H00922,中证红利全收益指数,8724.55
20211206,H00922,中证红利全收益指数,8627.77
20211207,H00922,中证红利全收益指数,8672.96
20211208,H00922,中证红利全收益指数,8680.77
20211209,H00922,中证红利全收益指数,8691.85
20211210,H00922,中证红利全收益指数,8671.21
20211213,H00922,中证红利全收益指数,8668.71
20211214,H00922,中证红利全收益指数,8579.78
20211215,H00922,中证红利全收益指数,8618.4
20211216,H00922,中证红利全收益指数,8746.26
20211217,H00922,中证红利全收益指数,8690.14
20211220,H00922,中证红利全收益指数,8612.89
20211221,H00922,中证红利全收益指数,8786.27
20211222,H00922,中证红利全收益指数,8753.01
20211223,H00922,中证红利全收益指数,8787.0
20211224,H00922,中证红利全收益指数,8734.74
20211227,H00922,中证红利全收益指数,8786.42
20211228,H00922,中证红利全收益指数,8742.46
20211229,H00922,中证红利全收益指数,8716.05
20211230,H00922,中证红利全收益指数,8738.62
20211231,H00922,中证红利全收益指数,8825.94
20220104,H00922,中证红利全收益指数,8932.42
20220105,H00922,中证红利全收益指数,8907.44
20220106,H00922,中证红利全收益指数,8947.43
20220107,H00922,中证红利全收益指数,8972.28
20220110,H00922,中证红利全收益指数,9059.6
20220111,H00922,中证红利全收益指数,9100.38
20220112,H00922,中证红利全收益指数,9059.41
20220113,H00922,中证红利全收益指数,9031.93
20220114,H00922,中证红利全收益指数,8870.12
20220117,H00922,中证红利全收益指数,8895.84
20220118,H00922,中证红利全收益指数,8983.96
20220119,H00922,中证红利全收益指数,9043.52
20220120,H00922,中证红利全收益指数,9009.3
20220121,H00922,中证红利全收益指数,8939.15
20220124,H00922,中证红利全收益指数,8897.92
20220125,H00922,中证红利全收益指数,8590.18
20220126,H00922,中证红利全收益指数,8644.26
20220127,H00922,中证红利全收益指数,8527.77
20220128,H00922,中证红利全收益指数,8486.86
20220207,H00922,中证红利全收益指数,8708.55
20220208,H00922,中证红利全收益指数,8901.55
20220209,H00922,中证红利全收益指数,8942.88
20220210,H00922,中证红利全收益指数,9039.89
20220211,H00922,中证红利全收益指数,9021.44
20220214,H00922,中证红利全收益指数,8881.85
20220215,H00922,中证红利全收益指数,8844.9
20220216,H00922,中证红利全收益指数,8924.66
20220217,H00922,中证红利全收益指数,8884.73
20220218,H00922,中证红利全收益指数,9055.08
20220221,H00922,中证红利全收益指数,9113.32
20220222,H00922,中证红利全收益指数,9036.47
20220223,H00922,中证红利全收益指数,9011.52
20220224,H00922,中证红利全收益指数,8837.11
20220225,H00922,中证红利全收益指数,8834.91
20220228,H00922,中证红利全收益指数,8841.6
20220301,H00922,中证红利全收益指数,8916.87
20220302,H00922,中证红利全收益指数,8976.29
20220303,H00922,中证红利全收益指数,9071.77
20220304,H00922,中证红利全收益指数,9028.08
20220307,H00922,中证红利全收益指数,8930.33
20220308,H00922,中证红利全收益指数,8622.97
20220309,H00922,中证红利全收益指数,8512.39
20220310,H00922,中证红利全收益指数,8618.34
20220311,H00922,中证红利全收益指数,8674.16
20220314,H00922,中证红利全收益指数,8486.13
20220315,H00922,中证红利全收益指数,7961.91
20220316,H00922,中证红利全收益指数,8151.1
20220317,H00922,中证红利全收益指数,8295.15
20220318,H00922,中证红利全收益指数,8513.55
20220321,H00922,中证红利全收益指数,8549.05
20220322,H00922,中证红利全收益指数,8693.85
20220323,H00922,中证红利全收益指数,8717.27
20220324,H00922,中证红利全收益指数,8687.94
20220325,H00922,中证红利全收益指数,8680.91
20220328,H00922,中证红利全收益指数,8787.43
20220329,H00922,中证红利全收益指数,8771.41
20220330,H00922,中证红利全收益指数,8884.37
20220331,H00922,中证红利全收益指数,8984.14
20220401,H00922,中证红利全收益指数,9075.86
20220406,H00922,中证红利全收益指数,9228.91
20220407,H00922,中证红利全收益指数,9050.61
20220408,H00922,中证红利全收益指数,9147.2
20220411,H00922,中证红利全收益指数,8944.7
20220412,H00922,中证红利全收益指数,8918.97
20220413,H00922,中证红利全收益指数,8901.44
20220414,H00922,中证红利全收益指数,9113.74
20220415,H00922,中证红利全收益指数,9059.72
20220418,H00922,中证红利全收益指数,8938.87
20220419,H00922,中证红利全收益指数,9043.84
20220420,H00922,中证红利全收益指数,8781.69
20220421,H00922,中证红利全收益指数,8578.26
20220422,H00922,中证红利全收益指数,8689.32
20220425,H00922,中证红利全收益指数,8233.13
20220426,H00922,中证红利全收益指数,8076.49
20220427,H00922,中证红利全收益指数,8167.79
20220428,H00922,中证红利全收益指数,8273.82
20220429,H00922,中证红利全收益指数,8512.35
20220505,H00922,中证红利全收益指数,8567.94
20220506,H00922,中证红利全收益指数,8347.17
20220509,H00922,中证红利全收益指数,8370.78
20220510,H00922,中证红利全收益指数,8374.9
20220511,H00922,中证红利全收益指数,8368.13
20220512,H00922,中证红利全收益指数,8348.17
20220513,H00922,中证红利全收益指数,8562.97
20220516,H00922,中证红利全收益指数,8651.37
20220517,H00922,中证红利全收益指数,8593.87
20220518,H00922,中证红利全收益指数,8534.82
20220519,H00922,中证红利全收益指数,8571.36
20220520,H00922,中证红利全收益指数,8663.43
20220523,H00922,中证红利全收益指数,8687.91
20220524,H00922,中证红利全收益指数,8463.58
20220525,H00922,中证红利全收益指数,8603.78
20220526,H00922,中证红利全收益指数,8710.75
20220527,H00922,中证红利全收益指数,8704.24
20220530,H00922,中证红利全收益指数,8706.55
20220531,H00922,中证红利全收益指数,8712.26
20220601,H00922,中证红利全收益指数,8756.9
20220602,H00922,中证红利全收益指数,8693.28
20220606,H00922,中证红利全收益指数,8725.77
20220607,H00922,中证红利全收益指数,8761.04
20220608,H00922,中证红利全收益指数,8831.97
20220609,H00922,中证红利全收益指数,8789.9
20220610,H00922,中证红利全收益指数,8870.75
20220613,H00922,中证红利全收益指数,8762.79
20220614,H00922,中证红利全收益指数,8886.59
20220615,H00922,中证红利全收益指数,8884.63
20220616,H00922,中证红利全收益指数,8760.09
20220617,H00922,中证红利全收益指数,8761.32
20220620,H00922,中证红利全收益指数,8723.59
20220621,H00922,中证红利全收益指数,8738.33
20220622,H00922,中证红利全收益指数,8622.29
20220623,H00922,中证红利全收益指数,8742.62
20220624,H00922,中证红利全收益指数,8738.73
20220627,H00922,中证红利全收益指数,8817.89
20220628,H00922,中证红利全收益指数,8897.01
20220629,H00922,中证红利全收益指数,8865.6
20220630,H00922,中证红利全收益指数,8903.19
20220701,H00922,中证红利全收益指数,8937.14
20220704,H00922,中证红利全收益指数,8968.29
20220705,H00922,中证红利全收益指数,8981.21
20220706,H00922,中证红利全收益指数,8811.01
20220707,H00922,中证红利全收益指数,8879.0
20220708,H00922,中证红利全收益指数,8890.52
20220711,H00922,中证红利全收益指数,8780.22
20220712,H00922,中证红利全收益指数,8796.36
20220713,H00922,中证红利全收益指数,8810.95
20220714,H00922,中证红利全收益指数,8714.6
20220715,H00922,中证红利全收益指数,8537.79
20220718,H00922,中证红利全收益指数,8751.4
20220719,H00922,中证红利全收益指数,8785.61
20220720,H00922,中证红利全收益指数,8815.47
20220721,H00922,中证红利全收益指数,8697.88
20220722,H00922,中证红利全收益指数,8658.96
20220725,H00922,中证红利全收益指数,8651.04
20220726,H00922,中证红利全收益指数,8778.8
20220727,H00922,中证红利全收益指数,8786.7
20220728,H00922,中证红利全收益指数,8833.0
20220729,H00922,中证红利全收益指数,8760.51
20220801,H00922,中证红利全收益指数,8789.28
20220802,H00922,中证红利全收益指数,8541.68
20220803,H00922,中证红利全收益指数,8430.13
20220804,H00922,中证红利全收益指数,8476.72
20220805,H00922,中证红利全收益指数,8542.97
20220808,H00922,中证红利全收益指数,8678.47
20220809,H00922,中证红利全收益指数,8697.03
20220810,H00922,中证红利全收益指数,8659.57
20220811,H00922,中证红利全收益指数,8768.39
20220812,H00922,中证红利全收益指数,8828.28
20220815,H00922,中证红利全收益指数,8850.53
20220816,H00922,中证红利全收益指数,8898.71
20220817,H00922,中证红利全收益指数,8927.11
20220818,H00922,中证红利全收益指数,8851.03
20220819,H00922,中证红利全收益指数,8918.11
20220822,H00922,中证红利全收益指数,8996.34
20220823,H00922,中证红利全收益指数,9040.35
20220824,H00922,中证红利全收益指数,8877.97
20220825,H00922,中证红利全收益指数,9040.22
20220826,H00922,中证红利全收益指数,9000.3
20220829,H00922,中证红利全收益指数,9070.91
20220830,H00922,中证红利全收益指数,9017.48
20220831,H00922,中证红利全收益指数,8926.18
20220901,H00922,中证红利全收益指数,8985.71
20220902,H00922,中证红利全收益指数,8980.53
20220905,H00922,中证红利全收益指数,9115.43
20220906,H00922,中证红利全收益指数,9268.5
20220907,H00922,中证红利全收益指数,9242.44
20220908,H00922,中证红利全收益指数,9209.21
20220909,H00922,中证红利全收益指数,9306.12
20220913,H00922,中证红利全收益指数,9243.35
20220914,H00922,中证红利全收益指数,9166.68
20220915,H00922,中证红利全收益指数,9149.68
20220916,H00922,中证红利全收益指数,8866.12
20220919,H00922,中证红利全收益指数,8871.17
20220920,H00922,中证红利全收益指数,8879.4
20220921,H00922,中证红利全收益指数,8951.13
20220922,H00922,中证红利全收益指数,8941.2
20220923,H00922,中证红利全收益指数,8846.99
20220926,H00922,中证红利全收益指数,8687.03
20220927,H00922,中证红利全收益指数,8790.21
20220928,H00922,中证红利全收益指数,8681.95
20220929,H00922,中证红利全收益指数,8640.85
20220930,H00922,中证红利全收益指数,8690.34
20221010,H00922,中证红利全收益指数,8665.41
20221011,H00922,中证红利全收益指数,8666.56
20221012,H00922,中证红利全收益指数,8787.91
20221013,H00922,中证红利全收益指数,8708.01
20221014,H00922,中证红利全收益指数,8808.35
20221017,H00922,中证红利全收益指数,8810.84
20221018,H00922,中证红利全收益指数,8820.49
20221019,H00922,中证红利全收益指数,8749.86
20221020,H00922,中证红利全收益指数,8667.31
20221021,H00922,中证红利全收益指数,8708.32
20221024,H00922,中证红利全收益指数,8519.88
20221025,H00922,中证红利全收益指数,8485.35
20221026,H00922,中证红利全收益指数,8464.27
20221027,H00922,中证红利全收益指数,8487.01
20221028,H00922,中证红利全收益指数,8262.69
20221031,H00922,中证红利全收益指数,8143.4
20221101,H00922,中证红利全收益指数,8250.76
20221102,H00922,中证红利全收益指数,8353.2
20221103,H00922,中证红利全收益指数,8308.22
20221104,H00922,中证红利全收益指数,8479.96
20221107,H00922,中证红利全收益指数,8541.33
20221108,H00922,中证红利全收益指数,8550.42
20221109,H00922,中证红利全收益指数,8559.73
20221110,H00922,中证红利全收益指数,8556.58
20221111,H00922,中证红利全收益指数,8746.79
20221114,H00922,中证红利全收益指数,8772.16
20221115,H00922,中证红利全收益指数,8857.21
20221116,H00922,中证红利全收益指数,8824.82
20221117,H00922,中证红利全收益指数,8789.94
20221118,H00922,中证红利全收益指数,8732.25
20221121,H00922,中证红利全收益指数,8736.92
20221122,H00922,中证红利全收益指数,8745.89
20221123,H00922,中证红利全收益指数,8766.57
20221124,H00922,中证红利全收益指数,8829.42
20221125,H00922,中证红利全收益指数,8939.46
20221128,H00922,中证红利全收益指数,8901.56
20221129,H00922,中证红利全收益指数,9157.27
20221130,H00922,中证红利全收益指数,9140.18
20221201,H00922,中证红利全收益指数,9092.91
20221202,H00922,中证红利全收益指数,9063.72
20221205,H00922,中证红利全收益指数,9195.68
20221206,H00922,中证红利全收益指数,9150.03
20221207,H00922,中证红利全收益指数,9097.16
20221208,H00922,中证红利全收益指数,9116.37
20221209,H00922,中证红利全收益指数,9196.41
20221212,H00922,中证红利全收益指数,9064.85
20221213,H00922,中证红利全收益指数,9107.23
20221214,H00922,中证红利全收益指数,9072.69
20221215,H00922,中证红利全收益指数,8980.51
20221216,H00922,中证红利全收益指数,9074.64
20221219,H00922,中证红利全收益指数,8888.25
20221220,H00922,中证红利全收益指数,8798.64
20221221,H00922,中证红利全收益指数,8802.51
20221222,H00922,中证红利全收益指数,8740.52
20221223,H00922,中证红利全收益指数,8729.51
20221226,H00922,中证红利全收益指数,8708.01
20221227,H00922,中证红利全收益指数,8798.6
20221228,H00922,中证红利全收益指数,8813.21
20221229,H00922,中证红利全收益指数,8734.48
20221230,H00922,中证红利全收益指数,8793.51
20230103,H00922,中证红利全收益指数,8850.5
20230104,H00922,中证红利全收益指数,8920.35
20230105,H00922,中证红利全收益指数,8944.62
20230106,H00922,中证红利全收益指数,8926.06
20230109,H00922,中证红利全收益指数,8921.06
20230110,H00922,中证红利全收益指数,8870.52
20230111,H00922,中证红利全收益指数,8918.45
20230112,H00922,中证红利全收益指数,8883.98
20230113,H00922,中证红利全收益指数,8960.22
20230116,H00922,中证红利全收益指数,8994.7
20230117,H00922,中证红利全收益指数,8981.13
20230118,H00922,中证红利全收益指数,8991.41
20230119,H00922,中证红利全收益指数,9027.72
20230120,H00922,中证红利全收益指数,9116.3
20230130,H00922,中证红利全收益指数,9083.78
20230131,H00922,中证红利全收益指数,9103.87
20230201,H00922,中证红利全收益指数,9131.89
20230202,H00922,中证红利全收益指数,9146.77
20230203,H00922,中证红利全收益指数,9065.72
20230206,H00922,中证红利全收益指数,9014.76
20230207,H00922,中证红利全收益指数,9062.85
20230208,H00922,中证红利全收益指数,9022.43
20230209,H00922,中证红利全收益指数,9089.07
20230210,H00922,中证红利全收益指数,9093.19
20230213,H00922,中证红利全收益指数,9125.57
20230214,H00922,中证红利全收益指数,9172.55
20230215,H00922,中证红利全收益指数,9116.18
20230216,H00922,中证红利全收益指数,9037.96
20230217,H00922,中证红利全收益指数,9049.46
20230220,H00922,中证红利全收益指数,9252.1
20230221,H00922,中证红利全收益指数,9356.43
20230222,H00922,中证红利全收益指数,9361.99
20230223,H00922,中证红利全收益指数,9374.65
20230224,H00922,中证红利全收益指数,9336.57
20230227,H00922,中证红利全收益指数,9326.84
20230228,H00922,中证红利全收益指数,9368.21
20230301,H00922,中证红利全收益指数,9431.66
20230302,H00922,中证红利全收益指数,9473.65
20230303,H00922,中证红利全收益指数,9514.61
20230306,H00922,中证红利全收益指数,9470.06
20230307,H00922,中证红利全收益指数,9413.47
20230308,H00922,中证红利全收益指数,9406.08
20230309,H00922,中证红利全收益指数,9375.99
20230310,H00922,中证红利全收益指数,9208.7
20230313,H00922,中证红利全收益指数,9320.19
20230314,H00922,中证红利全收益指数,9243.08
20230315,H00922,中证红利全收益指数,9354.8
20230316,H00922,中证红利全收益指数,9268.04
20230317,H00922,中证红利全收益指数,9323.25
20230320,H00922,中证红利全收益指数,9279.24
20230321,H00922,中证红利全收益指数,9277.86
20230322,H00922,中证红利全收益指数,9321.65
20230323,H00922,中证红利全收益指数,9329.38
20230324,H00922,中证红利全收益指数,9253.31
20230327,H00922,中证红利全收益指数,9178.21
20230328,H00922,中证红利全收益指数,9181.51
20230329,H00922,中证红利全收益指数,9154.94
20230330,H00922,中证红利全收益指数,9212.33
20230331,H00922,中证红利全收益指数,9243.09
20230403,H00922,中证红利全收益指数,9285.03
20230404,H00922,中证红利全收益指数,9318.28
20230406,H00922,中证红利全收益指数,9260.15
20230407,H00922,中证红利全收益指数,9295.78
20230410,H00922,中证红利全收益指数,9298.48
20230411,H00922,中证红利全收益指数,9358.16
20230412,H00922,中证红利全收益指数,9450.92
20230413,H00922,中证红利全收益指数,9452.68
20230414,H00922,中证红利全收益指数,9441.57
20230417,H00922,中证红利全收益指数,9571.45
20230418,H00922,中证红利全收益指数,9606.81
20230419,H00922,中证红利全收益指数,9598.56
20230420,H00922,中证红利全收益指数,9613.91
20230421,H00922,中证红利全收益指数,9498.34
20230424,H00922,中证红利全收益指数,9491.29
20230425,H00922,中证红利全收益指数,9522.14
20230426,H00922,中证红利全收益指数,9545.78
20230427,H00922,中证红利全收益指数,9571.34
20230428,H00922,中证红利全收益指数,9679.28
20230504,H00922,中证红利全收益指数,9873.93
20230505,H00922,中证红利全收益指数,9899.09
20230508,H00922,中证红利全收益指数,10116.4
20230509,H00922,中证红利全收益指数,10036.94
20230510,H00922,中证红利全收益指数,9850.06
20230511,H00922,中证红利全收益指数,9845.14
20230512,H00922,中证红利全收益指数,9786.53
20230515,H00922,中证红利全收益指数,9785.5
20230516,H00922,中证红利全收益指数,9716.94
20230517,H00922,中证红利全收益指数,9671.65
20230518,H00922,中证红利全收益指数,9729.85
20230519,H00922,中证红利全收益指数,9611.65
20230522,H00922,中证红利全收益指数,9612.22
20230523,H00922,中证红利全收益指数,9490.84
20230524,H00922,中证红利全收益指数,9355.5
20230525,H00922,中证红利全收益指数,9312.87
20230526,H00922,中证红利全收益指数,9393.47
20230529,H00922,中证红利全收益指数,9469.85
20230530,H00922,中证红利全收益指数,9466.81
20230531,H00922,中证红利全收益指数,9392.01
20230601,H00922,中证红利全收益指数,9359.93
20230602,H00922,中证红利全收益指数,9417.74
20230605,H00922,中证红利全收益指数,9467.03
20230606,H00922,中证红利全收益指数,9398.0
20230607,H00922,中证红利全收益指数,9470.63
20230608,H00922,中证红利全收益指数,9570.11
20230609,H00922,中证红利全收益指数,9552.85
20230612,H00922,中证红利全收益指数,9499.69
20230613,H00922,中证红利全收益指数,9483.57
20230614,H00922,中证红利全收益指数,9442.21
20230615,H00922,中证红利全收益指数,9464.13
20230616,H00922,中证红利全收益指数,9437.87
20230619,H00922,中证红利全收益指数,9326.49
20230620,H00922,中证红利全收益指数,9257.25
20230621,H00922,中证红利全收益指数,9188.53
20230626,H00922,中证红利全收益指数,9073.51
20230627,H00922,中证红利全收益指数,9231.37
20230628,H00922,中证红利全收益指数,9292.61
20230629,H00922,中证红利全收益指数,9277.87
20230630,H00922,中证红利全收益指数,9311.95
20230703,H00922,中证红利全收益指数,9410.0
20230704,H00922,中证红利全收益指数,9363.76
20230705,H00922,中证红利全收益指数,9352.21
20230706,H00922,中证红利全收益指数,9314.49
20230707,H00922,中证红利全收益指数,9350.67
20230710,H00922,中证红利全收益指数,9389.04
20230711,H00922,中证红利全收益指数,9407.37
20230712,H00922,中证红利全收益指数,9359.42
20230713,H00922,中证红利全收益指数,9459.92
20230714,H00922,中证红利全收益指数,9475.3
20230717,H00922,中证红利全收益指数,9423.95
20230718,H00922,中证红利全收益指数,9424.21
20230719,H00922,中证红利全收益指数,9475.12
20230720,H00922,中证红利全收益指数,9442.73
20230721,H00922,中证红利全收益指数,9449.1
20230724,H00922,中证红利全收益指数,9452.13
20230725,H00922,中证红利全收益指数,9610.09
20230726,H00922,中证红利全收益指数,9632.64
20230727,H00922,中证红利全收益指数,9642.86
20230728,H00922,中证红利全收益指数,9819.6
20230731,H00922,中证红利全收益指数,9895.16
20230801,H00922,中证红利全收益指数,9904.17
20230802,H00922,中证红利全收益指数,9813.87
20230803,H00922,中证红利全收益指数,9867.84
20230804,H00922,中证红利全收益指数,9840.57
20230807,H00922,中证红利全收益指数,9754.7
20230808,H00922,中证红利全收益指数,9741.1
20230809,H00922,中证红利全收益指数,9701.37
20230810,H00922,中证红利全收益指数,9740.98
20230811,H00922,中证红利全收益指数,9590.81
20230814,H00922,中证红利全收益指数,9585.75
20230815,H00922,中证红利全收益指数,9649.34
20230816,H00922,中证红利全收益指数,9644.58
20230817,H00922,中证红利全收益指数,9645.46
20230818,H00922,中证红利全收益指数,9603.55
20230821,H00922,中证红利全收益指数,9503.45
20230822,H00922,中证红利全收益指数,9579.32
20230823,H00922,中证红利全收益指数,9552.75
20230824,H00922,中证红利全收益指数,9507.56
20230825,H00922,中证红利全收益指数,9530.06
20230828,H00922,中证红利全收益指数,9661.7
20230829,H00922,中证红利全收益指数,9680.16
20230830,H00922,中证红利全收益指数,9609.79
20230831,H00922,中证红利全收益指数,9510.7
20230901,H00922,中证红利全收益指数,9612.21
20230904,H00922,中证红利全收益指数,9761.13
20230905,H00922,中证红利全收益指数,9685.22
20230906,H00922,中证红利全收益指数,9683.22
20230907,H00922,中证红利全收益指数,9632.3
20230908,H00922,中证红利全收益指数,9569.32
20230911,H00922,中证红利全收益指数,9641.88
20230912,H00922,中证红利全收益指数,9629.45
20230913,H00922,中证红利全收益指数,9656.2
20230914,H00922,中证红利全收益指数,9752.91
20230915,H00922,中证红利全收益指数,9736.65
20230918,H00922,中证红利全收益指数,9747.45
20230919,H00922,中证红利全收益指数,9812.67
20230920,H00922,中证红利全收益指数,9825.73
20230921,H00922,中证红利全收益指数,9761.72
20230922,H00922,中证红利全收益指数,9803.5
20230925,H00922,中证红利全收益指数,9783.92
20230926,H00922,中证红利全收益指数,9739.7
20230927,H00922,中证红利全收益指数,9706.14
20230928,H00922,中证红利全收益指数,9707.86
20231009,H00922,中证红利全收益指数,9673.23
20231010,H00922,中证红利全收益指数,9577.14
20231011,H00922,中证红利全收益指数,9547.35
20231012,H00922,中证红利全收益指数,9643.99
20231013,H00922,中证红利全收益指数,9631.84
20231016,H00922,中证红利全收益指数,9652.52
20231017,H00922,中证红利全收益指数,9671.29
20231018,H00922,中证红利全收益指数,9582.14
20231019,H00922,中证红利全收益指数,9422.39
20231020,H00922,中证红利全收益指数,9373.8
20231023,H00922,中证红利全收益指数,9248.27
20231024,H00922,中证红利全收益指数,9318.63
20231025,H00922,中证红利全收益指数,9401.72
20231026,H00922,中证红利全收益指数,9446.85
20231027,H00922,中证红利全收益指数,9484.99
20231030,H00922,中证红利全收益指数,9387.54
20231031,H00922,中证红利全收益指数,9404.89
20231101,H00922,中证红利全收益指数,9393.69
20231102,H00922,中证红利全收益指数,9409.22
20231103,H00922,中证红利全收益指数,9365.18
20231106,H00922,中证红利全收益指数,9350.32
20231107,H00922,中证红利全收益指数,9345.81
20231108,H00922,中证红利全收益指数,9335.42
20231109,H00922,中证红利全收益指数,9396.68
20231110,H00922,中证红利全收益指数,9362.65
20231113,H00922,中证红利全收益指数,9379.39
20231114,H00922,中证红利全收益指数,9366.5
20231115,H00922,中证红利全收益指数,9412.12
20231116,H00922,中证红利全收益指数,9400.39
20231117,H00922,中证红利全收益指数,9376.1
20231120,H00922,中证红利全收益指数,9399.75
20231121,H00922,中证红利全收益指数,9434.58
20231122,H00922,中证红利全收益指数,9405.93
20231123,H00922,中证红利全收益指数,9479.59
20231124,H00922,中证红利全收益指数,9485.47
20231127,H00922,中证红利全收益指数,9460.41
20231128,H00922,中证红利全收益指数,9459.7
20231129,H00922,中证红利全收益指数,9393.37
20231130,H00922,中证红利全收益指数,9424.39
20231201,H00922,中证红利全收益指数,9452.64
20231204,H00922,中证红利全收益指数,9453.61
20231205,H00922,中证红利全收益指数,9331.63
20231206,H00922,中证红利全收益指数,9327.63
20231207,H00922,中证红利全收益指数,9341.74
20231208,H00922,中证红利全收益指数,9339.98
20231211,H00922,中证红利全收益指数,9482.88
20231212,H00922,中证红利全收益指数,9555.07
20231213,H00922,中证红利全收益指数,9476.14
20231214,H00922,中证红利全收益指数,9467.5
20231215,H00922,中证红利全收益指数,9411.61
20231218,H00922,中证红利全收益指数,9390.58
20231219,H00922,中证红利全收益指数,9374.21
20231220,H00922,中证红利全收益指数,9332.25
20231221,H00922,中证红利全收益指数,9322.96
20231222,H00922,中证红利全收益指数,9301.53
20231225,H00922,中证红利全收益指数,9316.1
20231226,H00922,中证红利全收益指数,9261.17
20231227,H00922,中证红利全收益指数,9314.36
20231228,H00922,中证红利全收益指数,9302.43
20231229,H00922,中证红利全收益指数,9351.11
20240102,H00922,中证红利全收益指数,9447.69
20240103,H00922,中证红利全收益指数,9547.77
20240104,H00922,中证红利全收益指数,9589.12
20240105,H00922,中证红利全收益指数,9594.93
20240108,H00922,中证红利全收益指数,9494.78
20240109,H00922,中证红利全收益指数,9548.19
20240110,H00922,中证红利全收益指数,9495.72
20240111,H00922,中证红利全收益指数,9446.91
20240112,H00922,中证红利全收益指数,9469.18
20240115,H00922,中证红利全收益指数,9516.41
20240116,H00922,中证红利全收益指数,9549.59
20240117,H00922,中证红利全收益指数,9415.91
20240118,H00922,中证红利全收益指数,9354.19
20240119,H00922,中证红利全收益指数,9299.2
20240122,H00922,中证红利全收益指数,8991.75
20240123,H00922,中证红利全收益指数,9099.46
20240124,H00922,中证红利全收益指数,9301.79
20240125,H00922,中证红利全收益指数,9569.8
20240126,H00922,中证红利全收益指数,9694.95
20240129,H00922,中证红利全收益指数,9720.93
20240130,H00922,中证红利全收益指数,9593.1
20240131,H00922,中证红利全收益指数,9557.47
20240201,H00922,中证红利全收益指数,9462.35
20240202,H00922,中证红利全收益指数,9454.85
20240205,H00922,中证红利全收益指数,9447.09
20240206,H00922,中证红利全收益指数,9670.02
20240207,H00922,中证红利全收益指数,9860.37
20240208,H00922,中证红利全收益指数,9874.46
20240219,H00922,中证红利全收益指数,10071.54
20240220,H00922,中证红利全收益指数,10186.98
20240221,H00922,中证红利全收益指数,10189.36
20240222,H00922,中证红利全收益指数,10338.0
20240223,H00922,中证红利全收益指数,10301.44
20240226,H00922,中证红利全收益指数,10120.11
20240227,H00922,中证红利全收益指数,10173.24
20240228,H00922,中证红利全收益指数,10078.09
20240229,H00922,中证红利全收益指数,10194.19
20240301,H00922,中证红利全收益指数,10194.61
20240304,H00922,中证红利全收益指数,10242.65
20240305,H00922,中证红利全收益指数,10298.0
20240306,H00922,中证红利全收益指数,10295.12
20240307,H00922,中证红利全收益指数,10344.42
20240308,H00922,中证红利全收益指数,10401.64
20240311,H00922,中证红利全收益指数,10323.12
20240312,H00922,中证红利全收益指数,10128.59
20240313,H00922,中证红利全收益指数,10085.95
20240314,H00922,中证红利全收益指数,10112.87
20240315,H00922,中证红利全收益指数,10112.44
20240318,H00922,中证红利全收益指数,10088.32
20240319,H00922,中证红利全收益指数,10051.66
20240320,H00922,中证红利全收益指数,10090.99
20240321,H00922,中证红利全收益指数,10103.45
20240322,H00922,中证红利全收益指数,10069.38
20240325,H00922,中证红利全收益指数,10078.1
20240326,H00922,中证红利全收益指数,10071.31
20240327,H00922,中证红利全收益指数,10037.3
20240328,H00922,中证红利全收益指数,10027.81
20240329,H00922,中证红利全收益指数,10131.5
20240401,H00922,中证红利全收益指数,10161.82
20240402,H00922,中证红利全收益指数,10199.6
20240403,H00922,中证红利全收益指数,10300.51
20240408,H00922,中证红利全收益指数,10283.88
20240409,H00922,中证红利全收益指数,10246.41
20240410,H00922,中证红利全收益指数,10270.24
20240411,H00922,中证红利全收益指数,10360.67
20240412,H00922,中证红利全收益指数,10325.68
20240415,H00922,中证红利全收益指数,10516.63
20240416,H00922,中证红利全收益指数,10481.76
20240417,H00922,中证红利全收益指数,10674.41
20240418,H00922,中证红利全收益指数,10720.27
20240419,H00922,中证红利全收益指数,10752.01
20240422,H00922,中证红利全收益指数,10533.83
20240423,H00922,中证红利全收益指数,10358.59
20240424,H00922,中证红利全收益指数,10373.45
20240425,H00922,中证红利全收益指数,10425.35
20240426,H00922,中证红利全收益指数,10360.12
20240429,H00922,中证红利全收益指数,10350.81
20240430,H00922,中证红利全收益指数,10369.98
20240506,H00922,中证红利全收益指数,10473.04
20240507,H00922,中证红利全收益指数,10477.15
20240508,H00922,中证红利全收益指数,10489.69
20240509,H00922,中证红利全收益指数,10564.32
20240510,H00922,中证红利全收益指数,10621.45
20240513,H00922,中证红利全收益指数,10651.39
20240514,H00922,中证红利全收益指数,10620.82
20240515,H00922,中证红利全收益指数,10613.67
20240516,H00922,中证红利全收益指数,10639.21
20240517,H00922,中证红利全收益指数,10749.0
20240520,H00922,中证红利全收益指数,10849.78
20240521,H00922,中证红利全收益指数,10887.32
20240522,H00922,中证红利全收益指数,10882.77
20240523,H00922,中证红利全收益指数,10744.68
20240524,H00922,中证红利全收益指数,10719.19
20240527,H00922,中证红利全收益指数,10873.93
20240528,H00922,中证红利全收益指数,10822.26
20240529,H00922,中证红利全收益指数,10846.36
20240530,H00922,中证红利全收益指数,10758.38
20240531,H00922,中证红利全收益指数,10767.35
20240603,H00922,中证红利全收益指数,10701.46
20240604,H00922,中证红利全收益指数,10756.03
20240605,H00922,中证红利全收益指数,10619.03
20240606,H00922,中证红利全收益指数,10651.9
20240607,H00922,中证红利全收益指数,10735.63
20240611,H00922,中证红利全收益指数,10557.18
20240612,H00922,中证红利全收益指数,10680.15
20240613,H00922,中证红利全收益指数,10565.23
20240614,H00922,中证红利全收益指数,10570.88
20240617,H00922,中证红利全收益指数,10435.98
20240618,H00922,中证红利全收益指数,10474.26
20240619,H00922,中证红利全收益指数,10443.66
20240620,H00922,中证红利全收益指数,10421.25
20240621,H00922,中证红利全收益指数,10425.87
20240624,H00922,中证红利全收益指数,10301.08
20240625,H00922,中证红利全收益指数,10334.14
20240626,H00922,中证红利全收益指数,10375.83
20240627,H00922,中证红利全收益指数,10323.24
20240628,H00922,中证红利全收益指数,10382.42
20240701,H00922,中证红利全收益指数,10608.55
20240702,H00922,中证红利全收益指数,10595.02
20240703,H00922,中证红利全收益指数,10511.83
20240704,H00922,中证红利全收益指数,10446.72
20240705,H00922,中证红利全收益指数,10417.53
20240708,H00922,中证红利全收益指数,10361.68
20240709,H00922,中证红利全收益指数,10478.07
20240710,H00922,中证红利全收益指数,10288.98
20240711,H00922,中证红利全收益指数,10321.36
20240712,H00922,中证红利全收益指数,10312.1
20240715,H00922,中证红利全收益指数,10402.19
20240716,H00922,中证红利全收益指数,10352.78
20240717,H00922,中证红利全收益指数,10295.18
20240718,H00922,中证红利全收益指数,10320.76
20240719,H00922,中证红利全收益指数,10254.52
20240722,H00922,中证红利全收益指数,10159.8
20240723,H00922,中证红利全收益指数,10033.72
20240724,H00922,中证红利全收益指数,10017.89
20240725,H00922,中证红利全收益指数,9993.86
20240726,H00922,中证红利全收益指数,10000.62
20240729,H00922,中证红利全收益指数,10010.11
20240730,H00922,中证红利全收益指数,9950.11
20240731,H00922,中证红利全收益指数,10107.48
20240801,H00922,中证红利全收益指数,10089.66
20240802,H00922,中证红利全收益指数,10063.88
20240805,H00922,中证红利全收益指数,9947.9
20240806,H00922,中证红利全收益指数,9916.67
20240807,H00922,中证红利全收益指数,9943.44
20240808,H00922,中证红利全收益指数,9990.02
20240809,H00922,中证红利全收益指数,9948.16
20240812,H00922,中证红利全收益指数,10003.68
20240813,H00922,中证红利全收益指数,10018.91
20240814,H00922,中证红利全收益指数,9977.7
20240815,H00922,中证红利全收益指数,10067.07
20240816,H00922,中证红利全收益指数,10067.7
20240819,H00922,中证红利全收益指数,10152.59
20240820,H00922,中证红利全收益指数,10035.84
20240821,H00922,中证红利全收益指数,9956.95
20240822,H00922,中证红利全收益指数,9941.22
20240823,H00922,中证红利全收益指数,9951.57
20240826,H00922,中证红利全收益指数,9940.36
20240827,H00922,中证红利全收益指数,9938.47
20240828,H00922,中证红利全收益指数,9896.1
20240829,H00922,中证红利全收益指数,9752.64
20240830,H00922,中证红利全收益指数,9786.65
20240902,H00922,中证红利全收益指数,9822.66
20240903,H00922,中证红利全收益指数,9752.38
20240904,H00922,中证红利全收益指数,9739.71
20240905,H00922,中证红利全收益指数,9746.08
20240906,H00922,中证红利全收益指数,9652.05
20240909,H00922,中证红利全收益指数,9489.07
20240910,H00922,中证红利全收益指数,9497.0
20240911,H00922,中证红利全收益指数,9315.21
20240912,H00922,中证红利全收益指数,9342.7
20240913,H00922,中证红利全收益指数,9305.49
20240918,H00922,中证红利全收益指数,9412.29
20240919,H00922,中证红利全收益指数,9444.54
20240920,H00922,中证红利全收益指数,9435.54
20240923,H00922,中证红利全收益指数,9535.88
20240924,H00922,中证红利全收益指数,9966.39
20240925,H00922,中证红利全收益指数,10104.8
20240926,H00922,中证红利全收益指数,10471.96
20240927,H00922,中证红利全收益指数,10624.35
20240930,H00922,中证红利全收益指数,11305.54
20241008,H00922,中证红利全收益指数,11413.34
20241009,H00922,中证红利全收益指数,10540.9
20241010,H00922,中证红利全收益指数,10868.04
20241011,H00922,中证红利全收益指数,10677.37
20241014,H00922,中证红利全收益指数,10957.84
20241015,H00922,中证红利全收益指数,10715.16
20241016,H00922,中证红利全收益指数,10862.8
20241017,H00922,中证红利全收益指数,10681.45
20241018,H00922,中证红利全收益指数,10774.78
20241021,H00922,中证红利全收益指数,10705.16
20241022,H00922,中证红利全收益指数,10774.48
20241023,H00922,中证红利全收益指数,10793.85
20241024,H00922,中证红利全收益指数,10741.66
20241025,H00922,中证红利全收益指数,10752.51
20241028,H00922,中证红利全收益指数,10859.35
20241029,H00922,中证红利全收益指数,10693.53
20241030,H00922,中证红利全收益指数,10601.29
20241031,H00922,中证红利全收益指数,10561.22
20241101,H00922,中证红利全收益指数,10647.12
20241104,H00922,中证红利全收益指数,10738.75
20241105,H00922,中证红利全收益指数,10876.5
20241106,H00922,中证红利全收益指数,10836.66
20241107,H00922,中证红利全收益指数,11053.18
20241108,H00922,中证红利全收益指数,10903.07
20241111,H00922,中证红利全收益指数,10826.19
20241112,H00922,中证红利全收益指数,10769.55
20241113,H00922,中证红利全收益指数,10815.78
20241114,H00922,中证红利全收益指数,10676.15
20241115,H00922,中证红利全收益指数,10644.01
20241118,H00922,中证红利全收益指数,10819.61
20241119,H00922,中证红利全收益指数,10828.58
20241120,H00922,中证红利全收益指数,10860.89
20241121,H00922,中证红利全收益指数,10851.72
20241122,H00922,中证红利全收益指数,10557.44
20241125,H00922,中证红利全收益指数,10573.89
20241126,H00922,中证红利全收益指数,10577.91
20241127,H00922,中证红利全收益指数,10692.78
20241128,H00922,中证红利全收益指数,10654.27
20241129,H00922,中证红利全收益指数,10721.5
20241202,H00922,中证红利全收益指数,10777.92
20241203,H00922,中证红利全收益指数,10887.86
20241204,H00922,中证红利全收益指数,10905.87
20241205,H00922,中证红利全收益指数,10887.72
20241206,H00922,中证红利全收益指数,11036.63
20241209,H00922,中证红利全收益指数,11054.71
20241210,H00922,中证红利全收益指数,11056.91
20241211,H00922,中证红利全收益指数,11117.67
20241212,H00922,中证红利全收益指数,11161.19
20241213,H00922,中证红利全收益指数,10965.98
20241216,H00922,中证红利全收益指数,11057.76
20241217,H00922,中证红利全收益指数,11017.85
20241218,H00922,中证红利全收益指数,11086.19
20241219,H00922,中证红利全收益指数,10979.52
20241220,H00922,中证红利全收益指数,10888.09
20241223,H00922,中证红利全收益指数,10893.49
20241224,H00922,中证红利全收益指数,11018.44
20241225,H00922,中证红利全收益指数,11061.27
20241226,H00922,中证红利全收益指数,11010.23
20241227,H00922,中证红利全收益指数,11033.61
20241230,H00922,中证红利全收益指数,11166.39
20241231,H00922,中证红利全收益指数,11105.12
20250102,H00922,中证红利全收益指数,10883.67
20250103,H00922,中证红利全收益指数,10792.57
20250106,H00922,中证红利全收益指数,10832.07
20250107,H00922,中证红利全收益指数,10803.48
20250108,H00922,中证红利全收益指数,10784.34
20250109,H00922,中证红利全收益指数,10624.92
20250110,H00922,中证红利全收益指数,10471.16
20250113,H00922,中证红利全收益指数,10390.0
20250114,H00922,中证红利全收益指数,10581.02
20250115,H00922,中证红利全收益指数,10584.54
20250116,H00922,中证红利全收益指数,10670.3
20250117,H00922,中证红利全收益指数,10640.57
20250120,H00922,中证红利全收益指数,10624.83
20250121,H00922,中证红利全收益指数,10559.02
20250122,H00922,中证红利全收益指数,10461.01
20250123,H00922,中证红利全收益指数,10574.17
20250124,H00922,中证红利全收益指数,10650.47
20250127,H00922,中证红利全收益指数,10785.27
20250205,H00922,中证红利全收益指数,10572.72
20250206,H00922,中证红利全收益指数,10581.38
20250207,H00922,中证红利全收益指数,10652.57
20250210,H00922,中证红利全收益指数,10640.42
20250211,H00922,中证红利全收益指数,10680.75
20250212,H00922,中证红利全收益指数,10683.16
20250213,H00922,中证红利全收益指数,10687.09
20250214,H00922,中证红利全收益指数,10707.89
20250217,H00922,中证红利全收益指数,10662.85
20250218,H00922,中证红利全收益指数,10627.01
20250219,H00922,中证红利全收益指数,10597.16
20250220,H00922,中证红利全收益指数,10571.85
20250221,H00922,中证红利全收益指数,10503.86
20250224,H00922,中证红利全收益指数,10512.75
20250225,H00922,中证红利全收益指数,10443.16
20250226,H00922,中证红利全收益指数,10574.12
20250227,H00922,中证红利全收益指数,10691.01
20250228,H00922,中证红利全收益指数,10613.05
20250303,H00922,中证红利全收益指数,10601.57
20250304,H00922,中证红利全收益指数,10602.6
20250305,H00922,中证红利全收益指数,10652.85
20250306,H00922,中证红利全收益指数,10650.33
20250307,H00922,中证红利全收益指数,10664.75
20250310,H00922,中证红利全收益指数,10696.02
20250311,H00922,中证红利全收益指数,10764.16
20250312,H00922,中证红利全收益指数,10720.86
20250313,H00922,中证红利全收益指数,10795.83
20250314,H00922,中证红利全收益指数,10877.96
20250317,H00922,中证红利全收益指数,10918.11
20250318,H00922,中证红利全收益指数,10899.38
20250319,H00922,中证红利全收益指数,10915.82
20250320,H00922,中证红利全收益指数,10885.75
20250321,H00922,中证红利全收益指数,10839.41
20250324,H00922,中证红利全收益指数,10900.09
20250325,H00922,中证红利全收益指数,10969.18
20250326,H00922,中证红利全收益指数,10953.89
20250327,H00922,中证红利全收益指数,10943.61
20250328,H00922,中证红利全收益指数,10864.15
20250331,H00922,中证红利全收益指数,10807.24
20250401,H00922,中证红利全收益指数,10912.2
20250402,H00922,中证红利全收益指数,10951.82
20250403,H00922,中证红利全收益指数,10966.63
20250407,H00922,中证红利全收益指数,10234.98
20250408,H00922,中证红利全收益指数,10496.5
20250409,H00922,中证红利全收益指数,10527.77
20250410,H00922,中证红利全收益指数,10627.32
20250411,H00922,中证红利全收益指数,10579.47
20250414,H00922,中证红利全收益指数,10674.22
20250415,H00922,中证红利全收益指数,10725.42
20250416,H00922,中证红利全收益指数,10774.18
20250417,H00922,中证红利全收益指数,10751.91
20250418,H00922,中证红利全收益指数,10759.3
20250421,H00922,中证红利全收益指数,10744.69
20250422,H00922,中证红利全收益指数,10786.37
20250423,H00922,中证红利全收益指数,10738.32
20250424,H00922,中证红利全收益指数,10796.01
20250425,H00922,中证红利全收益指数,10781.84
20250428,H00922,中证红利全收益指数,10780.04
20250429,H00922,中证红利全收益指数,10757.03
20250430,H00922,中证红利全收益指数,10690.89
20250506,H00922,中证红利全收益指数,10717.89
20250507,H00922,中证红利全收益指数,10790.43
20250508,H00922,中证红利全收益指数,10807.39
20250509,H00922,中证红利全收益指数,10868.16
20250512,H00922,中证红利全收益指数,10905.77
20250513,H00922,中证红利全收益指数,10982.01
20250514,H00922,中证红利全收益指数,11043.99
20250515,H00922,中证红利全收益指数,11005.76
20250516,H00922,中证红利全收益指数,10944.62
20250519,H00922,中证红利全收益指数,10980.04
20250520,H00922,中证红利全收益指数,11014.53
20250521,H00922,中证红利全收益指数,11102.38
20250522,H00922,中证红利全收益指数,11085.26
20250523,H00922,中证红利全收益指数,10980.66
20250526,H00922,中证红利全收益指数,10907.94
20250527,H00922,中证红利全收益指数,10879.59
20250528,H00922,中证红利全收益指数,10917.32
20250529,H00922,中证红利全收益指数,10939.36
20250530,H00922,中证红利全收益指数,10956.06
20250603,H00922,中证红利全收益指数,10996.08
20250604,H00922,中证红利全收益指数,11036.39
20250605,H00922,中证红利全收益指数,10973.21
20250606,H00922,中证红利全收益指数,10981.29
20250609,H00922,中证红利全收益指数,11010.59
20250610,H00922,中证红利全收益指数,11010.91
20250611,H00922,中证红利全收益指数,11055.18
20250612,H00922,中证红利全收益指数,11061.64
20250613,H00922,中证红利全收益指数,10994.17
20250616,H00922,中证红利全收益指数,11019.13
20250617,H00922,中证红利全收益指数,11018.05
20250618,H00922,中证红利全收益指数,11017.7
20250619,H00922,中证红利全收益指数,10952.08
20250620,H00922,中证红利全收益指数,10987.24
20250623,H00922,中证红利全收益指数,11025.58
20250624,H00922,中证红利全收益指数,11060.89
20250625,H00922,中证红利全收益指数,11133.04
20250626,H00922,中证红利全收益指数,11141.27
20250627,H00922,中证红利全收益指数,11096.46
20250630,H00922,中证红利全收益指数,11090.51
20250701,H00922,中证红利全收益指数,11180.84
20250702,H00922,中证红利全收益指数,11261.08
20250703,H00922,中证红利全收益指数,11267.01
20250704,H00922,中证红利全收益指数,11329.13
20250707,H00922,中证红利全收益指数,11386.58
20250708,H00922,中证红利全收益指数,11380.98
20250709,H00922,中证红利全收益指数,11422.38
20250710,H00922,中证红利全收益指数,11508.42
20250711,H00922,中证红利全收益指数,11444.11
20250714,H00922,中证红利全收益指数,11512.01
20250715,H00922,中证红利全收益指数,11385.29
20250716,H00922,中证红利全收益指数,11344.88
20250717,H00922,中证红利全收益指数,11342.19
20250718,H00922,中证红利全收益指数,11395.88
20250721,H00922,中证红利全收益指数,11538.93
20250722,H00922,中证红利全收益指数,11728.79
20250723,H00922,中证红利全收益指数,11690.25
20250724,H00922,中证红利全收益指数,11741.68
20250725,H00922,中证红利全收益指数,11672.83
20250728,H00922,中证红利全收益指数,11553.33
20250729,H00922,中证红利全收益指数,11549.03
20250730,H00922,中证红利全收益指数,11579.49
20250731,H00922,中证红利全收益指数,11378.74
20250801,H00922,中证红利全收益指数,11378.49
20250804,H00922,中证红利全收益指数,11431.91
20250805,H00922,中证红利全收益指数,11556.36
20250806,H00922,中证红利全收益指数,11629.67
20250807,H00922,中证红利全收益指数,11649.33
20250808,H00922,中证红利全收益指数,11655.42
20250811,H00922,中证红利全收益指数,11605.78
20250812,H00922,中证红利全收益指数,11670.85
20250813,H00922,中证红利全收益指数,11610.69
20250814,H00922,中证红利全收益指数,11499.49
20250815,H00922,中证红利全收益指数,11527.07
20250818,H00922,中证红利全收益指数,11504.94
20250819,H00922,中证红利全收益指数,11493.94
20250820,H00922,中证红利全收益指数,11580.73
20250821,H00922,中证红利全收益指数,11642.85
20250822,H00922,中证红利全收益指数,11625.12
20250825,H00922,中证红利全收益指数,11710.41
20250826,H00922,中证红利全收益指数,11697.03
20250827,H00922,中证红利全收益指数,11486.08
20250828,H00922,中证红利全收益指数,11510.49
20250829,H00922,中证红利全收益指数,11503.57
20250901,H00922,中证红利全收益指数,11475.97
20250902,H00922,中证红利全收益指数,11512.16
20250903,H00922,中证红利全收益指数,11415.15
20250904,H00922,中证红利全收益指数,11410.18
20250905,H00922,中证红利全收益指数,11445.41
20250908,H00922,中证红利全收益指数,11533.79
20250909,H00922,中证红利全收益指数,11559.63
20250910,H00922,中证红利全收益指数,11503.05
20250911,H00922,中证红利全收益指数,11552.73
20250912,H00922,中证红利全收益指数,11494.04
20250915,H00922,中证红利全收益指数,11457.64
20250916,H00922,中证红利全收益指数,11458.41
20250917,H00922,中证红利全收益指数,11488.7
20250918,H00922,中证红利全收益指数,11284.48
20250919,H00922,中证红利全收益指数,11377.28
20250922,H00922,中证红利全收益指数,11305.11
20250923,H00922,中证红利全收益指数,11346.75
20250924,H00922,中证红利全收益指数,11375.76
20250925,H00922,中证红利全收益指数,11320.56
20250926,H00922,中证红利全收益指数,11354.81
20250929,H00922,中证红利全收益指数,11403.68
20250930,H00922,中证红利全收益指数,11376.91
20251009,H00922,中证红利全收益指数,11462.94
20251010,H00922,中证红利全收益指数,11581.0
20251013,H00922,中证红利全收益指数,11529.96
20251014,H00922,中证红利全收益指数,11659.07
20251015,H00922,中证红利全收益指数,11712.15
20251016,H00922,中证红利全收益指数,11757.64
20251017,H00922,中证红利全收益指数,11667.41
20251020,H00922,中证红利全收益指数,11754.93
20251021,H00922,中证红利全收益指数,11759.99
20251022,H00922,中证红利全收益指数,11771.55
20251023,H00922,中证红利全收益指数,11867.91
20251024,H00922,中证红利全收益指数,11806.38
20251027,H00922,中证红利全收益指数,11861.54
20251028,H00922,中证红利全收益指数,11799.23
20251029,H00922,中证红利全收益指数,11804.47
20251030,H00922,中证红利全收益指数,11756.03
20251031,H00922,中证红利全收益指数,11750.01
20251103,H00922,中证红利全收益指数,11855.99
20251104,H00922,中证红利全收益指数,11899.87
20251105,H00922,中证红利全收益指数,11949.86
20251106,H00922,中证红利全收益指数,11996.86
20251107,H00922,中证红利全收益指数,12011.57
20251110,H00922,中证红利全收益指数,12103.68
20251111,H00922,中证红利全收益指数,12078.72
20251112,H00922,中证红利全收益指数,12086.72
20251113,H00922,中证红利全收益指数,12119.24
20251114,H00922,中证红利全收益指数,12047.32
20251117,H00922,中证红利全收益指数,11988.34
20251118,H00922,中证红利全收益指数,11822.18
20251119,H00922,中证红利全收益指数,11840.74
20251120,H00922,中证红利全收益指数,11818.54
20251121,H00922,中证红利全收益指数,11610.37
20251124,H00922,中证红利全收益指数,11553.19
20251125,H00922,中证红利全收益指数,11611.44
20251126,H00922,中证红利全收益指数,11562.47
20251127,H00922,中证红利全收益指数,11581.72
20251128,H00922,中证红利全收益指数,11593.93
20251201,H00922,中证红利全收益指数,11690.06
20251202,H00922,中证红利全收益指数,11675.51
20251203,H00922,中证红利全收益指数,11652.59
20251204,H00922,中证红利全收益指数,11610.17
20251205,H00922,中证红利全收益指数,11620.64
20251208,H00922,中证红利全收益指数,11556.79
20251209,H00922,中证红利全收益指数,11451.03
20251210,H00922,中证红利全收益指数,11460.93
20251211,H00922,中证红利全收益指数,11369.87
20251212,H00922,中证红利全收益指数,11354.27
20251215,H00922,中证红利全收益指数,11421.49
20251216,H00922,中证红利全收益指数,11332.08
20251217,H00922,中证红利全收益指数,11364.87
20251218,H00922,中证红利全收益指数,11457.02
20251219,H00922,中证红利全收益指数,11477.2
20251222,H00922,中证红利全收益指数,11424.62
20251223,H00922,中证红利全收益指数,11426.52
20251224,H00922,中证红利全收益指数,11453.94
20251225,H00922,中证红利全收益指数,11486.25
20251226,H00922,中证红利全收益指数,11543.41
20251229,H00922,中证红利全收益指数,11518.27
20251230,H00922,中证红利全收益指数,11512.98
20251231,H00922,中证红利全收益指数,11522.96
20260105,H00922,中证红利全收益指数,11567.21
20260106,H00922,中证红利全收益指数,11705.23
20260107,H00922,中证红利全收益指数,11710.77
20260108,H00922,中证红利全收益指数,11672.42
20260109,H00922,中证红利全收益指数,11712.44
20260112,H00922,中证红利全收益指数,11753.44
20260113,H00922,中证红利全收益指数,11713.23
20260114,H00922,中证红利全收益指数,11634.13
20260115,H00922,中证红利全收益指数,11611.91
20260116,H00922,中证红利全收益指数,11513.77
20260119,H00922,中证红利全收益指数,11609.14
20260120,H00922,中证红利全收益指数,11762.03
20260121,H00922,中证红利全收益指数,11690.14
20260122,H00922,中证红利全收益指数,11775.25
20260123,H00922,中证红利全收益指数,11770.14
20260126,H00922,中证红利全收益指数,11846.94
20260127,H00922,中证红利全收益指数,11745.91
20260128,H00922,中证红利全收益指数,11929.22
20260129,H00922,中证红利全收益指数,12076.72
20260130,H00922,中证红利全收益指数,11955.83
20260202,H00922,中证红利全收益指数,11582.19
20260203,H00922,中证红利全收益指数,11670.15
20260204,H00922,中证红利全收益指数,11983.09
20260205,H00922,中证红利全收益指数,11932.84
20260206,H00922,中证红利全收益指数,11904.0
20260209,H00922,中证红利全收益指数,11984.85
20260210,H00922,中证红利全收益指数,12028.81
20260211,H00922,中证红利全收益指数,12116.3
20260212,H00922,中证红利全收益指数,12077.48
20260213,H00922,中证红利全收益指数,11902.31
20260224,H00922,中证红利全收益指数,12083.29
20260225,H00922,中证红利全收益指数,12148.72
20260226,H00922,中证红利全收益指数,12113.75
20260227,H00922,中证红利全收益指数,12235.11
20260302,H00922,中证红利全收益指数,12400.03
20260303,H00922,中证红利全收益指数,12498.39
20260304,H00922,中证红利全收益指数,12296.93
20260305,H00922,中证红利全收益指数,12283.01
20260306,H00922,中证红利全收益指数,12306.07
20260309,H00922,中证红利全收益指数,12314.48
20260310,H00922,中证红利全收益指数,12222.04
20260311,H00922,中证红利全收益指数,12399.88
20260312,H00922,中证红利全收益指数,12549.71
20260313,H00922,中证红利全收益指数,12503.36
20260316,H00922,中证红利全收益指数,12414.97
20260317,H00922,中证红利全收益指数,12322.82
20260318,H00922,中证红利全收益指数,12249.16
20260319,H00922,中证红利全收益指数,12177.32
20260320,H00922,中证红利全收益指数,12121.58
20260323,H00922,中证红利全收益指数,11813.9
20260324,H00922,中证红利全收益指数,11995.89
20260325,H00922,中证红利全收益指数,12025.27
20260326,H00922,中证红利全收益指数,12030.64
20260327,H00922,中证红利全收益指数,12059.75
20260330,H00922,中证红利全收益指数,12171.18
20260331,H00922,中证红利全收益指数,12029.08
20260401,H00922,中证红利全收益指数,12036.23
20260402,H00922,中证红利全收益指数,12064.34
20260403,H00922,中证红利全收益指数,11864.39
20260407,H00922,中证红利全收益指数,11924.35
20260408,H00922,中证红利全收益指数,12020.25
20260409,H00922,中证红利全收益指数,11929.3
20260410,H00922,中证红利全收益指数,11954.91
20260413,H00922,中证红利全收益指数,11945.58
20260414,H00922,中证红利全收益指数,11971.09
20260415,H00922,中证红利全收益指数,12013.84
20260416,H00922,中证红利全收益指数,12043.07
20260417,H00922,中证红利全收益指数,11963.46
20260420,H00922,中证红利全收益指数,11978.57
20260421,H00922,中证红利全收益指数,12084.28
20260422,H00922,中证红利全收益指数,12083.3
20260423,H00922,中证红利全收益指数,12144.11
20260424,H00922,中证红利全收益指数,12133.64
20260427,H00922,中证红利全收益指数,12107.45
20260428,H00922,中证红利全收益指数,12244.0
20260429,H00922,中证红利全收益指数,12364.05
20260430,H00922,中证红利全收益指数,12328.65
20260506,H00922,中证红利全收益指数,12363.89
20260507,H00922,中证红利全收益指数,12164.95
20260508,H00922,中证红利全收益指数,12123.91
20260511,H00922,中证红利全收益指数,12177.15
20260512,H00922,中证红利全收益指数,12158.76
20260513,H00922,中证红利全收益指数,12110.01
20260514,H00922,中证红利全收益指数,12001.03
20260515,H00922,中证红利全收益指数,11971.67
20260518,H00922,中证红利全收益指数,11916.51
20260519,H00922,中证红利全收益指数,11933.71
20260520,H00922,中证红利全收益指数,11896.07
20260521,H00922,中证红利全收益指数,11715.36
20260522,H00922,中证红利全收益指数,11695.25
20260525,H00922,中证红利全收益指数,11756.21
20260526,H00922,中证红利全收益指数,11766.83
20260527,H00922,中证红利全收益指数,11666.68
20260528,H00922,中证红利全收益指数,11646.8
20260529,H00922,中证红利全收益指数,11797.2
20260601,H00922,中证红利全收益指数,12111.54
20260602,H00922,中证红利全收益指数,12074.41
20260603,H00922,中证红利全收益指数,12070.01
20260604,H00922,中证红利全收益指数,12017.23
20260605,H00922,中证红利全收益指数,12026.09
20260608,H00922,中证红利全收益指数,11922.75
20260609,H00922,中证红利全收益指数,11915.02
20260610,H00922,中证红利全收益指数,11842.74
20260611,H00922,中证红利全收益指数,11801.99
20260612,H00922,中证红利全收益指数,11982.76
20260615,H00922,中证红利全收益指数,11863.66
20260616,H00922,中证红利全收益指数,11660.07
20260617,H00922,中证红利全收益指数,11551.09
20260618,H00922,中证红利全收益指数,11316.87
20260622,H00922,中证红利全收益指数,11437.51
20260623,H00922,中证红利全收益指数,11372.29
20260624,H00922,中证红利全收益指数,11209.8
20260625,H00922,中证红利全收益指数,11074.27
20260626,H00922,中证红利全收益指数,10863.39
20260629,H00922,中证红利全收益指数,10943.04
20260630,H00922,中证红利全收益指数,10737.09
20260701,H00922,中证红利全收益指数,10920.41
20260702,H00922,中证红利全收益指数,11024.15
20260703,H00922,中证红利全收益指数,11141.63
20260706,H00922,中证红利全收益指数,11372.2
20260707,H00922,中证红利全收益指数,11213.46
20260708,H00922,中证红利全收益指数,11276.44
20260709,H00922,中证红利全收益指数,11138.61
20260710,H00922,中证红利全收益指数,11129.62
20260713,H00922,中证红利全收益指数,11173.97
20260714,H00922,中证红利全收益指数,11409.1
20260715,H00922,中证红利全收益指数,11568.99
20260716,H00922,中证红利全收益指数,11455.85
20260717,H00922,中证红利全收益指数,11385.01
20260720,H00922,中证红利全收益指数,11748.64
20260721,H00922,中证红利全收益指数,11621.15
20260722,H00922,中证红利全收益指数,11760.66
20260723,H00922,中证红利全收益指数,11875.2
20260724,H00922,中证红利全收益指数,11666.9
20260727,H00922,中证红利全收益指数,11731.04
20260728,H00922,中证红利全收益指数,11744.58
20260729,H00922,中证红利全收益指数,11919.96
20260730,H00922,中证红利全收益指数,12059.12
20260731,H00922,中证红利全收益指数,12041.68
