交易日期,指数代码,指数名称,收盘点位
2016-06-30,399324,深证红利指数,5849.1797
2016-07-01,399324,深证红利指数,5850.4191
2016-07-04,399324,深证红利指数,5847.2239
2016-07-05,399324,深证红利指数,5786.8075
2016-07-06,399324,深证红利指数,5840.8866
2016-07-07,399324,深证红利指数,5751.2394
2016-07-08,399324,深证红利指数,5749.8077
2016-07-11,399324,深证红利指数,5782.2059
2016-07-12,399324,深证红利指数,5913.1749
2016-07-13,399324,深证红利指数,5920.7192
2016-07-14,399324,深证红利指数,5880.6075
2016-07-15,399324,深证红利指数,5919.5679
2016-07-18,399324,深证红利指数,5869.4543
2016-07-19,399324,深证红利指数,5799.7676
2016-07-20,399324,深证红利指数,5791.6475
2016-07-21,399324,深证红利指数,5829.0637
2016-07-22,399324,深证红利指数,5763.4532
2016-07-25,399324,深证红利指数,5768.7702
2016-07-26,399324,深证红利指数,5858.7632
2016-07-27,399324,深证红利指数,5730.1242
2016-07-28,399324,深证红利指数,5794.3634
2016-07-29,399324,深证红利指数,5796.3118
2016-08-01,399324,深证红利指数,5742.6476
2016-08-02,399324,深证红利指数,5763.832
2016-08-03,399324,深证红利指数,5792.7798
2016-08-04,399324,深证红利指数,5841.7001
2016-08-05,399324,深证红利指数,5904.5703
2016-08-08,399324,深证红利指数,5970.229
2016-08-09,399324,深证红利指数,5998.5311
2016-08-10,399324,深证红利指数,5949.267
2016-08-11,399324,深证红利指数,5940.1945
2016-08-12,399324,深证红利指数,6081.1745
2016-08-15,399324,深证红利指数,6296.8818
2016-08-16,399324,深证红利指数,6355.1756
2016-08-17,399324,深证红利指数,6290.4054
2016-08-18,399324,深证红利指数,6281.4258
2016-08-19,399324,深证红利指数,6230.7566
2016-08-22,399324,深证红利指数,6194.7355
2016-08-23,399324,深证红利指数,6208.0119
2016-08-24,399324,深证红利指数,6138.3281
2016-08-25,399324,深证红利指数,6094.6128
2016-08-26,399324,深证红利指数,6051.2985
2016-08-29,399324,深证红利指数,6057.8525
2016-08-30,399324,深证红利指数,6053.1093
2016-08-31,399324,深证红利指数,6157.7747
2016-09-01,399324,深证红利指数,6061.4908
2016-09-02,399324,深证红利指数,6099.5512
2016-09-05,399324,深证红利指数,6163.7434
2016-09-06,399324,深证红利指数,6232.0637
2016-09-07,399324,深证红利指数,6218.3426
2016-09-08,399324,深证红利指数,6209.4661
2016-09-09,399324,深证红利指数,6158.5331
2016-09-12,399324,深证红利指数,6033.026
2016-09-13,399324,深证红利指数,6045.043
2016-09-14,399324,深证红利指数,5975.89
2016-09-19,399324,深证红利指数,6042.7152
2016-09-20,399324,深证红利指数,6036.398
2016-09-21,399324,深证红利指数,6091.5835
2016-09-22,399324,深证红利指数,6212.1212
2016-09-23,399324,深证红利指数,6141.5409
2016-09-26,399324,深证红利指数,6042.0142
2016-09-27,399324,深证红利指数,6112.4697
2016-09-28,399324,深证红利指数,6114.02
2016-09-29,399324,深证红利指数,6152.1116
2016-09-30,399324,深证红利指数,6207.8583
2016-10-10,399324,深证红利指数,6227.9069
2016-10-11,399324,深证红利指数,6239.7583
2016-10-12,399324,深证红利指数,6231.2174
2016-10-13,399324,深证红利指数,6220.2664
2016-10-14,399324,深证红利指数,6226.7158
2016-10-17,399324,深证红利指数,6154.4088
2016-10-18,399324,深证红利指数,6219.1289
2016-10-19,399324,深证红利指数,6193.6993
2016-10-20,399324,深证红利指数,6203.675
2016-10-21,399324,深证红利指数,6207.7682
2016-10-24,399324,深证红利指数,6265.3731
2016-10-25,399324,深证红利指数,6301.5404
2016-10-26,399324,深证红利指数,6295.5801
2016-10-27,399324,深证红利指数,6261.8223
2016-10-28,399324,深证红利指数,6245.7396
2016-10-31,399324,深证红利指数,6252.311
2016-11-01,399324,深证红利指数,6322.797
2016-11-02,399324,深证红利指数,6246.7024
2016-11-03,399324,深证红利指数,6284.3457
2016-11-04,399324,深证红利指数,6258.49
2016-11-07,399324,深证红利指数,6241.716
2016-11-08,399324,深证红利指数,6279.458
2016-11-09,399324,深证红利指数,6310.054
2016-11-10,399324,深证红利指数,6392.817
2016-11-11,399324,深证红利指数,6412.677
2016-11-14,399324,深证红利指数,6415.401
2016-11-15,399324,深证红利指数,6468.147
2016-11-16,399324,深证红利指数,6447.035
2016-11-17,399324,深证红利指数,6498.138
2016-11-18,399324,深证红利指数,6466.407
2016-11-21,399324,深证红利指数,6491.218
2016-11-22,399324,深证红利指数,6525.463
2016-11-23,399324,深证红利指数,6618.376
2016-11-24,399324,深证红利指数,6674.357
2016-11-25,399324,深证红利指数,6733.781
2016-11-28,399324,深证红利指数,6776.728
2016-11-29,399324,深证红利指数,6818.485
2016-11-30,399324,深证红利指数,6772.1464
2016-12-01,399324,深证红利指数,6893.814
2016-12-02,399324,深证红利指数,6737.955
2016-12-05,399324,深证红利指数,6523.248
2016-12-06,399324,深证红利指数,6551.56
2016-12-07,399324,深证红利指数,6555.79
2016-12-08,399324,深证红利指数,6543.348
2016-12-09,399324,深证红利指数,6594.999
2016-12-12,399324,深证红利指数,6325.797
2016-12-13,399324,深证红利指数,6329.846
2016-12-14,399324,深证红利指数,6249.327
2016-12-15,399324,深证红利指数,6200.186
2016-12-16,399324,深证红利指数,6253.206
2016-12-19,399324,深证红利指数,6178.847
2016-12-20,399324,深证红利指数,6104.436
2016-12-21,399324,深证红利指数,6147.765
2016-12-22,399324,深证红利指数,6158.627
2016-12-23,399324,深证红利指数,6065.234
2016-12-26,399324,深证红利指数,6111.878
2016-12-27,399324,深证红利指数,6147.216
2016-12-28,399324,深证红利指数,6109.635
2016-12-29,399324,深证红利指数,6094.967
2016-12-30,399324,深证红利指数,6103.418
2017-01-03,399324,深证红利指数,6186.687
2017-01-04,399324,深证红利指数,6251.308
2017-01-05,399324,深证红利指数,6254.945
2017-01-06,399324,深证红利指数,6202.977
2017-01-09,399324,深证红利指数,6216.395
2017-01-10,399324,深证红利指数,6222.358
2017-01-11,399324,深证红利指数,6161.852
2017-01-12,399324,深证红利指数,6109.216
2017-01-13,399324,深证红利指数,6120.738
2017-01-16,399324,深证红利指数,6038.326
2017-01-17,399324,深证红利指数,6091.128
2017-01-18,399324,深证红利指数,6156.709
2017-01-19,399324,深证红利指数,6134.658
2017-01-20,399324,深证红利指数,6197.028
2017-01-23,399324,深证红利指数,6216.192
2017-01-24,399324,深证红利指数,6230.352
2017-01-25,399324,深证红利指数,6242.9
2017-01-26,399324,深证红利指数,6270.612
2017-02-03,399324,深证红利指数,6230.317
2017-02-06,399324,深证红利指数,6253.497
2017-02-07,399324,深证红利指数,6250.854
2017-02-08,399324,深证红利指数,6294.547
2017-02-09,399324,深证红利指数,6327.304
2017-02-10,399324,深证红利指数,6385.236
2017-02-13,399324,深证红利指数,6505.479
2017-02-14,399324,深证红利指数,6504.554
2017-02-15,399324,深证红利指数,6485.276
2017-02-16,399324,深证红利指数,6555.401
2017-02-17,399324,深证红利指数,6529.344
2017-02-20,399324,深证红利指数,6684.831
2017-02-21,399324,深证红利指数,6684.751
2017-02-22,399324,深证红利指数,6727.609
2017-02-23,399324,深证红利指数,6665.265
2017-02-24,399324,深证红利指数,6629.764
2017-02-27,399324,深证红利指数,6524.561
2017-02-28,399324,深证红利指数,6563.392
2017-03-01,399324,深证红利指数,6582.562
2017-03-02,399324,深证红利指数,6545.085
2017-03-03,399324,深证红利指数,6537.996
2017-03-06,399324,深证红利指数,6629.986
2017-03-07,399324,深证红利指数,6661.544
2017-03-08,399324,深证红利指数,6652.941
2017-03-09,399324,深证红利指数,6601.561
2017-03-10,399324,深证红利指数,6663.334
2017-03-13,399324,深证红利指数,6720.977
2017-03-14,399324,深证红利指数,6723.02
2017-03-15,399324,深证红利指数,6762.491
2017-03-16,399324,深证红利指数,6765.626
2017-03-17,399324,深证红利指数,6690.856
2017-03-20,399324,深证红利指数,6709.831
2017-03-21,399324,深证红利指数,6810.585
2017-03-22,399324,深证红利指数,6797.72
2017-03-23,399324,深证红利指数,6838.78
2017-03-24,399324,深证红利指数,6875.66
2017-03-27,399324,深证红利指数,6791.886
2017-03-28,399324,深证红利指数,6781.12
2017-03-29,399324,深证红利指数,6786.784
2017-03-30,399324,深证红利指数,6702.381
2017-03-31,399324,深证红利指数,6763.175
2017-04-05,399324,深证红利指数,6834.618
2017-04-06,399324,深证红利指数,6872.301
2017-04-07,399324,深证红利指数,6867.749
2017-04-10,399324,深证红利指数,6823.597
2017-04-11,399324,深证红利指数,6824.338
2017-04-12,399324,深证红利指数,6830.549
2017-04-13,399324,深证红利指数,6884.779
2017-04-14,399324,深证红利指数,6790.765
2017-04-17,399324,深证红利指数,6815.975
2017-04-18,399324,深证红利指数,6863.776
2017-04-19,399324,深证红利指数,6861.508
2017-04-20,399324,深证红利指数,6906.601
2017-04-21,399324,深证红利指数,6894.597
2017-04-24,399324,深证红利指数,6754.954
2017-04-25,399324,深证红利指数,6894.403
2017-04-26,399324,深证红利指数,6884.715
2017-04-27,399324,深证红利指数,6856.305
2017-04-28,399324,深证红利指数,6795.373
2017-05-02,399324,深证红利指数,6781.748
2017-05-03,399324,深证红利指数,6753.85
2017-05-04,399324,深证红利指数,6748.836
2017-05-05,399324,深证红利指数,6712.16
2017-05-08,399324,深证红利指数,6570.837
2017-05-09,399324,深证红利指数,6594.426
2017-05-10,399324,深证红利指数,6569.162
2017-05-11,399324,深证红利指数,6664.177
2017-05-12,399324,深证红利指数,6704.862
2017-05-15,399324,深证红利指数,6732.025
2017-05-16,399324,深证红利指数,6816.95
2017-05-17,399324,深证红利指数,6744.659
2017-05-18,399324,深证红利指数,6716.592
2017-05-19,399324,深证红利指数,6764.583
2017-05-22,399324,深证红利指数,6771.792
2017-05-23,399324,深证红利指数,6806.21
2017-05-24,399324,深证红利指数,6801.005
2017-05-25,399324,深证红利指数,6890.864
2017-05-26,399324,深证红利指数,6901.206
2017-05-31,399324,深证红利指数,6952.517
2017-06-01,399324,深证红利指数,6928.933
2017-06-02,399324,深证红利指数,6909.775
2017-06-05,399324,深证红利指数,6889.483
2017-06-06,399324,深证红利指数,6991.692
2017-06-07,399324,深证红利指数,7105.086
2017-06-08,399324,深证红利指数,7209.856
2017-06-09,399324,深证红利指数,7221.011
2017-06-12,399324,深证红利指数,7309.373
2017-06-13,399324,深证红利指数,7319.607
2017-06-14,399324,深证红利指数,7208.278
2017-06-15,399324,深证红利指数,7191.802
2017-06-16,399324,深证红利指数,7141.945
2017-06-19,399324,深证红利指数,7248.048
2017-06-20,399324,深证红利指数,7250.39
2017-06-21,399324,深证红利指数,7409.4
2017-06-22,399324,深证红利指数,7408.937
2017-06-23,399324,深证红利指数,7583.098
2017-06-26,399324,深证红利指数,7758.462
2017-06-27,399324,深证红利指数,7763.191
2017-06-28,399324,深证红利指数,7653.699
2017-06-29,399324,深证红利指数,7679.192
2017-06-30,399324,深证红利指数,7685.5
2017-07-03,399324,深证红利指数,7577.787
2017-07-04,399324,深证红利指数,7480.041
2017-07-05,399324,深证红利指数,7559.943
2017-07-06,399324,深证红利指数,7536.813
2017-07-07,399324,深证红利指数,7494.477
2017-07-10,399324,深证红利指数,7495.497
2017-07-11,399324,深证红利指数,7645.978
2017-07-12,399324,深证红利指数,7590.373
2017-07-13,399324,深证红利指数,7622.884
2017-07-14,399324,深证红利指数,7661.409
2017-07-17,399324,深证红利指数,7537.37
2017-07-18,399324,深证红利指数,7544.124
2017-07-19,399324,深证红利指数,7661.832
2017-07-20,399324,深证红利指数,7752.911
2017-07-21,399324,深证红利指数,7715.281
2017-07-24,399324,深证红利指数,7779.419
2017-07-25,399324,深证红利指数,7700.023
2017-07-26,399324,深证红利指数,7598.256
2017-07-27,399324,深证红利指数,7542.286
2017-07-28,399324,深证红利指数,7641.434
2017-07-31,399324,深证红利指数,7648.321
2017-08-01,399324,深证红利指数,7705.733
2017-08-02,399324,深证红利指数,7664.984
2017-08-03,399324,深证红利指数,7574.855
2017-08-04,399324,深证红利指数,7500.658
2017-08-07,399324,深证红利指数,7571.957
2017-08-08,399324,深证红利指数,7570.158
2017-08-09,399324,深证红利指数,7631.556
2017-08-10,399324,深证红利指数,7595.556
2017-08-11,399324,深证红利指数,7388.068
2017-08-14,399324,深证红利指数,7470.58
2017-08-15,399324,深证红利指数,7485.097
2017-08-16,399324,深证红利指数,7442.102
2017-08-17,399324,深证红利指数,7466.066
2017-08-18,399324,深证红利指数,7499.382
2017-08-21,399324,深证红利指数,7547.661
2017-08-22,399324,深证红利指数,7555.024
2017-08-23,399324,深证红利指数,7590.497
2017-08-24,399324,深证红利指数,7569.439
2017-08-25,399324,深证红利指数,7641.205
2017-08-28,399324,深证红利指数,7760.389
2017-08-29,399324,深证红利指数,7721.24
2017-08-30,399324,深证红利指数,7746.152
2017-08-31,399324,深证红利指数,7675.657
2017-09-01,399324,深证红利指数,7655.254
2017-09-04,399324,深证红利指数,7696.045
2017-09-05,399324,深证红利指数,7716.85
2017-09-06,399324,深证红利指数,7707.594
2017-09-07,399324,深证红利指数,7717.432
2017-09-08,399324,深证红利指数,7686.469
2017-09-11,399324,深证红利指数,7677.966
2017-09-12,399324,深证红利指数,7681.158
2017-09-13,399324,深证红利指数,7755.466
2017-09-14,399324,深证红利指数,7791.203
2017-09-15,399324,深证红利指数,7883.297
2017-09-18,399324,深证红利指数,7907.778
2017-09-19,399324,深证红利指数,7872.658
2017-09-20,399324,深证红利指数,7965.713
2017-09-21,399324,深证红利指数,7945.297
2017-09-22,399324,深证红利指数,8005.201
2017-09-25,399324,深证红利指数,7890.471
2017-09-26,399324,深证红利指数,7873.315
2017-09-27,399324,深证红利指数,7917.761
2017-09-28,399324,深证红利指数,7901.698
2017-09-29,399324,深证红利指数,7930.561
2017-10-09,399324,深证红利指数,8105.344
2017-10-10,399324,深证红利指数,8148.683
2017-10-11,399324,深证红利指数,8204.035
2017-10-12,399324,深证红利指数,8221.075
2017-10-13,399324,深证红利指数,8234.095
2017-10-16,399324,深证红利指数,8153.643
2017-10-17,399324,深证红利指数,8219.599
2017-10-18,399324,深证红利指数,8301.509
2017-10-19,399324,深证红利指数,8257.162
2017-10-20,399324,深证红利指数,8212.935
2017-10-23,399324,深证红利指数,8221.641
2017-10-24,399324,深证红利指数,8329.699
2017-10-25,399324,深证红利指数,8400.122
2017-10-26,399324,深证红利指数,8457.846
2017-10-27,399324,深证红利指数,8560.72
2017-10-30,399324,深证红利指数,8567.186
2017-10-31,399324,深证红利指数,8520.75
2017-11-01,399324,深证红利指数,8497.574
2017-11-02,399324,深证红利指数,8566.996
2017-11-03,399324,深证红利指数,8494.645
2017-11-06,399324,深证红利指数,8651.56
2017-11-07,399324,深证红利指数,8749.211
2017-11-08,399324,深证红利指数,8689.127
2017-11-09,399324,深证红利指数,8796.07
2017-11-10,399324,深证红利指数,8941.211
2017-11-13,399324,深证红利指数,8988.386
2017-11-14,399324,深证红利指数,8884.209
2017-11-15,399324,深证红利指数,8910.982
2017-11-16,399324,深证红利指数,9019.927
2017-11-17,399324,深证红利指数,8955.982
2017-11-20,399324,深证红利指数,9058.733
2017-11-21,399324,深证红利指数,9387.064
2017-11-22,399324,深证红利指数,9323.429
2017-11-23,399324,深证红利指数,8942.766
2017-11-24,399324,深证红利指数,9023.525
2017-11-27,399324,深证红利指数,8795.774
2017-11-28,399324,深证红利指数,8795.406
2017-11-29,399324,深证红利指数,8751.971
2017-11-30,399324,深证红利指数,8608.633
2017-12-01,399324,深证红利指数,8533.563
2017-12-04,399324,深证红利指数,8616.888
2017-12-05,399324,深证红利指数,8629.951
2017-12-06,399324,深证红利指数,8577.166
2017-12-07,399324,深证红利指数,8393.606
2017-12-08,399324,深证红利指数,8519.879
2017-12-11,399324,深证红利指数,8782.61
2017-12-12,399324,深证红利指数,8703.607
2017-12-13,399324,深证红利指数,8865.136
2017-12-14,399324,深证红利指数,8837.815
2017-12-15,399324,深证红利指数,8679.537
2017-12-18,399324,深证红利指数,8733.017
2017-12-19,399324,深证红利指数,8863.348
2017-12-20,399324,深证红利指数,8866.512
2017-12-21,399324,深证红利指数,9013.054
2017-12-22,399324,深证红利指数,9002.911
2017-12-25,399324,深证红利指数,9029.059
2017-12-26,399324,深证红利指数,8995.413
2017-12-27,399324,深证红利指数,8823.342
2017-12-28,399324,深证红利指数,8934.406
2017-12-29,399324,深证红利指数,8959.613
2018-01-02,399324,深证红利指数,9145.475
2018-01-03,399324,深证红利指数,9160.686
2018-01-04,399324,深证红利指数,9283.511
2018-01-05,399324,深证红利指数,9370.589
2018-01-08,399324,深证红利指数,9410.245
2018-01-09,399324,深证红利指数,9569.114
2018-01-10,399324,深证红利指数,9693.564
2018-01-11,399324,深证红利指数,9611.118
2018-01-12,399324,深证红利指数,9770.743
2018-01-15,399324,深证红利指数,9872.23
2018-01-16,399324,深证红利指数,10044.754
2018-01-17,399324,深证红利指数,9856.764
2018-01-18,399324,深证红利指数,9916.778
2018-01-19,399324,深证红利指数,9848.819
2018-01-22,399324,深证红利指数,10149.455
2018-01-23,399324,深证红利指数,10246.969
2018-01-24,399324,深证红利指数,10137.92
2018-01-25,399324,深证红利指数,10070.721
2018-01-26,399324,深证红利指数,10133.904
2018-01-29,399324,深证红利指数,9841.927
2018-01-30,399324,深证红利指数,9652.487
2018-01-31,399324,深证红利指数,9797.106
2018-02-01,399324,深证红利指数,9637.304
2018-02-02,399324,深证红利指数,9687.712
2018-02-05,399324,深证红利指数,9544.036
2018-02-06,399324,深证红利指数,9267.616
2018-02-07,399324,深证红利指数,8838.884
2018-02-08,399324,深证红利指数,8903.913
2018-02-09,399324,深证红利指数,8542.053
2018-02-12,399324,深证红利指数,8793.156
2018-02-13,399324,深证红利指数,8916.168
2018-02-14,399324,深证红利指数,9059.098
2018-02-22,399324,深证红利指数,9279.456
2018-02-23,399324,深证红利指数,9265.405
2018-02-26,399324,深证红利指数,9315.059
2018-02-27,399324,深证红利指数,9036.41
2018-02-28,399324,深证红利指数,8976.64
2018-03-01,399324,深证红利指数,9002.427
2018-03-02,399324,深证红利指数,8984.504
2018-03-05,399324,深证红利指数,8919.923
2018-03-06,399324,深证红利指数,9066.986
2018-03-07,399324,深证红利指数,8994.102
2018-03-08,399324,深证红利指数,9209.385
2018-03-09,399324,深证红利指数,9265.091
2018-03-12,399324,深证红利指数,9261.746
2018-03-13,399324,深证红利指数,9184.324
2018-03-14,399324,深证红利指数,9154.393
2018-03-15,399324,深证红利指数,9241.958
2018-03-16,399324,深证红利指数,9146.96
2018-03-19,399324,深证红利指数,9106.221
2018-03-20,399324,深证红利指数,9046.43
2018-03-21,399324,深证红利指数,9000.925
2018-03-22,399324,深证红利指数,8816.986
2018-03-23,399324,深证红利指数,8615.5
2018-03-26,399324,深证红利指数,8489.291
2018-03-27,399324,深证红利指数,8499.741
2018-03-28,399324,深证红利指数,8318.284
2018-03-29,399324,深证红利指数,8609.937
2018-03-30,399324,深证红利指数,8557.406
2018-04-02,399324,深证红利指数,8479.91
2018-04-03,399324,深证红利指数,8447.225
2018-04-04,399324,深证红利指数,8526.34
2018-04-09,399324,深证红利指数,8421.583
2018-04-10,399324,深证红利指数,8618.968
2018-04-11,399324,深证红利指数,8682.414
2018-04-12,399324,深证红利指数,8571.792
2018-04-13,399324,深证红利指数,8502.05
2018-04-16,399324,深证红利指数,8330.982
2018-04-17,399324,深证红利指数,8250.206
2018-04-18,399324,深证红利指数,8254.435
2018-04-19,399324,深证红利指数,8459.48
2018-04-20,399324,深证红利指数,8390.576
2018-04-23,399324,深证红利指数,8446.294
2018-04-24,399324,深证红利指数,8645.937
2018-04-25,399324,深证红利指数,8578.993
2018-04-26,399324,深证红利指数,8300.711
2018-04-27,399324,深证红利指数,8237.47
2018-05-02,399324,深证红利指数,8266.083
2018-05-03,399324,深证红利指数,8377.295
2018-05-04,399324,深证红利指数,8311.266
2018-05-07,399324,深证红利指数,8488.956
2018-05-08,399324,深证红利指数,8631.862
2018-05-09,399324,深证红利指数,8612.356
2018-05-10,399324,深证红利指数,8657.942
2018-05-11,399324,深证红利指数,8589.322
2018-05-14,399324,深证红利指数,8696.639
2018-05-15,399324,深证红利指数,8707.121
2018-05-16,399324,深证红利指数,8633.538
2018-05-17,399324,深证红利指数,8547.17
2018-05-18,399324,深证红利指数,8619.135
2018-05-21,399324,深证红利指数,8613.583
2018-05-22,399324,深证红利指数,8533.69
2018-05-23,399324,深证红利指数,8434.886
2018-05-24,399324,深证红利指数,8348.02
2018-05-25,399324,深证红利指数,8327.529
2018-05-28,399324,深证红利指数,8458.681
2018-05-29,399324,深证红利指数,8362.6
2018-05-30,399324,深证红利指数,8234.825
2018-05-31,399324,深证红利指数,8465.737
2018-06-01,399324,深证红利指数,8398.39
2018-06-04,399324,深证红利指数,8556.334
2018-06-05,399324,深证红利指数,8646.864
2018-06-06,399324,深证红利指数,8601.093
2018-06-07,399324,深证红利指数,8594.672
2018-06-08,399324,深证红利指数,8517.764
2018-06-11,399324,深证红利指数,8600.6584
2018-06-12,399324,深证红利指数,8780.4943
2018-06-13,399324,深证红利指数,8668.9552
2018-06-14,399324,深证红利指数,8533.4107
2018-06-15,399324,深证红利指数,8507.6715
2018-06-19,399324,深证红利指数,8151.228
2018-06-20,399324,深证红利指数,8213.3501
2018-06-21,399324,深证红利指数,8136.2502
2018-06-22,399324,深证红利指数,8134.2775
2018-06-25,399324,深证红利指数,8014.8249
2018-06-26,399324,深证红利指数,7897.9932
2018-06-27,399324,深证红利指数,7636.1241
2018-06-28,399324,深证红利指数,7528.2957
2018-06-29,399324,深证红利指数,7760.6735
2018-07-02,399324,深证红利指数,7490.8566
2018-07-03,399324,深证红利指数,7441.7857
2018-07-04,399324,深证红利指数,7253.8053
2018-07-05,399324,深证红利指数,7215.8407
2018-07-06,399324,深证红利指数,7269.8455
2018-07-09,399324,深证红利指数,7535.8064
2018-07-10,399324,深证红利指数,7545.7382
2018-07-11,399324,深证红利指数,7399.2799
2018-07-12,399324,深证红利指数,7552.4198
2018-07-13,399324,深证红利指数,7606.3609
2018-07-16,399324,深证红利指数,7577.681
2018-07-17,399324,深证红利指数,7515.3388
2018-07-18,399324,深证红利指数,7427.1846
2018-07-19,399324,深证红利指数,7457.2044
2018-07-20,399324,深证红利指数,7533.5873
2018-07-23,399324,深证红利指数,7559.7037
2018-07-24,399324,深证红利指数,7729.3166
2018-07-25,399324,深证红利指数,7663.8055
2018-07-26,399324,深证红利指数,7591.3243
2018-07-27,399324,深证红利指数,7545.9657
2018-07-30,399324,深证红利指数,7514.0103
2018-07-31,399324,深证红利指数,7521.8783
2018-08-01,399324,深证红利指数,7330.6043
2018-08-02,399324,深证红利指数,7082.6358
2018-08-03,399324,深证红利指数,6887.8284
2018-08-06,399324,深证红利指数,6789.9226
2018-08-07,399324,深证红利指数,7019.2507
2018-08-08,399324,深证红利指数,6889.9865
2018-08-09,399324,深证红利指数,7099.4225
2018-08-10,399324,深证红利指数,7123.8466
2018-08-13,399324,深证红利指数,7068.5901
2018-08-14,399324,深证红利指数,7035.9874
2018-08-15,399324,深证红利指数,6864.1448
2018-08-16,399324,深证红利指数,6801.3594
2018-08-17,399324,深证红利指数,6723.5844
2018-08-20,399324,深证红利指数,6803.9921
2018-08-21,399324,深证红利指数,6964.4787
2018-08-22,399324,深证红利指数,6902.9553
2018-08-23,399324,深证红利指数,6892.7847
2018-08-24,399324,深证红利指数,6882.0843
2018-08-27,399324,深证红利指数,7109.2614
2018-08-28,399324,深证红利指数,7097.6556
2018-08-29,399324,深证红利指数,7078.4932
2018-08-30,399324,深证红利指数,7006.6613
2018-08-31,399324,深证红利指数,6958.7184
2018-09-03,399324,深证红利指数,6916.0119
2018-09-04,399324,深证红利指数,7005.8846
2018-09-05,399324,深证红利指数,6865.7148
2018-09-06,399324,深证红利指数,6747.8526
2018-09-07,399324,深证红利指数,6763.5493
2018-09-10,399324,深证红利指数,6700.3884
2018-09-11,399324,深证红利指数,6711.3248
2018-09-12,399324,深证红利指数,6618.164
2018-09-13,399324,深证红利指数,6689.4987
2018-09-14,399324,深证红利指数,6734.9735
2018-09-17,399324,深证红利指数,6694.7461
2018-09-18,399324,深证红利指数,6783.7652
2018-09-19,399324,深证红利指数,6911.6899
2018-09-20,399324,深证红利指数,6902.3871
2018-09-21,399324,深证红利指数,7120.2086
2018-09-25,399324,深证红利指数,7031.9086
2018-09-26,399324,深证红利指数,7117.5549
2018-09-27,399324,深证红利指数,7092.9136
2018-09-28,399324,深证红利指数,7134.5557
2018-10-08,399324,深证红利指数,6810.3349
2018-10-09,399324,深证红利指数,6808.272
2018-10-10,399324,深证红利指数,6750.9792
2018-10-11,399324,深证红利指数,6471.8535
2018-10-12,399324,深证红利指数,6598.5281
2018-10-15,399324,深证红利指数,6501.8736
2018-10-16,399324,深证红利指数,6449.2523
2018-10-17,399324,深证红利指数,6491.2876
2018-10-18,399324,深证红利指数,6354.4557
2018-10-19,399324,深证红利指数,6528.8974
2018-10-22,399324,深证红利指数,6805.5237
2018-10-23,399324,深证红利指数,6611.3172
2018-10-24,399324,深证红利指数,6621.6626
2018-10-25,399324,深证红利指数,6636.5526
2018-10-26,399324,深证红利指数,6617.8429
2018-10-29,399324,深证红利指数,6312.631
2018-10-30,399324,深证红利指数,6351.515
2018-10-31,399324,深证红利指数,6449.1943
2018-11-01,399324,深证红利指数,6563.819
2018-11-02,399324,深证红利指数,6840.3922
2018-11-05,399324,深证红利指数,6789.9653
2018-11-06,399324,深证红利指数,6738.2531
2018-11-07,399324,深证红利指数,6715.5088
2018-11-08,399324,深证红利指数,6705.333
2018-11-09,399324,深证红利指数,6608.0552
2018-11-12,399324,深证红利指数,6708.147
2018-11-13,399324,深证红利指数,6826.9197
2018-11-14,399324,深证红利指数,6759.1061
2018-11-15,399324,深证红利指数,6814.7006
2018-11-16,399324,深证红利指数,6905.537
2018-11-19,399324,深证红利指数,7007.5761
2018-11-20,399324,深证红利指数,6791.0739
2018-11-21,399324,深证红利指数,6814.8273
2018-11-22,399324,深证红利指数,6799.9848
2018-11-23,399324,深证红利指数,6659.2626
2018-11-26,399324,深证红利指数,6672.9968
2018-11-27,399324,深证红利指数,6630.0269
2018-11-28,399324,深证红利指数,6767.069
2018-11-29,399324,深证红利指数,6659.9898
2018-11-30,399324,深证红利指数,6734.1907
2018-12-03,399324,深证红利指数,6972.1928
2018-12-04,399324,深证红利指数,6945.6806
2018-12-05,399324,深证红利指数,6916.8977
2018-12-06,399324,深证红利指数,6751.4477
2018-12-07,399324,深证红利指数,6758.1782
2018-12-10,399324,深证红利指数,6641.9189
2018-12-11,399324,深证红利指数,6688.7717
2018-12-12,399324,深证红利指数,6742.9913
2018-12-13,399324,深证红利指数,6890.4848
2018-12-14,399324,深证红利指数,6778.7839
2018-12-17,399324,深证红利指数,6756.7416
2018-12-18,399324,深证红利指数,6685.1364
2018-12-19,399324,深证红利指数,6616.6848
2018-12-20,399324,深证红利指数,6606.2278
2018-12-21,399324,深证红利指数,6497.0867
2018-12-24,399324,深证红利指数,6523.6148
2018-12-25,399324,深证红利指数,6493.8762
2018-12-26,399324,深证红利指数,6461.9201
2018-12-27,399324,深证红利指数,6429.1827
2018-12-28,399324,深证红利指数,6476.0436
2019-01-02,399324,深证红利指数,6402.3729
2019-01-03,399324,深证红利指数,6378.4021
2019-01-04,399324,深证红利指数,6550.9072
2019-01-07,399324,深证红利指数,6613.7943
2019-01-08,399324,深证红利指数,6600.9417
2019-01-09,399324,深证红利指数,6740.8043
2019-01-10,399324,深证红利指数,6737.5755
2019-01-11,399324,深证红利指数,6791.8786
2019-01-14,399324,深证红利指数,6734.0512
2019-01-15,399324,深证红利指数,6909.9584
2019-01-16,399324,深证红利指数,6907.069
2019-01-17,399324,深证红利指数,6852.4453
2019-01-18,399324,深证红利指数,6972.3653
2019-01-21,399324,深证红利指数,6999.2746
2019-01-22,399324,深证红利指数,6891.7755
2019-01-23,399324,深证红利指数,6909.0994
2019-01-24,399324,深证红利指数,6960.2598
2019-01-25,399324,深证红利指数,7039.6053
2019-01-28,399324,深证红利指数,7074.1881
2019-01-29,399324,深证红利指数,7135.4997
2019-01-30,399324,深证红利指数,7073.9637
2019-01-31,399324,深证红利指数,7201.1733
2019-02-01,399324,深证红利指数,7316.4118
2019-02-11,399324,深证红利指数,7523.079
2019-02-12,399324,深证红利指数,7568.3373
2019-02-13,399324,深证红利指数,7692.8447
2019-02-14,399324,深证红利指数,7731.1956
2019-02-15,399324,深证红利指数,7566.0344
2019-02-18,399324,深证红利指数,7847.3082
2019-02-19,399324,深证红利指数,7828.9797
2019-02-20,399324,深证红利指数,7894.6274
2019-02-21,399324,深证红利指数,7871.8312
2019-02-22,399324,深证红利指数,7998.9772
2019-02-25,399324,深证红利指数,8416.5386
2019-02-26,399324,深证红利指数,8271.2316
2019-02-27,399324,深证红利指数,8229.9813
2019-02-28,399324,深证红利指数,8217.7231
2019-03-01,399324,深证红利指数,8421.6794
2019-03-04,399324,深证红利指数,8663.2919
2019-03-05,399324,深证红利指数,8783.9511
2019-03-06,399324,深证红利指数,8839.3784
2019-03-07,399324,深证红利指数,8671.7815
2019-03-08,399324,深证红利指数,8384.0275
2019-03-11,399324,深证红利指数,8622.5813
2019-03-12,399324,深证红利指数,8712.8462
2019-03-13,399324,深证红利指数,8555.4803
2019-03-14,399324,深证红利指数,8446.3076
2019-03-15,399324,深证红利指数,8640.6763
2019-03-18,399324,深证红利指数,8975.417
2019-03-19,399324,深证红利指数,8914.407
2019-03-20,399324,深证红利指数,8893.8282
2019-03-21,399324,深证红利指数,8885.4119
2019-03-22,399324,深证红利指数,8859.736
2019-03-25,399324,深证红利指数,8650.1716
2019-03-26,399324,深证红利指数,8588.7957
2019-03-27,399324,深证红利指数,8730.5667
2019-03-28,399324,深证红利指数,8735.8063
2019-03-29,399324,深证红利指数,9111.9756
2019-04-01,399324,深证红利指数,9416.1126
2019-04-02,399324,深证红利指数,9363.126
2019-04-03,399324,深证红利指数,9427.4916
2019-04-04,399324,深证红利指数,9570.9469
2019-04-08,399324,深证红利指数,9566.0345
2019-04-09,399324,深证红利指数,9781.558
2019-04-10,399324,深证红利指数,9864.9897
2019-04-11,399324,深证红利指数,9562.9038
2019-04-12,399324,深证红利指数,9515.9362
2019-04-15,399324,深证红利指数,9505.2389
2019-04-16,399324,深证红利指数,9717.9072
2019-04-17,399324,深证红利指数,9751.8917
2019-04-18,399324,深证红利指数,9717.4342
2019-04-19,399324,深证红利指数,9947.7178
2019-04-22,399324,深证红利指数,9677.6213
2019-04-23,399324,深证红利指数,9656.5155
2019-04-24,399324,深证红利指数,9689.6386
2019-04-25,399324,深证红利指数,9462.0776
2019-04-26,399324,深证红利指数,9321.1201
2019-04-29,399324,深证红利指数,9356.3911
2019-04-30,399324,深证红利指数,9390.3492
2019-05-06,399324,深证红利指数,8685.0024
2019-05-07,399324,深证红利指数,8885.9252
2019-05-08,399324,深证红利指数,8744.0788
2019-05-09,399324,深证红利指数,8615.3962
2019-05-10,399324,深证红利指数,8988.7143
2019-05-13,399324,深证红利指数,8891.768
2019-05-14,399324,深证红利指数,8847.2424
2019-05-15,399324,深证红利指数,9128.446
2019-05-16,399324,深证红利指数,9136.3869
2019-05-17,399324,深证红利指数,8886.6811
2019-05-20,399324,深证红利指数,8752.4427
2019-05-21,399324,深证红利指数,8898.4985
2019-05-22,399324,深证红利指数,8833.674
2019-05-23,399324,深证红利指数,8583.0418
2019-05-24,399324,深证红利指数,8634.0688
2019-05-27,399324,深证红利指数,8776.2362
2019-05-28,399324,深证红利指数,8923.5934
2019-05-29,399324,深证红利指数,8874.4604
2019-05-30,399324,深证红利指数,8807.2246
2019-05-31,399324,深证红利指数,8764.1869
2019-06-03,399324,深证红利指数,8749.4984
2019-06-04,399324,深证红利指数,8647.9301
2019-06-05,399324,深证红利指数,8690.9595
2019-06-06,399324,深证红利指数,8557.9023
2019-06-10,399324,深证红利指数,8704.5955
2019-06-11,399324,深证红利指数,9038.8836
2019-06-12,399324,深证红利指数,8942.4015
2019-06-13,399324,深证红利指数,8893.8738
2019-06-14,399324,深证红利指数,8801.1285
2019-06-17,399324,深证红利指数,8754.77
2019-06-18,399324,深证红利指数,8788.0026
2019-06-19,399324,深证红利指数,8900.5247
2019-06-20,399324,深证红利指数,9178.1116
2019-06-21,399324,深证红利指数,9149.6827
2019-06-24,399324,深证红利指数,9180.1966
2019-06-25,399324,深证红利指数,9088.4141
2019-06-26,399324,深证红利指数,9059.8749
2019-06-27,399324,深证红利指数,9180.9548
2019-06-28,399324,深证红利指数,9174.7946
2019-07-01,399324,深证红利指数,9556.0563
2019-07-02,399324,深证红利指数,9597.5731
2019-07-03,399324,深证红利指数,9445.7258
2019-07-04,399324,深证红利指数,9404.5605
2019-07-05,399324,深证红利指数,9561.2265
2019-07-08,399324,深证红利指数,9373.0411
2019-07-09,399324,深证红利指数,9363.1594
2019-07-10,399324,深证红利指数,9356.4127
2019-07-11,399324,深证红利指数,9321.2785
2019-07-12,399324,深证红利指数,9438.652
2019-07-15,399324,深证红利指数,9480.6738
2019-07-16,399324,深证红利指数,9388.5431
2019-07-17,399324,深证红利指数,9381.3324
2019-07-18,399324,深证红利指数,9269.7259
2019-07-19,399324,深证红利指数,9368.7904
2019-07-22,399324,深证红利指数,9351.2561
2019-07-23,399324,深证红利指数,9320.7553
2019-07-24,399324,深证红利指数,9344.014
2019-07-25,399324,深证红利指数,9437.424
2019-07-26,399324,深证红利指数,9421.0302
2019-07-29,399324,深证红利指数,9426.5669
2019-07-30,399324,深证红利指数,9478.7286
2019-07-31,399324,深证红利指数,9365.5482
2019-08-01,399324,深证红利指数,9270.2068
2019-08-02,399324,深证红利指数,9135.111
2019-08-05,399324,深证红利指数,8971.3297
2019-08-06,399324,深证红利指数,8931.5114
2019-08-07,399324,深证红利指数,8868.5464
2019-08-08,399324,深证红利指数,9009.4091
2019-08-09,399324,深证红利指数,8867.0107
2019-08-12,399324,深证红利指数,9040.048
2019-08-13,399324,深证红利指数,8946.9844
2019-08-14,399324,深证红利指数,8993.8075
2019-08-15,399324,深证红利指数,8983.9209
2019-08-16,399324,深证红利指数,9014.6754
2019-08-19,399324,深证红利指数,9198.8764
2019-08-20,399324,深证红利指数,9217.5227
2019-08-21,399324,深证红利指数,9212.9983
2019-08-22,399324,深证红利指数,9272.4527
2019-08-23,399324,深证红利指数,9284.301
2019-08-26,399324,深证红利指数,9131.7426
2019-08-27,399324,深证红利指数,9324.7317
2019-08-28,399324,深证红利指数,9360.8494
2019-08-29,399324,深证红利指数,9339.1407
2019-08-30,399324,深证红利指数,9419.7786
2019-09-02,399324,深证红利指数,9556.0157
2019-09-03,399324,深证红利指数,9579.6811
2019-09-04,399324,深证红利指数,9649.5467
2019-09-05,399324,深证红利指数,9670.8256
2019-09-06,399324,深证红利指数,9695.7951
2019-09-09,399324,深证红利指数,9718.8846
2019-09-10,399324,深证红利指数,9704.88
2019-09-11,399324,深证红利指数,9551.2631
2019-09-12,399324,深证红利指数,9649.8804
2019-09-16,399324,深证红利指数,9566.2691
2019-09-17,399324,深证红利指数,9439.705
2019-09-18,399324,深证红利指数,9508.2613
2019-09-19,399324,深证红利指数,9546.344
2019-09-20,399324,深证红利指数,9583.0582
2019-09-23,399324,深证红利指数,9451.4381
2019-09-24,399324,深证红利指数,9456.7029
2019-09-25,399324,深证红利指数,9418.2398
2019-09-26,399324,深证红利指数,9314.6675
2019-09-27,399324,深证红利指数,9337.7207
2019-09-30,399324,深证红利指数,9266.6541
2019-10-08,399324,深证红利指数,9425.4965
2019-10-09,399324,深证红利指数,9408.5992
2019-10-10,399324,深证红利指数,9428.7107
2019-10-11,399324,深证红利指数,9504.5579
2019-10-14,399324,深证红利指数,9594.5269
2019-10-15,399324,深证红利指数,9558.0588
2019-10-16,399324,深证红利指数,9525.4549
2019-10-17,399324,深证红利指数,9502.0846
2019-10-18,399324,深证红利指数,9373.9607
2019-10-21,399324,深证红利指数,9501.5839
2019-10-22,399324,深证红利指数,9523.037
2019-10-23,399324,深证红利指数,9462.7375
2019-10-24,399324,深证红利指数,9461.355
2019-10-25,399324,深证红利指数,9557.5483
2019-10-28,399324,深证红利指数,9588.405
2019-10-29,399324,深证红利指数,9689.706
2019-10-30,399324,深证红利指数,9623.6325
2019-10-31,399324,深证红利指数,9632.2852
2019-11-01,399324,深证红利指数,9931.0088
2019-11-04,399324,深证红利指数,9971.7856
2019-11-05,399324,深证红利指数,10023.6228
2019-11-06,399324,深证红利指数,9946.9799
2019-11-07,399324,深证红利指数,9972.827
2019-11-08,399324,深证红利指数,9955.6482
2019-11-11,399324,深证红利指数,9736.8246
2019-11-12,399324,深证红利指数,9695.45
2019-11-13,399324,深证红利指数,9694.1722
2019-11-14,399324,深证红利指数,9681.461
2019-11-15,399324,深证红利指数,9601.3765
2019-11-18,399324,深证红利指数,9673.9216
2019-11-19,399324,深证红利指数,9768.128
2019-11-20,399324,深证红利指数,9673.6385
2019-11-21,399324,深证红利指数,9608.8183
2019-11-22,399324,深证红利指数,9463.6889
2019-11-25,399324,深证红利指数,9571.8346
2019-11-26,399324,深证红利指数,9620.7555
2019-11-27,399324,深证红利指数,9527.6957
2019-11-28,399324,深证红利指数,9505.2626
2019-11-29,399324,深证红利指数,9416.3267
2019-12-02,399324,深证红利指数,9450.8715
2019-12-03,399324,深证红利指数,9519.1401
2019-12-04,399324,深证红利指数,9551.9353
2019-12-05,399324,深证红利指数,9588.8523
2019-12-06,399324,深证红利指数,9650.2154
2019-12-09,399324,深证红利指数,9647.8643
2019-12-10,399324,深证红利指数,9621.899
2019-12-11,399324,深证红利指数,9594.1962
2019-12-12,399324,深证红利指数,9572.6903
2019-12-13,399324,深证红利指数,9758.8189
2019-12-16,399324,深证红利指数,9815.9678
2019-12-17,399324,深证红利指数,9979.6201
2019-12-18,399324,深证红利指数,10001.7841
2019-12-19,399324,深证红利指数,10025.4583
2019-12-20,399324,深证红利指数,10025.4805
2019-12-23,399324,深证红利指数,9896.2383
2019-12-24,399324,深证红利指数,9931.0228
2019-12-25,399324,深证红利指数,9911.0522
2019-12-26,399324,深证红利指数,9992.5228
2019-12-27,399324,深证红利指数,9978.0347
2019-12-30,399324,深证红利指数,10146.4378
2019-12-31,399324,深证红利指数,10189.2549
2020-01-02,399324,深证红利指数,10392.1003
2020-01-03,399324,深证红利指数,10352.6355
2020-01-06,399324,深证红利指数,10261.6579
2020-01-07,399324,深证红利指数,10396.074
2020-01-08,399324,深证红利指数,10327.7948
2020-01-09,399324,深证红利指数,10492.2385
2020-01-10,399324,深证红利指数,10474.8396
2020-01-13,399324,深证红利指数,10599.8401
2020-01-14,399324,深证红利指数,10541.3678
2020-01-15,399324,深证红利指数,10486.6567
2020-01-16,399324,深证红利指数,10428.4875
2020-01-17,399324,深证红利指数,10409.4491
2020-01-20,399324,深证红利指数,10428.9285
2020-01-21,399324,深证红利指数,10163.8622
2020-01-22,399324,深证红利指数,10183.53
2020-01-23,399324,深证红利指数,9783.9654
2020-02-03,399324,深证红利指数,8877.739
2020-02-04,399324,深证红利指数,9149.3572
2020-02-05,399324,深证红利指数,9276.5633
2020-02-06,399324,深证红利指数,9416.4009
2020-02-07,399324,深证红利指数,9360.6188
2020-02-10,399324,深证红利指数,9445.3675
2020-02-11,399324,深证红利指数,9634.1559
2020-02-12,399324,深证红利指数,9664.8864
2020-02-13,399324,深证红利指数,9619.5915
2020-02-14,399324,深证红利指数,9696.8877
2020-02-17,399324,深证红利指数,9871.4872
2020-02-18,399324,深证红利指数,9802.0812
2020-02-19,399324,深证红利指数,9860.0991
2020-02-20,399324,深证红利指数,10119.976
2020-02-21,399324,深证红利指数,10063.8759
2020-02-24,399324,深证红利指数,9988.8775
2020-02-25,399324,深证红利指数,9920.0487
2020-02-26,399324,深证红利指数,9871.0013
2020-02-27,399324,深证红利指数,9897.6902
2020-02-28,399324,深证红利指数,9507.7023
2020-03-02,399324,深证红利指数,9844.5525
2020-03-03,399324,深证红利指数,9861.6554
2020-03-04,399324,深证红利指数,9948.8224
2020-03-05,399324,深证红利指数,10303.411
2020-03-06,399324,深证红利指数,10083.0581
2020-03-09,399324,深证红利指数,9760.5231
2020-03-10,399324,深证红利指数,9942.5601
2020-03-11,399324,深证红利指数,9812.5897
2020-03-12,399324,深证红利指数,9582.042
2020-03-13,399324,深证红利指数,9415.325
2020-03-16,399324,深证红利指数,8972.0303
2020-03-17,399324,深证红利指数,8825.7468
2020-03-18,399324,深证红利指数,8659.1336
2020-03-19,399324,深证红利指数,8480.0202
2020-03-20,399324,深证红利指数,8654.2458
2020-03-23,399324,深证红利指数,8289.8767
2020-03-24,399324,深证红利指数,8548.3984
2020-03-25,399324,深证红利指数,8825.8271
2020-03-26,399324,深证红利指数,8747.0401
2020-03-27,399324,深证红利指数,8782.4075
2020-03-30,399324,深证红利指数,8635.1917
2020-03-31,399324,深证红利指数,8715.1596
2020-04-01,399324,深证红利指数,8742.6971
2020-04-02,399324,深证红利指数,8845.2936
2020-04-03,399324,深证红利指数,8795.117
2020-04-07,399324,深证红利指数,9023.6084
2020-04-08,399324,深证红利指数,8941.9525
2020-04-09,399324,深证红利指数,8943.1525
2020-04-10,399324,深证红利指数,8990.5486
2020-04-13,399324,深证红利指数,9004.9395
2020-04-14,399324,深证红利指数,9134.281
2020-04-15,399324,深证红利指数,9045.7098
2020-04-16,399324,深证红利指数,8992.9943
2020-04-17,399324,深证红利指数,9067.4034
2020-04-20,399324,深证红利指数,9100.0189
2020-04-21,399324,深证红利指数,8962.086
2020-04-22,399324,深证红利指数,9084.4187
2020-04-23,399324,深证红利指数,9090.9747
2020-04-24,399324,深证红利指数,9053.6242
2020-04-27,399324,深证红利指数,9112.0403
2020-04-28,399324,深证红利指数,9203.8804
2020-04-29,399324,深证红利指数,9269.6894
2020-04-30,399324,深证红利指数,9350.4194
2020-05-06,399324,深证红利指数,9413.3991
2020-05-07,399324,深证红利指数,9391.0286
2020-05-08,399324,深证红利指数,9563.2219
2020-05-11,399324,深证红利指数,9576.2782
2020-05-12,399324,深证红利指数,9585.4932
2020-05-13,399324,深证红利指数,9609.9116
2020-05-14,399324,深证红利指数,9509.7212
2020-05-15,399324,深证红利指数,9449.7646
2020-05-18,399324,深证红利指数,9529.5122
2020-05-19,399324,深证红利指数,9584.2824
2020-05-20,399324,深证红利指数,9538.2846
2020-05-21,399324,深证红利指数,9475.5514
2020-05-22,399324,深证红利指数,9234.8989
2020-05-25,399324,深证红利指数,9243.528
2020-05-26,399324,深证红利指数,9373.0787
2020-05-27,399324,深证红利指数,9305.7775
2020-05-28,399324,深证红利指数,9328.7038
2020-05-29,399324,深证红利指数,9355.6281
2020-06-01,399324,深证红利指数,9645.6943
2020-06-02,399324,深证红利指数,9656.9262
2020-06-03,399324,深证红利指数,9646.239
2020-06-04,399324,深证红利指数,9716.4778
2020-06-05,399324,深证红利指数,9749.1769
2020-06-08,399324,深证红利指数,9874.2354
2020-06-09,399324,深证红利指数,9902.7359
2020-06-10,399324,深证红利指数,9849.2218
2020-06-11,399324,深证红利指数,9650.1018
2020-06-12,399324,深证红利指数,9655.2656
2020-06-15,399324,深证红利指数,9520.37
2020-06-16,399324,深证红利指数,9623.7724
2020-06-17,399324,深证红利指数,9599.3678
2020-06-18,399324,深证红利指数,9694.9229
2020-06-19,399324,深证红利指数,9865.3078
2020-06-22,399324,深证红利指数,9790.8777
2020-06-23,399324,深证红利指数,9811.8435
2020-06-24,399324,深证红利指数,9893.1612
2020-06-29,399324,深证红利指数,9846.531
2020-06-30,399324,深证红利指数,9963.2574
2020-07-01,399324,深证红利指数,10333.3604
2020-07-02,399324,深证红利指数,10578.5025
2020-07-03,399324,深证红利指数,10698.1782
2020-07-06,399324,深证红利指数,11260.5046
2020-07-07,399324,深证红利指数,11293.3492
2020-07-08,399324,深证红利指数,11344.8725
2020-07-09,399324,深证红利指数,11531.9626
2020-07-10,399324,深证红利指数,11340.1964
2020-07-13,399324,深证红利指数,11595.9439
2020-07-14,399324,深证红利指数,11515.5286
2020-07-15,399324,深证红利指数,11470.1511
2020-07-16,399324,深证红利指数,10894.06
2020-07-17,399324,深证红利指数,11060.4517
2020-07-20,399324,深证红利指数,11368.7959
2020-07-21,399324,深证红利指数,11381.552
2020-07-22,399324,深证红利指数,11437.4324
2020-07-23,399324,深证红利指数,11426.3328
2020-07-24,399324,深证红利指数,10944.4405
2020-07-27,399324,深证红利指数,10967.6088
2020-07-28,399324,深证红利指数,11131.3378
2020-07-29,399324,深证红利指数,11388.0501
2020-07-30,399324,深证红利指数,11308.4323
2020-07-31,399324,深证红利指数,11323.7342
2020-08-03,399324,深证红利指数,11500.7256
2020-08-04,399324,深证红利指数,11515.58
2020-08-05,399324,深证红利指数,11506.8794
2020-08-06,399324,深证红利指数,11400.4914
2020-08-07,399324,深证红利指数,11270.7436
2020-08-10,399324,深证红利指数,11386.3052
2020-08-11,399324,深证红利指数,11380.6774
2020-08-12,399324,深证红利指数,11306.6173
2020-08-13,399324,深证红利指数,11299.1008
2020-08-14,399324,深证红利指数,11458.9033
2020-08-17,399324,深证红利指数,11717.3477
2020-08-18,399324,深证红利指数,11677.9346
2020-08-19,399324,深证红利指数,11579.3722
2020-08-20,399324,深证红利指数,11387.3765
2020-08-21,399324,深证红利指数,11492.6391
2020-08-24,399324,深证红利指数,11650.5304
2020-08-25,399324,深证红利指数,11753.2566
2020-08-26,399324,深证红利指数,11626.3019
2020-08-27,399324,深证红利指数,11627.6545
2020-08-28,399324,深证红利指数,11980.7844
2020-08-31,399324,深证红利指数,11898.1006
2020-09-01,399324,深证红利指数,11917.9387
2020-09-02,399324,深证红利指数,11958.5951
2020-09-03,399324,深证红利指数,11930.3562
2020-09-04,399324,深证红利指数,11782.7707
2020-09-07,399324,深证红利指数,11542.6438
2020-09-08,399324,深证红利指数,11505.1257
2020-09-09,399324,深证红利指数,11214.0916
2020-09-10,399324,深证红利指数,11275.7291
2020-09-11,399324,深证红利指数,11363.2621
2020-09-14,399324,深证红利指数,11405.7612
2020-09-15,399324,深证红利指数,11531.6899
2020-09-16,399324,深证红利指数,11425.1968
2020-09-17,399324,深证红利指数,11375.9536
2020-09-18,399324,深证红利指数,11627.6794
2020-09-21,399324,深证红利指数,11513.8101
2020-09-22,399324,深证红利指数,11384.8189
2020-09-23,399324,深证红利指数,11381.7859
2020-09-24,399324,深证红利指数,11175.1592
2020-09-25,399324,深证红利指数,11159.0615
2020-09-28,399324,深证红利指数,11178.2327
2020-09-29,399324,深证红利指数,11234.1968
2020-09-30,399324,深证红利指数,11241.6719
2020-10-09,399324,深证红利指数,11419.1643
2020-10-12,399324,深证红利指数,11799.7633
2020-10-13,399324,深证红利指数,11959.8209
2020-10-14,399324,深证红利指数,11904.5931
2020-10-15,399324,深证红利指数,11915.8288
2020-10-16,399324,深证红利指数,11866.944
2020-10-19,399324,深证红利指数,11802.3199
2020-10-20,399324,深证红利指数,11939.385
2020-10-21,399324,深证红利指数,11973.481
2020-10-22,399324,深证红利指数,11960.2825
2020-10-23,399324,深证红利指数,11785.9169
2020-10-26,399324,深证红利指数,11815.9403
2020-10-27,399324,深证红利指数,11795.3837
2020-10-28,399324,深证红利指数,11893.4632
2020-10-29,399324,深证红利指数,12194.9733
2020-10-30,399324,深证红利指数,11951.2678
2020-11-02,399324,深证红利指数,12201.3179
2020-11-03,399324,深证红利指数,12277.6623
2020-11-04,399324,深证红利指数,12452.5861
2020-11-05,399324,深证红利指数,12633.6893
2020-11-06,399324,深证红利指数,12759.8338
2020-11-09,399324,深证红利指数,12970.2827
2020-11-10,399324,深证红利指数,12931.961
2020-11-11,399324,深证红利指数,12824.3374
2020-11-12,399324,深证红利指数,12854.8412
2020-11-13,399324,深证红利指数,12749.2901
2020-11-16,399324,深证红利指数,12952.6252
2020-11-17,399324,深证红利指数,13009.0699
2020-11-18,399324,深证红利指数,12986.4075
2020-11-19,399324,深证红利指数,13171.9503
2020-11-20,399324,深证红利指数,13147.4074
2020-11-23,399324,深证红利指数,13282.3084
2020-11-24,399324,深证红利指数,13180.2095
2020-11-25,399324,深证红利指数,12981.2104
2020-11-26,399324,深证红利指数,12931.9618
2020-11-27,399324,深证红利指数,13100.9975
2020-11-30,399324,深证红利指数,12942.1729
2020-12-01,399324,深证红利指数,13148.6822
2020-12-02,399324,深证红利指数,13312.2757
2020-12-03,399324,深证红利指数,13256.0457
2020-12-04,399324,深证红利指数,13255.9728
2020-12-07,399324,深证红利指数,13169.3288
2020-12-08,399324,深证红利指数,13094.4529
2020-12-09,399324,深证红利指数,12822.6047
2020-12-10,399324,深证红利指数,12846.4289
2020-12-11,399324,深证红利指数,12737.0008
2020-12-14,399324,深证红利指数,12883.2419
2020-12-15,399324,深证红利指数,12868.977
2020-12-16,399324,深证红利指数,12911.7874
2020-12-17,399324,深证红利指数,13032.6072
2020-12-18,399324,深证红利指数,12998.35
2020-12-21,399324,深证红利指数,13046.3003
2020-12-22,399324,深证红利指数,12912.721
2020-12-23,399324,深证红利指数,12933.7011
2020-12-24,399324,深证红利指数,12940.4022
2020-12-25,399324,深证红利指数,12949.7579
2020-12-28,399324,深证红利指数,13226.7577
2020-12-29,399324,深证红利指数,13150.9105
2020-12-30,399324,深证红利指数,13275.9554
2020-12-31,399324,深证红利指数,13488.6181
2021-01-04,399324,深证红利指数,13749.3153
2021-01-05,399324,深证红利指数,14322.1317
2021-01-06,399324,深证红利指数,14469.6893
2021-01-07,399324,深证红利指数,14730.018
2021-01-08,399324,深证红利指数,14547.4128
2021-01-11,399324,深证红利指数,14266.5656
2021-01-12,399324,深证红利指数,14648.612
2021-01-13,399324,深证红利指数,14601.7565
2021-01-14,399324,深证红利指数,14177.5001
2021-01-15,399324,深证红利指数,14171.2045
2021-01-18,399324,深证红利指数,14331.6661
2021-01-19,399324,深证红利指数,14062.3066
2021-01-20,399324,深证红利指数,14081.8795
2021-01-21,399324,深证红利指数,14353.9212
2021-01-22,399324,深证红利指数,14339.9873
2021-01-25,399324,深证红利指数,14644.8104
2021-01-26,399324,深证红利指数,14397.1625
2021-01-27,399324,深证红利指数,14412.7312
2021-01-28,399324,深证红利指数,13984.0063
2021-01-29,399324,深证红利指数,13983.7237
2021-02-01,399324,深证红利指数,14279.8169
2021-02-02,399324,深证红利指数,14609.5305
2021-02-03,399324,深证红利指数,14637.8411
2021-02-04,399324,深证红利指数,14592.1989
2021-02-05,399324,深证红利指数,14662.8152
2021-02-08,399324,深证红利指数,14913.8587
2021-02-09,399324,深证红利指数,15268.4189
2021-02-10,399324,深证红利指数,15662.6612
2021-02-18,399324,深证红利指数,15335.6783
2021-02-19,399324,深证红利指数,15527.8482
2021-02-22,399324,深证红利指数,14781.4523
2021-02-23,399324,深证红利指数,14692.4183
2021-02-24,399324,深证红利指数,14396.6985
2021-02-25,399324,深证红利指数,14514.4796
2021-02-26,399324,深证红利指数,14149.2096
2021-03-01,399324,深证红利指数,14445.1556
2021-03-02,399324,深证红利指数,14300.3565
2021-03-03,399324,深证红利指数,14528.8962
2021-03-04,399324,深证红利指数,13994.8586
2021-03-05,399324,深证红利指数,13846.6407
2021-03-08,399324,深证红利指数,13275.7357
2021-03-09,399324,深证红利指数,12982.0164
2021-03-10,399324,深证红利指数,13144.3891
2021-03-11,399324,深证红利指数,13440.9767
2021-03-12,399324,深证红利指数,13529.3438
2021-03-15,399324,深证红利指数,13192.4985
2021-03-16,399324,深证红利指数,13399.1243
2021-03-17,399324,深证红利指数,13575.9641
2021-03-18,399324,深证红利指数,13765.2514
2021-03-19,399324,深证红利指数,13321.5522
2021-03-22,399324,深证红利指数,13459.9054
2021-03-23,399324,深证红利指数,13325.3046
2021-03-24,399324,深证红利指数,13157.9018
2021-03-25,399324,深证红利指数,13049.1678
2021-03-26,399324,深证红利指数,13346.4603
2021-03-29,399324,深证红利指数,13375.3313
2021-03-30,399324,深证红利指数,13504.6692
2021-03-31,399324,深证红利指数,13369.2522
2021-04-01,399324,深证红利指数,13559.5988
2021-04-02,399324,深证红利指数,13748.6492
2021-04-06,399324,深证红利指数,13630.0391
2021-04-07,399324,深证红利指数,13441.1249
2021-04-08,399324,深证红利指数,13436.4259
2021-04-09,399324,深证红利指数,13207.9723
2021-04-12,399324,深证红利指数,12954.3798
2021-04-13,399324,深证红利指数,12951.9891
2021-04-14,399324,深证红利指数,13074.687
2021-04-15,399324,深证红利指数,13008.8466
2021-04-16,399324,深证红利指数,13090.9934
2021-04-19,399324,深证红利指数,13392.3891
2021-04-20,399324,深证红利指数,13421.1477
2021-04-21,399324,深证红利指数,13466.7987
2021-04-22,399324,深证红利指数,13462.8691
2021-04-23,399324,深证红利指数,13663.4418
2021-04-26,399324,深证红利指数,13474.9372
2021-04-27,399324,深证红利指数,13479.9198
2021-04-28,399324,深证红利指数,13606.2883
2021-04-29,399324,深证红利指数,13804.8796
2021-04-30,399324,深证红利指数,13640.7004
2021-05-06,399324,深证红利指数,13367.0167
2021-05-07,399324,深证红利指数,13232.7099
2021-05-10,399324,深证红利指数,13126.3203
2021-05-11,399324,深证红利指数,13244.4177
2021-05-12,399324,深证红利指数,13277.8313
2021-05-13,399324,深证红利指数,13077.5167
2021-05-14,399324,深证红利指数,13333.4133
2021-05-17,399324,深证红利指数,13574.9218
2021-05-18,399324,深证红利指数,13584.3592
2021-05-19,399324,深证红利指数,13496.7687
2021-05-20,399324,深证红利指数,13618.6781
2021-05-21,399324,深证红利指数,13546.2066
2021-05-24,399324,深证红利指数,13563.3328
2021-05-25,399324,深证红利指数,13930.2994
2021-05-26,399324,深证红利指数,13930.0927
2021-05-27,399324,深证红利指数,13975.3939
2021-05-28,399324,深证红利指数,13849.242
2021-05-31,399324,深证红利指数,13752.7049
2021-06-01,399324,深证红利指数,13772.2174
2021-06-02,399324,深证红利指数,13649.8447
2021-06-03,399324,深证红利指数,13584.8922
2021-06-04,399324,深证红利指数,13682.0341
2021-06-07,399324,深证红利指数,13582.254
2021-06-08,399324,深证红利指数,13334.4821
2021-06-09,399324,深证红利指数,13294.3602
2021-06-10,399324,深证红利指数,13327.1541
2021-06-11,399324,深证红利指数,13124.0401
2021-06-15,399324,深证红利指数,12953.8681
2021-06-16,399324,深证红利指数,12863.9704
2021-06-17,399324,深证红利指数,12801.2503
2021-06-18,399324,深证红利指数,12702.0811
2021-06-21,399324,深证红利指数,12600.4695
2021-06-22,399324,深证红利指数,12660.3262
2021-06-23,399324,深证红利指数,12661.7082
2021-06-24,399324,深证红利指数,12760.7392
2021-06-25,399324,深证红利指数,12938.464
2021-06-28,399324,深证红利指数,12957.7936
2021-06-29,399324,深证红利指数,12703.2208
2021-06-30,399324,深证红利指数,12787.9333
2021-07-01,399324,深证红利指数,12888.4082
2021-07-02,399324,深证红利指数,12498.9989
2021-07-05,399324,深证红利指数,12333.4124
2021-07-06,399324,深证红利指数,12425.3515
2021-07-07,399324,深证红利指数,12487.6283
2021-07-08,399324,深证红利指数,12199.8096
2021-07-09,399324,深证红利指数,12096.1094
2021-07-12,399324,深证红利指数,12210.7223
2021-07-13,399324,深证红利指数,12344.2236
2021-07-14,399324,深证红利指数,12260.8388
2021-07-15,399324,深证红利指数,12378.4551
2021-07-16,399324,深证红利指数,12360.1316
2021-07-19,399324,深证红利指数,12407.9733
2021-07-20,399324,深证红利指数,12322.0252
2021-07-21,399324,深证红利指数,12267.1432
2021-07-22,399324,深证红利指数,12294.3694
2021-07-23,399324,深证红利指数,12128.2972
2021-07-26,399324,深证红利指数,11610.5237
2021-07-27,399324,深证红利指数,11087.6647
2021-07-28,399324,深证红利指数,11137.2235
2021-07-29,399324,深证红利指数,11186.3206
2021-07-30,399324,深证红利指数,10974.4109
2021-08-02,399324,深证红利指数,11356.7011
2021-08-03,399324,深证红利指数,11513.7303
2021-08-04,399324,深证红利指数,11426.0224
2021-08-05,399324,深证红利指数,11330.1755
2021-08-06,399324,深证红利指数,11296.4186
2021-08-09,399324,深证红利指数,11630.0834
2021-08-10,399324,深证红利指数,11873.7804
2021-08-11,399324,深证红利指数,11873.7808
2021-08-12,399324,深证红利指数,11674.7854
2021-08-13,399324,深证红利指数,11697.7803
2021-08-16,399324,深证红利指数,11812.6541
2021-08-17,399324,深证红利指数,11523.8899
2021-08-18,399324,深证红利指数,11686.3322
2021-08-19,399324,深证红利指数,11482.4128
2021-08-20,399324,深证红利指数,11188.4031
2021-08-23,399324,深证红利指数,11221.8721
2021-08-24,399324,深证红利指数,11266.8442
2021-08-25,399324,深证红利指数,11257.5908
2021-08-26,399324,深证红利指数,10985.3442
2021-08-27,399324,深证红利指数,10958.9364
2021-08-30,399324,深证红利指数,10770.8786
2021-08-31,399324,深证红利指数,10779.4475
2021-09-01,399324,深证红利指数,11091.3075
2021-09-02,399324,深证红利指数,11095.837
2021-09-03,399324,深证红利指数,11130.088
2021-09-06,399324,深证红利指数,11321.482
2021-09-07,399324,深证红利指数,11439.6463
2021-09-08,399324,深证红利指数,11382.9383
2021-09-09,399324,深证红利指数,11348.5735
2021-09-10,399324,深证红利指数,11501.0652
2021-09-13,399324,深证红利指数,11475.9281
2021-09-14,399324,深证红利指数,11216.0471
2021-09-15,399324,深证红利指数,11059.664
2021-09-16,399324,深证红利指数,10952.6124
2021-09-17,399324,深证红利指数,11083.4529
2021-09-22,399324,深证红利指数,10869.3063
2021-09-23,399324,深证红利指数,10895.3915
2021-09-24,399324,深证红利指数,10910.0253
2021-09-27,399324,深证红利指数,11123.5578
2021-09-28,399324,深证红利指数,11246.0776
2021-09-29,399324,深证红利指数,11244.3567
2021-09-30,399324,深证红利指数,11254.6531
2021-10-08,399324,深证红利指数,11545.463
2021-10-11,399324,深证红利指数,11602.7185
2021-10-12,399324,深证红利指数,11561.3932
2021-10-13,399324,深证红利指数,11673.3021
2021-10-14,399324,深证红利指数,11570.3729
2021-10-15,399324,深证红利指数,11498.7333
2021-10-18,399324,深证红利指数,11230.2841
2021-10-19,399324,深证红利指数,11408.7762
2021-10-20,399324,深证红利指数,11310.3271
2021-10-21,399324,深证红利指数,11447.0475
2021-10-22,399324,深证红利指数,11613.1036
2021-10-25,399324,深证红利指数,11475.3857
2021-10-26,399324,深证红利指数,11363.2134
2021-10-27,399324,深证红利指数,11141.3635
2021-10-28,399324,深证红利指数,11071.0766
2021-10-29,399324,深证红利指数,11100.2576
2021-11-01,399324,深证红利指数,11177.7481
2021-11-02,399324,深证红利指数,10885.0027
2021-11-03,399324,深证红利指数,10865.8261
2021-11-04,399324,深证红利指数,11039.9192
2021-11-05,399324,深证红利指数,10988.5292
2021-11-08,399324,深证红利指数,10991.0578
2021-11-09,399324,深证红利指数,10941.7684
2021-11-10,399324,深证红利指数,10897.1682
2021-11-11,399324,深证红利指数,11182.945
2021-11-12,399324,深证红利指数,11090.5939
2021-11-15,399324,深证红利指数,11129.6712
2021-11-16,399324,深证红利指数,11197.6598
2021-11-17,399324,深证红利指数,11168.9179
2021-11-18,399324,深证红利指数,11029.3308
2021-11-19,399324,深证红利指数,11183.1722
2021-11-22,399324,深证红利指数,11158.4804
2021-11-23,399324,深证红利指数,11092.0826
2021-11-24,399324,深证红利指数,11206.4382
2021-11-25,399324,深证红利指数,11115.2127
2021-11-26,399324,深证红利指数,11051.8658
2021-11-29,399324,深证红利指数,10996.4925
2021-11-30,399324,深证红利指数,10932.5383
2021-12-01,399324,深证红利指数,11032.1673
2021-12-02,399324,深证红利指数,11100.9815
2021-12-03,399324,深证红利指数,11278.7729
2021-12-06,399324,深证红利指数,11329.0259
2021-12-07,399324,深证红利指数,11476.6442
2021-12-08,399324,深证红利指数,11654.1496
2021-12-09,399324,深证红利指数,11887.9755
2021-12-10,399324,深证红利指数,11755.9245
2021-12-13,399324,深证红利指数,11811.6593
2021-12-14,399324,深证红利指数,11708.2091
2021-12-15,399324,深证红利指数,11580.8877
2021-12-16,399324,深证红利指数,11655.9284
2021-12-17,399324,深证红利指数,11455.9914
2021-12-20,399324,深证红利指数,11431.5054
2021-12-21,399324,深证红利指数,11519.1141
2021-12-22,399324,深证红利指数,11508.4095
2021-12-23,399324,深证红利指数,11613.0816
2021-12-24,399324,深证红利指数,11635.6756
2021-12-27,399324,深证红利指数,11653.6539
2021-12-28,399324,深证红利指数,11743.3719
2021-12-29,399324,深证红利指数,11466.196
2021-12-30,399324,深证红利指数,11515.2583
2021-12-31,399324,深证红利指数,11549.8932
2022-01-04,399324,深证红利指数,11651.3765
2022-01-05,399324,深证红利指数,11728.9939
2022-01-06,399324,深证红利指数,11601.0965
2022-01-07,399324,深证红利指数,11697.4174
2022-01-10,399324,深证红利指数,11739.0376
2022-01-11,399324,深证红利指数,11583.0288
2022-01-12,399324,深证红利指数,11550.5988
2022-01-13,399324,深证红利指数,11278.1958
2022-01-14,399324,深证红利指数,11145.6185
2022-01-17,399324,深证红利指数,11235.7532
2022-01-18,399324,深证红利指数,11444.0746
2022-01-19,399324,深证红利指数,11456.5111
2022-01-20,399324,深证红利指数,11657.3671
2022-01-21,399324,深证红利指数,11552.5931
2022-01-24,399324,深证红利指数,11495.1762
2022-01-25,399324,深证红利指数,11232.4789
2022-01-26,399324,深证红利指数,11292.7812
2022-01-27,399324,深证红利指数,11060.5575
2022-01-28,399324,深证红利指数,10901.5486
2022-02-07,399324,深证红利指数,11031.2611
2022-02-08,399324,深证红利指数,11016.4403
2022-02-09,399324,深证红利指数,11196.3322
2022-02-10,399324,深证红利指数,11169.8944
2022-02-11,399324,深证红利指数,11179.7287
2022-02-14,399324,深证红利指数,11039.6524
2022-02-15,399324,深证红利指数,11018.4701
2022-02-16,399324,深证红利指数,11064.7982
2022-02-17,399324,深证红利指数,11001.967
2022-02-18,399324,深证红利指数,11131.1086
2022-02-21,399324,深证红利指数,11118.4661
2022-02-22,399324,深证红利指数,10894.12
2022-02-23,399324,深证红利指数,10955.9157
2022-02-24,399324,深证红利指数,10642.9871
2022-02-25,399324,深证红利指数,10669.1595
2022-02-28,399324,深证红利指数,10608.6121
2022-03-01,399324,深证红利指数,10738.1059
2022-03-02,399324,深证红利指数,10632.9538
2022-03-03,399324,深证红利指数,10561.7328
2022-03-04,399324,深证红利指数,10391.7641
2022-03-07,399324,深证红利指数,10030.7017
2022-03-08,399324,深证红利指数,9776.2584
2022-03-09,399324,深证红利指数,9631.9499
2022-03-10,399324,深证红利指数,9824.5808
2022-03-11,399324,深证红利指数,9902.3282
2022-03-14,399324,深证红利指数,9560.1842
2022-03-15,399324,深证红利指数,9021.3149
2022-03-16,399324,深证红利指数,9352.6518
2022-03-17,399324,深证红利指数,9615.5881
2022-03-18,399324,深证红利指数,9691.4089
2022-03-21,399324,深证红利指数,9642.478
2022-03-22,399324,深证红利指数,9711.2359
2022-03-23,399324,深证红利指数,9772.7258
2022-03-24,399324,深证红利指数,9654.3218
2022-03-25,399324,深证红利指数,9480.9987
2022-03-28,399324,深证红利指数,9406.0574
2022-03-29,399324,深证红利指数,9349.6012
2022-03-30,399324,深证红利指数,9673.1281
2022-03-31,399324,深证红利指数,9645.7601
2022-04-01,399324,深证红利指数,9869.5637
2022-04-06,399324,深证红利指数,9931.9512
2022-04-07,399324,深证红利指数,9803.3529
2022-04-08,399324,深证红利指数,9846.384
2022-04-11,399324,深证红利指数,9590.916
2022-04-12,399324,深证红利指数,9775.7909
2022-04-13,399324,深证红利指数,9653.2043
2022-04-14,399324,深证红利指数,9925.0897
2022-04-15,399324,深证红利指数,9936.0192
2022-04-18,399324,深证红利指数,9841.557
2022-04-19,399324,深证红利指数,9781.4297
2022-04-20,399324,深证红利指数,9675.5511
2022-04-21,399324,深证红利指数,9477.707
2022-04-22,399324,深证红利指数,9590.0042
2022-04-25,399324,深证红利指数,9094.6815
2022-04-26,399324,深证红利指数,9024.8899
2022-04-27,399324,深证红利指数,9202.3329
2022-04-28,399324,深证红利指数,9287.74
2022-04-29,399324,深证红利指数,9461.3525
2022-05-05,399324,深证红利指数,9473.9559
2022-05-06,399324,深证红利指数,9203.05
2022-05-09,399324,深证红利指数,9097.0737
2022-05-10,399324,深证红利指数,9125.8355
2022-05-11,399324,深证红利指数,9173.6607
2022-05-12,399324,深证红利指数,9111.8888
2022-05-13,399324,深证红利指数,9163.9643
2022-05-16,399324,深证红利指数,9112.3113
2022-05-17,399324,深证红利指数,9147.2746
2022-05-18,399324,深证红利指数,9098.9593
2022-05-19,399324,深证红利指数,9057.3837
2022-05-20,399324,深证红利指数,9265.3545
2022-05-23,399324,深证红利指数,9139.825
2022-05-24,399324,深证红利指数,8950.0659
2022-05-25,399324,深证红利指数,8975.6761
2022-05-26,399324,深证红利指数,8987.6167
2022-05-27,399324,深证红利指数,8962.3493
2022-05-30,399324,深证红利指数,9063.7614
2022-05-31,399324,深证红利指数,9239.2262
2022-06-01,399324,深证红利指数,9187.3841
2022-06-02,399324,深证红利指数,9105.4197
2022-06-06,399324,深证红利指数,9189.9849
2022-06-07,399324,深证红利指数,9261.9784
2022-06-08,399324,深证红利指数,9346.581
2022-06-09,399324,深证红利指数,9286.6518
2022-06-10,399324,深证红利指数,9352.4054
2022-06-13,399324,深证红利指数,9208.6758
2022-06-14,399324,深证红利指数,9309.7931
2022-06-15,399324,深证红利指数,9542.3328
2022-06-16,399324,深证红利指数,9488.7057
2022-06-17,399324,深证红利指数,9560.2672
2022-06-20,399324,深证红利指数,9700.3177
2022-06-21,399324,深证红利指数,9706.9033
2022-06-22,399324,深证红利指数,9522.4431
2022-06-23,399324,深证红利指数,9612.1688
2022-06-24,399324,深证红利指数,9739.495
2022-06-27,399324,深证红利指数,9923.5908
2022-06-28,399324,深证红利指数,10040.6411
2022-06-29,399324,深证红利指数,9941.1647
2022-06-30,399324,深证红利指数,10161.6377
2022-07-01,399324,深证红利指数,10125.2818
2022-07-04,399324,深证红利指数,10180.8959
2022-07-05,399324,深证红利指数,10129.4832
2022-07-06,399324,深证红利指数,9922.1372
2022-07-07,399324,深证红利指数,9891.105
2022-07-08,399324,深证红利指数,9922.8502
2022-07-11,399324,深证红利指数,9815.5481
2022-07-12,399324,深证红利指数,9839.0225
2022-07-13,399324,深证红利指数,9825.9018
2022-07-14,399324,深证红利指数,9697.697
2022-07-15,399324,深证红利指数,9518.0343
2022-07-18,399324,深证红利指数,9571.9346
2022-07-19,399324,深证红利指数,9592.0128
2022-07-20,399324,深证红利指数,9610.472
2022-07-21,399324,深证红利指数,9503.0491
2022-07-22,399324,深证红利指数,9474.3518
2022-07-25,399324,深证红利指数,9529.4954
2022-07-26,399324,深证红利指数,9645.8081
2022-07-27,399324,深证红利指数,9538.1146
2022-07-28,399324,深证红利指数,9511.5156
2022-07-29,399324,深证红利指数,9352.5528
2022-08-01,399324,深证红利指数,9312.4079
2022-08-02,399324,深证红利指数,9099.6423
2022-08-03,399324,深证红利指数,8997.9577
2022-08-04,399324,深证红利指数,9093.2032
2022-08-05,399324,深证红利指数,9181.1384
2022-08-08,399324,深证红利指数,9128.6998
2022-08-09,399324,深证红利指数,9095.3422
2022-08-10,399324,深证红利指数,9006.0407
2022-08-11,399324,深证红利指数,9192.8116
2022-08-12,399324,深证红利指数,9265.5012
2022-08-15,399324,深证红利指数,9154.497
2022-08-16,399324,深证红利指数,9157.6815
2022-08-17,399324,深证红利指数,9262.2566
2022-08-18,399324,深证红利指数,9099.7897
2022-08-19,399324,深证红利指数,9149.3138
2022-08-22,399324,深证红利指数,9185.0849
2022-08-23,399324,深证红利指数,9083.3911
2022-08-24,399324,深证红利指数,8983.7918
2022-08-25,399324,深证红利指数,9076.9924
2022-08-26,399324,深证红利指数,9099.1541
2022-08-29,399324,深证红利指数,9030.1085
2022-08-30,399324,深证红利指数,9015.7224
2022-08-31,399324,深证红利指数,9132.0234
2022-09-01,399324,深证红利指数,9116.5638
2022-09-02,399324,深证红利指数,9029.295
2022-09-05,399324,深证红利指数,8994.0784
2022-09-06,399324,深证红利指数,9049.5798
2022-09-07,399324,深证红利指数,8977.3527
2022-09-08,399324,深证红利指数,8986.1366
2022-09-09,399324,深证红利指数,9163.3234
2022-09-13,399324,深证红利指数,9251.4217
2022-09-14,399324,深证红利指数,9144.6379
2022-09-15,399324,深证红利指数,9164.1033
2022-09-16,399324,深证红利指数,8959.3674
2022-09-19,399324,深证红利指数,8975.8938
2022-09-20,399324,深证红利指数,8953.2895
2022-09-21,399324,深证红利指数,8911.0197
2022-09-22,399324,深证红利指数,8749.4098
2022-09-23,399324,深证红利指数,8727.3113
2022-09-26,399324,深证红利指数,8694.4103
2022-09-27,399324,深证红利指数,8904.5672
2022-09-28,399324,深证红利指数,8832.436
2022-09-29,399324,深证红利指数,8775.3148
2022-09-30,399324,深证红利指数,8791.6582
2022-10-10,399324,深证红利指数,8591.9197
2022-10-11,399324,深证红利指数,8572.9569
2022-10-12,399324,深证红利指数,8632.5021
2022-10-13,399324,深证红利指数,8522.1191
2022-10-14,399324,深证红利指数,8666.1918
2022-10-17,399324,深证红利指数,8653.1515
2022-10-18,399324,深证红利指数,8631.3362
2022-10-19,399324,深证红利指数,8362.6878
2022-10-20,399324,深证红利指数,8322.4063
2022-10-21,399324,深证红利指数,8260.436
2022-10-24,399324,深证红利指数,7933.6794
2022-10-25,399324,深证红利指数,7862.5856
2022-10-26,399324,深证红利指数,7850.9252
2022-10-27,399324,深证红利指数,7769.499
2022-10-28,399324,深证红利指数,7603.8366
2022-10-31,399324,深证红利指数,7439.3749
2022-11-01,399324,深证红利指数,7750.3509
2022-11-02,399324,深证红利指数,7845.7664
2022-11-03,399324,深证红利指数,7757.2038
2022-11-04,399324,深证红利指数,8037.7635
2022-11-07,399324,深证红利指数,8059.2991
2022-11-08,399324,深证红利指数,7990.7371
2022-11-09,399324,深证红利指数,7943.8288
2022-11-10,399324,深证红利指数,7959.3526
2022-11-11,399324,深证红利指数,8283.1789
2022-11-14,399324,深证红利指数,8409.1344
2022-11-15,399324,深证红利指数,8543.1959
2022-11-16,399324,深证红利指数,8463.4412
2022-11-17,399324,深证红利指数,8444.9633
2022-11-18,399324,深证红利指数,8449.8961
2022-11-21,399324,深证红利指数,8307.5264
2022-11-22,399324,深证红利指数,8326.3996
2022-11-23,399324,深证红利指数,8287.8584
2022-11-24,399324,深证红利指数,8259.3614
2022-11-25,399324,深证红利指数,8370.3281
2022-11-28,399324,深证红利指数,8288.9678
2022-11-29,399324,深证红利指数,8675.8965
2022-11-30,399324,深证红利指数,8665.7867
2022-12-01,399324,深证红利指数,8827.6809
2022-12-02,399324,深证红利指数,8750.9879
2022-12-05,399324,深证红利指数,8994.3628
2022-12-06,399324,深证红利指数,9100.3118
2022-12-07,399324,深证红利指数,9070.3504
2022-12-08,399324,深证红利指数,9095.4736
2022-12-09,399324,深证红利指数,9354.7473
2022-12-12,399324,深证红利指数,9190.7817
2022-12-13,399324,深证红利指数,9237.9065
2022-12-14,399324,深证红利指数,9353.2099
2022-12-15,399324,深证红利指数,9246.2143
2022-12-16,399324,深证红利指数,9294.8136
2022-12-19,399324,深证红利指数,9145.6719
2022-12-20,399324,深证红利指数,8901.92
2022-12-21,399324,深证红利指数,8951.5444
2022-12-22,399324,深证红利指数,9036.107
2022-12-23,399324,深证红利指数,9055.8551
2022-12-26,399324,深证红利指数,8986.0023
2022-12-27,399324,深证红利指数,9120.3637
2022-12-28,399324,深证红利指数,9083.4027
2022-12-29,399324,深证红利指数,9001.3258
2022-12-30,399324,深证红利指数,9080.9818
2023-01-03,399324,深证红利指数,9044.6729
2023-01-04,399324,深证红利指数,9173.3392
2023-01-05,399324,深证红利指数,9404.3695
2023-01-06,399324,深证红利指数,9354.1817
2023-01-09,399324,深证红利指数,9461.0993
2023-01-10,399324,深证红利指数,9431.4398
2023-01-11,399324,深证红利指数,9434.6965
2023-01-12,399324,深证红利指数,9416.3209
2023-01-13,399324,深证红利指数,9619.6069
2023-01-16,399324,深证红利指数,9850.045
2023-01-17,399324,深证红利指数,9783.6496
2023-01-18,399324,深证红利指数,9786.2406
2023-01-19,399324,深证红利指数,9842.779
2023-01-20,399324,深证红利指数,9868.2477
2023-01-30,399324,深证红利指数,9910.0598
2023-01-31,399324,深证红利指数,9736.8529
2023-02-01,399324,深证红利指数,9814.2892
2023-02-02,399324,深证红利指数,9790.3981
2023-02-03,399324,深证红利指数,9704.611
2023-02-06,399324,深证红利指数,9512.5081
2023-02-07,399324,深证红利指数,9559.7655
2023-02-08,399324,深证红利指数,9487.2592
2023-02-09,399324,深证红利指数,9650.3599
2023-02-10,399324,深证红利指数,9629.2102
2023-02-13,399324,深证红利指数,9796.5067
2023-02-14,399324,深证红利指数,9745.3542
2023-02-15,399324,深证红利指数,9701.708
2023-02-16,399324,深证红利指数,9666.5544
2023-02-17,399324,深证红利指数,9601.6078
2023-02-20,399324,深证红利指数,9907.1352
2023-02-21,399324,深证红利指数,9907.5781
2023-02-22,399324,深证红利指数,9823.5776
2023-02-23,399324,深证红利指数,9807.1498
2023-02-24,399324,深证红利指数,9694.7397
2023-02-27,399324,深证红利指数,9671.1762
2023-02-28,399324,深证红利指数,9697.2642
2023-03-01,399324,深证红利指数,9884.6549
2023-03-02,399324,深证红利指数,9870.1521
2023-03-03,399324,深证红利指数,9881.6219
2023-03-06,399324,深证红利指数,9770.5544
2023-03-07,399324,深证红利指数,9581.8282
2023-03-08,399324,深证红利指数,9537.551
2023-03-09,399324,深证红利指数,9493.7092
2023-03-10,399324,深证红利指数,9321.5485
2023-03-13,399324,深证红利指数,9477.8937
2023-03-14,399324,深证红利指数,9400.9303
2023-03-15,399324,深证红利指数,9404.0835
2023-03-16,399324,深证红利指数,9296.7743
2023-03-17,399324,深证红利指数,9342.0268
2023-03-20,399324,深证红利指数,9282.9162
2023-03-21,399324,深证红利指数,9437.3625
2023-03-22,399324,深证红利指数,9504.5596
2023-03-23,399324,深证红利指数,9567.5336
2023-03-24,399324,深证红利指数,9547.2997
2023-03-27,399324,深证红利指数,9473.0615
2023-03-28,399324,深证红利指数,9512.7306
2023-03-29,399324,深证红利指数,9525.6649
2023-03-30,399324,深证红利指数,9665.2933
2023-03-31,399324,深证红利指数,9660.8903
2023-04-03,399324,深证红利指数,9715.4411
2023-04-04,399324,深证红利指数,9805.052
2023-04-06,399324,深证红利指数,9658.6011
2023-04-07,399324,深证红利指数,9725.6286
2023-04-10,399324,深证红利指数,9643.8346
2023-04-11,399324,深证红利指数,9665.3039
2023-04-12,399324,深证红利指数,9620.6224
2023-04-13,399324,深证红利指数,9551.8219
2023-04-14,399324,深证红利指数,9479.0193
2023-04-17,399324,深证红利指数,9600.2934
2023-04-18,399324,深证红利指数,9631.6806
2023-04-19,399324,深证红利指数,9522.3592
2023-04-20,399324,深证红利指数,9517.0188
2023-04-21,399324,深证红利指数,9356.1759
2023-04-24,399324,深证红利指数,9198.8664
2023-04-25,399324,深证红利指数,9232.5403
2023-04-26,399324,深证红利指数,9155.331
2023-04-27,399324,深证红利指数,9177.2536
2023-04-28,399324,深证红利指数,9223.8871
2023-05-04,399324,深证红利指数,9186.6483
2023-05-05,399324,深证红利指数,9218.9492
2023-05-08,399324,深证红利指数,9207.3341
2023-05-09,399324,深证红利指数,9188.7545
2023-05-10,399324,深证红利指数,9146.4742
2023-05-11,399324,深证红利指数,9110.4838
2023-05-12,399324,深证红利指数,9017.7689
2023-05-15,399324,深证红利指数,9079.9408
2023-05-16,399324,深证红利指数,8993.303
2023-05-17,399324,深证红利指数,8942.9239
2023-05-18,399324,深证红利指数,8913.4263
2023-05-19,399324,深证红利指数,8936.5473
2023-05-22,399324,深证红利指数,9076.8631
2023-05-23,399324,深证红利指数,8980.7461
2023-05-24,399324,深证红利指数,8788.4249
2023-05-25,399324,深证红利指数,8733.5729
2023-05-26,399324,深证红利指数,8780.109
2023-05-29,399324,深证红利指数,8692.6476
2023-05-30,399324,深证红利指数,8660.5008
2023-05-31,399324,深证红利指数,8542.9208
2023-06-01,399324,深证红利指数,8518.3653
2023-06-02,399324,深证红利指数,8740.5921
2023-06-05,399324,深证红利指数,8733.1599
2023-06-06,399324,深证红利指数,8698.1072
2023-06-07,399324,深证红利指数,8700.966
2023-06-08,399324,深证红利指数,8836.1035
2023-06-09,399324,深证红利指数,8779.5378
2023-06-12,399324,深证红利指数,8887.0573
2023-06-13,399324,深证红利指数,8952.3776
2023-06-14,399324,深证红利指数,9025.3107
2023-06-15,399324,深证红利指数,9139.4966
2023-06-16,399324,深证红利指数,9203.9511
2023-06-19,399324,深证红利指数,9072.6025
2023-06-20,399324,深证红利指数,9025.8499
2023-06-21,399324,深证红利指数,8911.7162
2023-06-26,399324,深证红利指数,8760.0686
2023-06-27,399324,深证红利指数,8901.2195
2023-06-28,399324,深证红利指数,8912.3631
2023-06-29,399324,深证红利指数,8829.1193
2023-06-30,399324,深证红利指数,8841.6335
2023-07-03,399324,深证红利指数,8957.3131
2023-07-04,399324,深证红利指数,8987.8458
2023-07-05,399324,深证红利指数,8917.2448
2023-07-06,399324,深证红利指数,8882.2454
2023-07-07,399324,深证红利指数,8848.9001
2023-07-10,399324,深证红利指数,8861.7199
2023-07-11,399324,深证红利指数,8899.7026
2023-07-12,399324,深证红利指数,8895.6037
2023-07-13,399324,深证红利指数,9067.4946
2023-07-14,399324,深证红利指数,9069.151
2023-07-17,399324,深证红利指数,8992.5916
2023-07-18,399324,深证红利指数,8966.6653
2023-07-19,399324,深证红利指数,9010.2379
2023-07-20,399324,深证红利指数,8955.9285
2023-07-21,399324,深证红利指数,8971.8769
2023-07-24,399324,深证红利指数,8901.7615
2023-07-25,399324,深证红利指数,9304.8859
2023-07-26,399324,深证红利指数,9253.5341
2023-07-27,399324,深证红利指数,9248.9332
2023-07-28,399324,深证红利指数,9473.3816
2023-07-31,399324,深证红利指数,9550.0533
2023-08-01,399324,深证红利指数,9458.0947
2023-08-02,399324,深证红利指数,9406.8808
2023-08-03,399324,深证红利指数,9452.6722
2023-08-04,399324,深证红利指数,9479.8196
2023-08-07,399324,深证红利指数,9385.76
2023-08-08,399324,深证红利指数,9337.1666
2023-08-09,399324,深证红利指数,9307.7292
2023-08-10,399324,深证红利指数,9281.7593
2023-08-11,399324,深证红利指数,9083.7008
2023-08-14,399324,深证红利指数,9021.9242
2023-08-15,399324,深证红利指数,8997.7046
2023-08-16,399324,深证红利指数,8966.7159
2023-08-17,399324,深证红利指数,9019.8407
2023-08-18,399324,深证红利指数,8867.2176
2023-08-21,399324,深证红利指数,8762.7391
2023-08-22,399324,深证红利指数,8813.6326
2023-08-23,399324,深证红利指数,8679.2204
2023-08-24,399324,深证红利指数,8774.9757
2023-08-25,399324,深证红利指数,8741.0168
2023-08-28,399324,深证红利指数,8816.2118
2023-08-29,399324,深证红利指数,8904.952
2023-08-30,399324,深证红利指数,8919.8352
2023-08-31,399324,深证红利指数,8849.3309
2023-09-01,399324,深证红利指数,9011.4251
2023-09-04,399324,深证红利指数,9184.1015
2023-09-05,399324,深证红利指数,9099.2188
2023-09-06,399324,深证红利指数,9065.853
2023-09-07,399324,深证红利指数,8943.9215
2023-09-08,399324,深证红利指数,8881.7988
2023-09-11,399324,深证红利指数,8938.4229
2023-09-12,399324,深证红利指数,8928.814
2023-09-13,399324,深证红利指数,8884.0175
2023-09-14,399324,深证红利指数,8849.2397
2023-09-15,399324,深证红利指数,8757.8233
2023-09-18,399324,深证红利指数,8807.5155
2023-09-19,399324,深证红利指数,8771.4215
2023-09-20,399324,深证红利指数,8783.3105
2023-09-21,399324,深证红利指数,8683.6051
2023-09-22,399324,深证红利指数,8832.5432
2023-09-25,399324,深证红利指数,8772.0016
2023-09-26,399324,深证红利指数,8724.4147
2023-09-27,399324,深证红利指数,8725.1428
2023-09-28,399324,深证红利指数,8693.0768
2023-10-09,399324,深证红利指数,8704.9391
2023-10-10,399324,深证红利指数,8616.2157
2023-10-11,399324,深证红利指数,8611.0611
2023-10-12,399324,深证红利指数,8668.3611
2023-10-13,399324,深证红利指数,8589.3921
2023-10-16,399324,深证红利指数,8513.3851
2023-10-17,399324,深证红利指数,8543.4753
2023-10-18,399324,深证红利指数,8471.988
2023-10-19,399324,深证红利指数,8270.1286
2023-10-20,399324,深证红利指数,8209.1356
2023-10-23,399324,深证红利指数,8174.8639
2023-10-24,399324,深证红利指数,8203.2629
2023-10-25,399324,深证红利指数,8332.0734
2023-10-26,399324,深证红利指数,8366.7821
2023-10-27,399324,深证红利指数,8473.4836
2023-10-30,399324,深证红利指数,8552.2725
2023-10-31,399324,深证红利指数,8501.1976
2023-11-01,399324,深证红利指数,8522.9171
2023-11-02,399324,深证红利指数,8494.9667
2023-11-03,399324,深证红利指数,8536.1232
2023-11-06,399324,深证红利指数,8650.5487
2023-11-07,399324,深证红利指数,8643.1161
2023-11-08,399324,深证红利指数,8609.2549
2023-11-09,399324,深证红利指数,8604.6054
2023-11-10,399324,深证红利指数,8542.3218
2023-11-13,399324,深证红利指数,8447.9956
2023-11-14,399324,深证红利指数,8474.5694
2023-11-15,399324,深证红利指数,8544.162
2023-11-16,399324,深证红利指数,8486.7228
2023-11-17,399324,深证红利指数,8459.677
2023-11-20,399324,深证红利指数,8475.7713
2023-11-21,399324,深证红利指数,8523.2408
2023-11-22,399324,深证红利指数,8447.9467
2023-11-23,399324,深证红利指数,8519.2025
2023-11-24,399324,深证红利指数,8507.1773
2023-11-27,399324,深证红利指数,8450.0493
2023-11-28,399324,深证红利指数,8496.9097
2023-11-29,399324,深证红利指数,8407.9684
2023-11-30,399324,深证红利指数,8395.6531
2023-12-01,399324,深证红利指数,8288.867
2023-12-04,399324,深证红利指数,8228.1683
2023-12-05,399324,深证红利指数,8067.0926
2023-12-06,399324,深证红利指数,8094.607
2023-12-07,399324,深证红利指数,8083.4783
2023-12-08,399324,深证红利指数,8066.6615
2023-12-11,399324,深证红利指数,8053.3894
2023-12-12,399324,深证红利指数,8102.1732
2023-12-13,399324,深证红利指数,7935.1782
2023-12-14,399324,深证红利指数,7876.9327
2023-12-15,399324,深证红利指数,7880.7126
2023-12-18,399324,深证红利指数,7869.0457
2023-12-19,399324,深证红利指数,7841.335
2023-12-20,399324,深证红利指数,7735.4894
2023-12-21,399324,深证红利指数,7819.5246
2023-12-22,399324,深证红利指数,7810.3742
2023-12-25,399324,深证红利指数,7844.2883
2023-12-26,399324,深证红利指数,7798.6474
2023-12-27,399324,深证红利指数,7835.4609
2023-12-28,399324,深证红利指数,8006.9789
2023-12-29,399324,深证红利指数,8053.7625
2024-01-02,399324,深证红利指数,7937.7792
2024-01-03,399324,深证红利指数,7906.9743
2024-01-04,399324,深证红利指数,7830.1505
2024-01-05,399324,深证红利指数,7837.7852
2024-01-08,399324,深证红利指数,7757.6485
2024-01-09,399324,深证红利指数,7762.9663
2024-01-10,399324,深证红利指数,7727.2023
2024-01-11,399324,深证红利指数,7770.0084
2024-01-12,399324,深证红利指数,7736.3099
2024-01-15,399324,深证红利指数,7763.2071
2024-01-16,399324,深证红利指数,7818.544
2024-01-17,399324,深证红利指数,7679.4804
2024-01-18,399324,深证红利指数,7735.1807
2024-01-19,399324,深证红利指数,7722.0181
2024-01-22,399324,深证红利指数,7543.3701
2024-01-23,399324,深证红利指数,7595.7538
2024-01-24,399324,深证红利指数,7727.757
2024-01-25,399324,深证红利指数,7875.5259
2024-01-26,399324,深证红利指数,7910.6518
2024-01-29,399324,深证红利指数,7943.2571
2024-01-30,399324,深证红利指数,7809.4375
2024-01-31,399324,深证红利指数,7736.8952
2024-02-01,399324,深证红利指数,7751.8831
2024-02-02,399324,深证红利指数,7676.1645
2024-02-05,399324,深证红利指数,7705.9804
2024-02-06,399324,深证红利指数,7978.2728
2024-02-07,399324,深证红利指数,8067.232
2024-02-08,399324,深证红利指数,8074.4207
2024-02-19,399324,深证红利指数,8172.986
2024-02-20,399324,深证红利指数,8224.2309
2024-02-21,399324,深证红利指数,8385.4942
2024-02-22,399324,深证红利指数,8415.5782
2024-02-23,399324,深证红利指数,8411.3169
2024-02-26,399324,深证红利指数,8375.201
2024-02-27,399324,深证红利指数,8454.1239
2024-02-28,399324,深证红利指数,8356.0334
2024-02-29,399324,深证红利指数,8524.7144
2024-03-01,399324,深证红利指数,8606.0038
2024-03-04,399324,深证红利指数,8521.1892
2024-03-05,399324,深证红利指数,8583.6454
2024-03-06,399324,深证红利指数,8504.0533
2024-03-07,399324,深证红利指数,8499.764
2024-03-08,399324,深证红利指数,8514.4129
2024-03-11,399324,深证红利指数,8562.9194
2024-03-12,399324,深证红利指数,8639.1626
2024-03-13,399324,深证红利指数,8604.4356
2024-03-14,399324,深证红利指数,8610.2293
2024-03-15,399324,深证红利指数,8630.4055
2024-03-18,399324,深证红利指数,8642.2638
2024-03-19,399324,深证红利指数,8630.659
2024-03-20,399324,深证红利指数,8617.2424
2024-03-21,399324,深证红利指数,8598.9326
2024-03-22,399324,深证红利指数,8526.3702
2024-03-25,399324,深证红利指数,8507.4415
2024-03-26,399324,深证红利指数,8575.2274
2024-03-27,399324,深证红利指数,8507.5271
2024-03-28,399324,深证红利指数,8574.3607
2024-03-29,399324,深证红利指数,8578.3551
2024-04-01,399324,深证红利指数,8835.7243
2024-04-02,399324,深证红利指数,8793.8586
2024-04-03,399324,深证红利指数,8799.3148
2024-04-08,399324,深证红利指数,8659.3301
2024-04-09,399324,深证红利指数,8599.1475
2024-04-10,399324,深证红利指数,8500.5338
2024-04-11,399324,深证红利指数,8532.8902
2024-04-12,399324,深证红利指数,8453.1316
2024-04-15,399324,深证红利指数,8667.624
2024-04-16,399324,深证红利指数,8600.3545
2024-04-17,399324,深证红利指数,8730.6299
2024-04-18,399324,深证红利指数,8762.2031
2024-04-19,399324,深证红利指数,8722.7983
2024-04-22,399324,深证红利指数,8696.383
2024-04-23,399324,深证红利指数,8629.1687
2024-04-24,399324,深证红利指数,8658.9987
2024-04-25,399324,深证红利指数,8658.1857
2024-04-26,399324,深证红利指数,8761.2817
2024-04-29,399324,深证红利指数,8828.4365
2024-04-30,399324,深证红利指数,8805.1461
2024-05-06,399324,深证红利指数,8996.1455
2024-05-07,399324,深证红利指数,8949.4988
2024-05-08,399324,深证红利指数,8874.3209
2024-05-09,399324,深证红利指数,8961.8803
2024-05-10,399324,深证红利指数,8977.4534
2024-05-13,399324,深证红利指数,8949.502
2024-05-14,399324,深证红利指数,8918.6596
2024-05-15,399324,深证红利指数,8880.3047
2024-05-16,399324,深证红利指数,8906.3398
2024-05-17,399324,深证红利指数,8990.9698
2024-05-20,399324,深证红利指数,8943.9988
2024-05-21,399324,深证红利指数,8922.9897
2024-05-22,399324,深证红利指数,8870.6665
2024-05-23,399324,深证红利指数,8781.3694
2024-05-24,399324,深证红利指数,8723.6575
2024-05-27,399324,深证红利指数,8795.1493
2024-05-28,399324,深证红利指数,8675.8897
2024-05-29,399324,深证红利指数,8625.2227
2024-05-30,399324,深证红利指数,8542.6172
2024-05-31,399324,深证红利指数,8523.1886
2024-06-03,399324,深证红利指数,8510.4764
2024-06-04,399324,深证红利指数,8587.5371
2024-06-05,399324,深证红利指数,8498.8881
2024-06-06,399324,深证红利指数,8514.7538
2024-06-07,399324,深证红利指数,8490.2059
2024-06-11,399324,深证红利指数,8387.1884
2024-06-12,399324,深证红利指数,8368.2753
2024-06-13,399324,深证红利指数,8242.2304
2024-06-14,399324,深证红利指数,8308.435
2024-06-17,399324,深证红利指数,8243.4507
2024-06-18,399324,深证红利指数,8257.3904
2024-06-19,399324,深证红利指数,8198.5824
2024-06-20,399324,深证红利指数,8104.4144
2024-06-21,399324,深证红利指数,8091.8674
2024-06-24,399324,深证红利指数,8057.0187
2024-06-25,399324,深证红利指数,8095.6866
2024-06-26,399324,深证红利指数,8090.567
2024-06-27,399324,深证红利指数,8018.6492
2024-06-28,399324,深证红利指数,8014.9797
2024-07-01,399324,深证红利指数,8069.4131
2024-07-02,399324,深证红利指数,8003.558
2024-07-03,399324,深证红利指数,7960.3168
2024-07-04,399324,深证红利指数,7929.3651
2024-07-05,399324,深证红利指数,7876.3789
2024-07-08,399324,深证红利指数,7778.2031
2024-07-09,399324,深证红利指数,7841.1195
2024-07-10,399324,深证红利指数,7823.7566
2024-07-11,399324,深证红利指数,7964.3891
2024-07-12,399324,深证红利指数,7972.5298
2024-07-15,399324,深证红利指数,7931.479
2024-07-16,399324,深证红利指数,7924.9412
2024-07-17,399324,深证红利指数,7928.4024
2024-07-18,399324,深证红利指数,7978.7215
2024-07-19,399324,深证红利指数,8003.0575
2024-07-22,399324,深证红利指数,7924.0332
2024-07-23,399324,深证红利指数,7726.4812
2024-07-24,399324,深证红利指数,7608.1722
2024-07-25,399324,深证红利指数,7605.7167
2024-07-26,399324,深证红利指数,7758.7531
2024-07-29,399324,深证红利指数,7693.7385
2024-07-30,399324,深证红利指数,7593.9801
2024-07-31,399324,深证红利指数,7815.4872
2024-08-01,399324,深证红利指数,7745.5038
2024-08-02,399324,深证红利指数,7675.4916
2024-08-05,399324,深证红利指数,7622.0097
2024-08-06,399324,深证红利指数,7604.4236
2024-08-07,399324,深证红利指数,7622.8167
2024-08-08,399324,深证红利指数,7663.4122
2024-08-09,399324,深证红利指数,7617.614
2024-08-12,399324,深证红利指数,7606.5466
2024-08-13,399324,深证红利指数,7594.2832
2024-08-14,399324,深证红利指数,7540.4067
2024-08-15,399324,深证红利指数,7612.043
2024-08-16,399324,深证红利指数,7614.7331
2024-08-19,399324,深证红利指数,7635.5847
2024-08-20,399324,深证红利指数,7602.7377
2024-08-21,399324,深证红利指数,7579.7555
2024-08-22,399324,深证红利指数,7575.5943
2024-08-23,399324,深证红利指数,7637.2353
2024-08-26,399324,深证红利指数,7639.008
2024-08-27,399324,深证红利指数,7573.7417
2024-08-28,399324,深证红利指数,7450.0567
2024-08-29,399324,深证红利指数,7469.3138
2024-08-30,399324,深证红利指数,7603.7398
2024-09-02,399324,深证红利指数,7494.9681
2024-09-03,399324,深证红利指数,7554.8821
2024-09-04,399324,深证红利指数,7508.0555
2024-09-05,399324,深证红利指数,7480.7445
2024-09-06,399324,深证红利指数,7403.16
2024-09-09,399324,深证红利指数,7253.9533
2024-09-10,399324,深证红利指数,7263.2276
2024-09-11,399324,深证红利指数,7236.1035
2024-09-12,399324,深证红利指数,7173.5529
2024-09-13,399324,深证红利指数,7141.6442
2024-09-18,399324,深证红利指数,7217.9503
2024-09-19,399324,深证红利指数,7330.4565
2024-09-20,399324,深证红利指数,7366.4594
2024-09-23,399324,深证红利指数,7447.9696
2024-09-24,399324,深证红利指数,7704.3187
2024-09-25,399324,深证红利指数,7827.9461
2024-09-26,399324,深证红利指数,8270.6032
2024-09-27,399324,深证红利指数,8622.201
2024-09-30,399324,深证红利指数,9303.6693
2024-10-08,399324,深证红利指数,9698.8425
2024-10-09,399324,深证红利指数,8916.4778
2024-10-10,399324,深证红利指数,9083.184
2024-10-11,399324,深证红利指数,8848.5403
2024-10-14,399324,深证红利指数,9029.4707
2024-10-15,399324,深证红利指数,8754.4804
2024-10-16,399324,深证红利指数,8724.4728
2024-10-17,399324,深证红利指数,8556.7565
2024-10-18,399324,深证红利指数,8749.5017
2024-10-21,399324,深证红利指数,8754.8692
2024-10-22,399324,深证红利指数,8893.5886
2024-10-23,399324,深证红利指数,8956.5623
2024-10-24,399324,深证红利指数,8837.648
2024-10-25,399324,深证红利指数,8880.949
2024-10-28,399324,深证红利指数,8949.7047
2024-10-29,399324,深证红利指数,8830.9845
2024-10-30,399324,深证红利指数,8803.1622
2024-10-31,399324,深证红利指数,8777.4228
2024-11-01,399324,深证红利指数,8791.9124
2024-11-04,399324,深证红利指数,8866.7537
2024-11-05,399324,深证红利指数,9047.6419
2024-11-06,399324,深证红利指数,8964.7477
2024-11-07,399324,深证红利指数,9270.1619
2024-11-08,399324,深证红利指数,9144.5307
2024-11-11,399324,深证红利指数,9116.722
2024-11-12,399324,深证红利指数,9041.9393
2024-11-13,399324,深证红利指数,9061.7619
2024-11-14,399324,深证红利指数,8950.6051
2024-11-15,399324,深证红利指数,8849.6178
2024-11-18,399324,深证红利指数,8786.2134
2024-11-19,399324,深证红利指数,8799.004
2024-11-20,399324,深证红利指数,8815.1614
2024-11-21,399324,深证红利指数,8783.0918
2024-11-22,399324,深证红利指数,8533.2542
2024-11-25,399324,深证红利指数,8501.0702
2024-11-26,399324,深证红利指数,8497.7554
2024-11-27,399324,深证红利指数,8632.9806
2024-11-28,399324,深证红利指数,8543.127
2024-11-29,399324,深证红利指数,8628.259
2024-12-02,399324,深证红利指数,8684.6462
2024-12-03,399324,深证红利指数,8674.053
2024-12-04,399324,深证红利指数,8646.9374
2024-12-05,399324,深证红利指数,8639.7257
2024-12-06,399324,深证红利指数,8738.8193
2024-12-09,399324,深证红利指数,8728.3691
2024-12-10,399324,深证红利指数,8840.519
2024-12-11,399324,深证红利指数,8887.3778
2024-12-12,399324,深证红利指数,8959.0209
2024-12-13,399324,深证红利指数,8768.5651
2024-12-16,399324,深证红利指数,8660.3322
2024-12-17,399324,深证红利指数,8660.905
2024-12-18,399324,深证红利指数,8696.4273
2024-12-19,399324,深证红利指数,8710.7839
2024-12-20,399324,深证红利指数,8675.2243
2024-12-23,399324,深证红利指数,8713.1423
2024-12-24,399324,深证红利指数,8814.3248
2024-12-25,399324,深证红利指数,8807.6553
2024-12-26,399324,深证红利指数,8796.0205
2024-12-27,399324,深证红利指数,8769.2094
2024-12-30,399324,深证红利指数,8766.8439
2024-12-31,399324,深证红利指数,8682.9128
2025-01-02,399324,深证红利指数,8538.4563
2025-01-03,399324,深证红利指数,8458.5305
2025-01-06,399324,深证红利指数,8417.4349
2025-01-07,399324,深证红利指数,8440.1216
2025-01-08,399324,深证红利指数,8490.3659
2025-01-09,399324,深证红利指数,8503.9958
2025-01-10,399324,深证红利指数,8348.4725
2025-01-13,399324,深证红利指数,8293.8293
2025-01-14,399324,深证红利指数,8492.5601
2025-01-15,399324,深证红利指数,8441.3598
2025-01-16,399324,深证红利指数,8460.676
2025-01-17,399324,深证红利指数,8497.0123
2025-01-20,399324,深证红利指数,8503.1476
2025-01-21,399324,深证红利指数,8480.044
2025-01-22,399324,深证红利指数,8385.1409
2025-01-23,399324,深证红利指数,8388.4734
2025-01-24,399324,深证红利指数,8418.1737
2025-01-27,399324,深证红利指数,8447.0981
2025-02-05,399324,深证红利指数,8361.8626
2025-02-06,399324,深证红利指数,8395.1322
2025-02-07,399324,深证红利指数,8496.0467
2025-02-10,399324,深证红利指数,8500.9112
2025-02-11,399324,深证红利指数,8494.169
2025-02-12,399324,深证红利指数,8514.2102
2025-02-13,399324,深证红利指数,8529.0738
2025-02-14,399324,深证红利指数,8572.5055
2025-02-17,399324,深证红利指数,8575.4307
2025-02-18,399324,深证红利指数,8488.6758
2025-02-19,399324,深证红利指数,8497.7351
2025-02-20,399324,深证红利指数,8473.5228
2025-02-21,399324,深证红利指数,8537.0648
2025-02-24,399324,深证红利指数,8561.9675
2025-02-25,399324,深证红利指数,8430.9246
2025-02-26,399324,深证红利指数,8508.7255
2025-02-27,399324,深证红利指数,8585.8732
2025-02-28,399324,深证红利指数,8492.8125
2025-03-03,399324,深证红利指数,8479.7504
2025-03-04,399324,深证红利指数,8530.5451
2025-03-05,399324,深证红利指数,8569.9334
2025-03-06,399324,深证红利指数,8670.5097
2025-03-07,399324,深证红利指数,8705.8872
2025-03-10,399324,深证红利指数,8693.5878
2025-03-11,399324,深证红利指数,8756.4542
2025-03-12,399324,深证红利指数,8724.247
2025-03-13,399324,深证红利指数,8704.5774
2025-03-14,399324,深证红利指数,8904.332
2025-03-17,399324,深证红利指数,8876.3293
2025-03-18,399324,深证红利指数,8944.0893
2025-03-19,399324,深证红利指数,8955.922
2025-03-20,399324,深证红利指数,8819.658
2025-03-21,399324,深证红利指数,8768.5617
2025-03-24,399324,深证红利指数,8823.6438
2025-03-25,399324,深证红利指数,8806.7869
2025-03-26,399324,深证红利指数,8788.4875
2025-03-27,399324,深证红利指数,8810.0981
2025-03-28,399324,深证红利指数,8808.8309
2025-03-31,399324,深证红利指数,8788.865
2025-04-01,399324,深证红利指数,8753.1747
2025-04-02,399324,深证红利指数,8759.8115
2025-04-03,399324,深证红利指数,8696.4808
2025-04-07,399324,深证红利指数,8125.6467
2025-04-08,399324,深证红利指数,8314.791
2025-04-09,399324,深证红利指数,8378.6798
2025-04-10,399324,深证红利指数,8509.558
2025-04-11,399324,深证红利指数,8478.0085
2025-04-14,399324,深证红利指数,8456.6375
2025-04-15,399324,深证红利指数,8520.1997
2025-04-16,399324,深证红利指数,8520.0282
2025-04-17,399324,深证红利指数,8501.4131
2025-04-18,399324,深证红利指数,8515.9979
2025-04-21,399324,深证红利指数,8546.049
2025-04-22,399324,深证红利指数,8544.1106
2025-04-23,399324,深证红利指数,8528.3862
2025-04-24,399324,深证红利指数,8518.6945
2025-04-25,399324,深证红利指数,8479.5379
2025-04-28,399324,深证红利指数,8494.0417
2025-04-29,399324,深证红利指数,8484.7106
2025-04-30,399324,深证红利指数,8468.2715
2025-05-06,399324,深证红利指数,8554.5777
2025-05-07,399324,深证红利指数,8568.3039
2025-05-08,399324,深证红利指数,8595.9286
2025-05-09,399324,深证红利指数,8591.8537
2025-05-12,399324,深证红利指数,8641.8535
2025-05-13,399324,深证红利指数,8665.8447
2025-05-14,399324,深证红利指数,8722.5293
2025-05-15,399324,深证红利指数,8625.5915
2025-05-16,399324,深证红利指数,8580.8197
2025-05-19,399324,深证红利指数,8573.9318
2025-05-20,399324,深证红利指数,8632.175
2025-05-21,399324,深证红利指数,8672.971
2025-05-22,399324,深证红利指数,8657.4929
2025-05-23,399324,深证红利指数,8607.5648
2025-05-26,399324,深证红利指数,8557.6729
2025-05-27,399324,深证红利指数,8520.4619
2025-05-28,399324,深证红利指数,8555.9161
2025-05-29,399324,深证红利指数,8580.476
2025-05-30,399324,深证红利指数,8575.3511
2025-06-03,399324,深证红利指数,8497.3218
2025-06-04,399324,深证红利指数,8522.9952
2025-06-05,399324,深证红利指数,8487.7368
2025-06-06,399324,深证红利指数,8511.6841
2025-06-09,399324,深证红利指数,8548.5697
2025-06-10,399324,深证红利指数,8505.7615
2025-06-11,399324,深证红利指数,8558.9651
2025-06-12,399324,深证红利指数,8487.8541
2025-06-13,399324,深证红利指数,8390.0026
2025-06-16,399324,深证红利指数,8354.5203
2025-06-17,399324,深证红利指数,8343.6789
2025-06-18,399324,深证红利指数,8348.184
2025-06-19,399324,深证红利指数,8268.1349
2025-06-20,399324,深证红利指数,8314.9354
2025-06-23,399324,深证红利指数,8284.7235
2025-06-24,399324,深证红利指数,8372.1647
2025-06-25,399324,深证红利指数,8433.7229
2025-06-26,399324,深证红利指数,8419.1851
2025-06-27,399324,深证红利指数,8398.5847
2025-06-30,399324,深证红利指数,8388.6703
2025-07-01,399324,深证红利指数,8412.2463
2025-07-02,399324,深证红利指数,8449.4122
2025-07-03,399324,深证红利指数,8473.5604
2025-07-04,399324,深证红利指数,8505.4672
2025-07-07,399324,深证红利指数,8451.1191
2025-07-08,399324,深证红利指数,8491.736
2025-07-09,399324,深证红利指数,8460.8038
2025-07-10,399324,深证红利指数,8500.1091
2025-07-11,399324,深证红利指数,8566.8123
2025-07-14,399324,深证红利指数,8578.209
2025-07-15,399324,深证红利指数,8567.4824
2025-07-16,399324,深证红利指数,8552.862
2025-07-17,399324,深证红利指数,8583.2384
2025-07-18,399324,深证红利指数,8633.2396
2025-07-21,399324,深证红利指数,8690.8043
2025-07-22,399324,深证红利指数,8851.7352
2025-07-23,399324,深证红利指数,8817.2652
2025-07-24,399324,深证红利指数,8860.3688
2025-07-25,399324,深证红利指数,8748.3031
2025-07-28,399324,深证红利指数,8718.6357
2025-07-29,399324,深证红利指数,8687.6117
2025-07-30,399324,深证红利指数,8771.9403
2025-07-31,399324,深证红利指数,8559.8189
2025-08-01,399324,深证红利指数,8587.4157
2025-08-04,399324,深证红利指数,8618.0205
2025-08-05,399324,深证红利指数,8718.3438
2025-08-06,399324,深证红利指数,8751.1955
2025-08-07,399324,深证红利指数,8761.1414
2025-08-08,399324,深证红利指数,8778.2349
2025-08-11,399324,深证红利指数,8812.6025
2025-08-12,399324,深证红利指数,8834.9477
2025-08-13,399324,深证红利指数,8859.4457
2025-08-14,399324,深证红利指数,8824.2418
2025-08-15,399324,深证红利指数,8868.5925
2025-08-18,399324,深证红利指数,8864.9039
2025-08-19,399324,深证红利指数,8868.1166
2025-08-20,399324,深证红利指数,8937.764
2025-08-21,399324,深证红利指数,8969.7321
2025-08-22,399324,深证红利指数,9011.373
2025-08-25,399324,深证红利指数,9194.8272
2025-08-26,399324,深证红利指数,9237.8322
2025-08-27,399324,深证红利指数,9054.1144
2025-08-28,399324,深证红利指数,9093.7573
2025-08-29,399324,深证红利指数,9084.1185
2025-09-01,399324,深证红利指数,9127.9949
2025-09-02,399324,深证红利指数,9128.035
2025-09-03,399324,深证红利指数,9063.3114
2025-09-04,399324,深证红利指数,8959.0228
2025-09-05,399324,深证红利指数,9079.1909
2025-09-08,399324,深证红利指数,9194.8104
2025-09-09,399324,深证红利指数,9186.0041
2025-09-10,399324,深证红利指数,9132.1809
2025-09-11,399324,深证红利指数,9203.0842
2025-09-12,399324,深证红利指数,9131.2991
2025-09-15,399324,深证红利指数,9118.0821
2025-09-16,399324,深证红利指数,9071.3925
2025-09-17,399324,深证红利指数,9118.305
2025-09-18,399324,深证红利指数,8993.9043
2025-09-19,399324,深证红利指数,9045.6727
2025-09-22,399324,深证红利指数,8968.3858
2025-09-23,399324,深证红利指数,8922.0402
2025-09-24,399324,深证红利指数,9008.1807
2025-09-25,399324,深证红利指数,8999.0751
2025-09-26,399324,深证红利指数,8971.2604
2025-09-29,399324,深证红利指数,9103.4543
2025-09-30,399324,深证红利指数,9108.5805
2025-10-09,399324,深证红利指数,9233.9689
2025-10-10,399324,深证红利指数,9197.3331
2025-10-13,399324,深证红利指数,9108.6978
2025-10-14,399324,深证红利指数,9113.4963
2025-10-15,399324,深证红利指数,9208.6866
2025-10-16,399324,深证红利指数,9193.7586
2025-10-17,399324,深证红利指数,9046.943
2025-10-20,399324,深证红利指数,9024.2824
2025-10-21,399324,深证红利指数,9075.9013
2025-10-22,399324,深证红利指数,9086.6461
2025-10-23,399324,深证红利指数,9150.8467
2025-10-24,399324,深证红利指数,9120.919
2025-10-27,399324,深证红利指数,9150.2235
2025-10-28,399324,深证红利指数,9041.3745
2025-10-29,399324,深证红利指数,9116.2748
2025-10-30,399324,深证红利指数,9099.5943
2025-10-31,399324,深证红利指数,9106.2593
2025-11-03,399324,深证红利指数,9104.6248
2025-11-04,399324,深证红利指数,9011.7025
2025-11-05,399324,深证红利指数,9018.0729
2025-11-06,399324,深证红利指数,9159.8768
2025-11-07,399324,深证红利指数,9140.2708
2025-11-10,399324,深证红利指数,9309.9802
2025-11-11,399324,深证红利指数,9273.2369
2025-11-12,399324,深证红利指数,9304.171
2025-11-13,399324,深证红利指数,9375.2845
2025-11-14,399324,深证红利指数,9249.4404
2025-11-17,399324,深证红利指数,9163.6065
2025-11-18,399324,深证红利指数,9117.5332
2025-11-19,399324,深证红利指数,9106.1277
2025-11-20,399324,深证红利指数,9088.3957
2025-11-21,399324,深证红利指数,8972.4704
2025-11-24,399324,深证红利指数,8962.3631
2025-11-25,399324,深证红利指数,9014.9939
2025-11-26,399324,深证红利指数,9051.6819
2025-11-27,399324,深证红利指数,9057.709
2025-11-28,399324,深证红利指数,9108.4391
2025-12-01,399324,深证红利指数,9169.7922
2025-12-02,399324,深证红利指数,9153.4312
2025-12-03,399324,深证红利指数,9170.6891
2025-12-04,399324,深证红利指数,9153.8165
2025-12-05,399324,深证红利指数,9242.6467
2025-12-08,399324,深证红利指数,9195.2362
2025-12-09,399324,深证红利指数,9035.9781
2025-12-10,399324,深证红利指数,9094.1333
2025-12-11,399324,深证红利指数,9048.448
2025-12-12,399324,深证红利指数,9119.5013
2025-12-15,399324,深证红利指数,9127.2139
2025-12-16,399324,深证红利指数,9037.3887
2025-12-17,399324,深证红利指数,9146.7969
2025-12-18,399324,深证红利指数,9115.1355
2025-12-19,399324,深证红利指数,9188.4371
2025-12-22,399324,深证红利指数,9171.9502
2025-12-23,399324,深证红利指数,9173.3556
2025-12-24,399324,深证红利指数,9154.8383
2025-12-25,399324,深证红利指数,9176.6545
2025-12-26,399324,深证红利指数,9242.6759
2025-12-29,399324,深证红利指数,9150.6686
2025-12-30,399324,深证红利指数,9179.8193
2025-12-31,399324,深证红利指数,9151.1229
2026-01-05,399324,深证红利指数,9282.3934
2026-01-06,399324,深证红利指数,9420.2917
2026-01-07,399324,深证红利指数,9378.7623
2026-01-08,399324,深证红利指数,9322.8324
2026-01-09,399324,深证红利指数,9424.8349
2026-01-12,399324,深证红利指数,9506.0758
2026-01-13,399324,深证红利指数,9454.069
2026-01-14,399324,深证红利指数,9451.4439
2026-01-15,399324,深证红利指数,9442.7439
2026-01-16,399324,深证红利指数,9391.4902
2026-01-19,399324,深证红利指数,9496.9686
2026-01-20,399324,深证红利指数,9599.2392
2026-01-21,399324,深证红利指数,9574.208
2026-01-22,399324,深证红利指数,9555.4825
2026-01-23,399324,深证红利指数,9585.777
2026-01-26,399324,深证红利指数,9614.9978
2026-01-27,399324,深证红利指数,9509.5955
2026-01-28,399324,深证红利指数,9553.0146
2026-01-29,399324,深证红利指数,9787.8839
2026-01-30,399324,深证红利指数,9548.7334
2026-02-02,399324,深证红利指数,9365.8853
2026-02-03,399324,深证红利指数,9526.8446
2026-02-04,399324,深证红利指数,9665.7435
2026-02-05,399324,深证红利指数,9616.6683
2026-02-06,399324,深证红利指数,9550.9272
2026-02-09,399324,深证红利指数,9633.0598
2026-02-10,399324,深证红利指数,9655.8055
2026-02-11,399324,深证红利指数,9668.2055
2026-02-12,399324,深证红利指数,9657.3739
2026-02-13,399324,深证红利指数,9522.8702
2026-02-24,399324,深证红利指数,9648.1849
2026-02-25,399324,深证红利指数,9674.5025
2026-02-26,399324,深证红利指数,9616.2297
2026-02-27,399324,深证红利指数,9595.4677
2026-03-02,399324,深证红利指数,9591.4311
2026-03-03,399324,深证红利指数,9415.8362
2026-03-04,399324,深证红利指数,9347.1295
2026-03-05,399324,深证红利指数,9420.0245
2026-03-06,399324,深证红利指数,9499.7363
2026-03-09,399324,深证红利指数,9372.7577
2026-03-10,399324,深证红利指数,9480.892
2026-03-11,399324,深证红利指数,9526.5767
2026-03-12,399324,深证红利指数,9467.595
2026-03-13,399324,深证红利指数,9426.2137
2026-03-16,399324,深证红利指数,9346.6954
2026-03-17,399324,深证红利指数,9303.5251
2026-03-18,399324,深证红利指数,9292.9013
2026-03-19,399324,深证红利指数,9055.5353
2026-03-20,399324,深证红利指数,8987.0908
2026-03-23,399324,深证红利指数,8701.9731
2026-03-24,399324,深证红利指数,8847.2473
2026-03-25,399324,深证红利指数,8955.5146
2026-03-26,399324,深证红利指数,8841.93
2026-03-27,399324,深证红利指数,8943.3337
2026-03-30,399324,深证红利指数,8987.9585
2026-03-31,399324,深证红利指数,9009.1479
2026-04-01,399324,深证红利指数,9148.4092
2026-04-02,399324,深证红利指数,9121.2894
2026-04-03,399324,深证红利指数,9003.1094
2026-04-07,399324,深证红利指数,8973.4845
2026-04-08,399324,深证红利指数,9213.0878
2026-04-09,399324,深证红利指数,9120.0978
2026-04-10,399324,深证红利指数,9155.1121
2026-04-13,399324,深证红利指数,9134.6173
2026-04-14,399324,深证红利指数,9207.004
2026-04-15,399324,深证红利指数,9238.9498
2026-04-16,399324,深证红利指数,9309.7368
2026-04-17,399324,深证红利指数,9206.3631
2026-04-20,399324,深证红利指数,9209.5185
2026-04-21,399324,深证红利指数,9209.0253
2026-04-22,399324,深证红利指数,9213.3471
2026-04-23,399324,深证红利指数,9219.1604
2026-04-24,399324,深证红利指数,9220.5359
2026-04-27,399324,深证红利指数,9173.9683
2026-04-28,399324,深证红利指数,9257.1817
2026-04-29,399324,深证红利指数,9382.175
2026-04-30,399324,深证红利指数,9329.2862
2026-05-06,399324,深证红利指数,9385.7268
2026-05-07,399324,深证红利指数,9360.2646
2026-05-08,399324,深证红利指数,9279.2153
2026-05-11,399324,深证红利指数,9342.1884
2026-05-12,399324,深证红利指数,9245.5197
2026-05-13,399324,深证红利指数,9280.524
2026-05-14,399324,深证红利指数,9194.7154
2026-05-15,399324,深证红利指数,9078.1303
2026-05-18,399324,深证红利指数,8892.5203
2026-05-19,399324,深证红利指数,8882.6189
2026-05-20,399324,深证红利指数,8845.5362
2026-05-21,399324,深证红利指数,8767.3863
2026-05-22,399324,深证红利指数,8809.12
2026-05-25,399324,深证红利指数,8825.9948
2026-05-26,399324,深证红利指数,8858.5197
2026-05-27,399324,深证红利指数,8767.3263
2026-05-28,399324,深证红利指数,8639.0906
2026-05-29,399324,深证红利指数,8767.7221
2026-06-01,399324,深证红利指数,8752.4562
2026-06-02,399324,深证红利指数,8738.6249
2026-06-03,399324,深证红利指数,8692.4556
2026-06-04,399324,深证红利指数,8614.0764
2026-06-05,399324,深证红利指数,8545.9994
2026-06-08,399324,深证红利指数,8418.0554
2026-06-09,399324,深证红利指数,8437.58
2026-06-10,399324,深证红利指数,8425.168
2026-06-11,399324,深证红利指数,8432.8707
2026-06-12,399324,深证红利指数,8496.6472
2026-06-15,399324,深证红利指数,8539.9286
2026-06-16,399324,深证红利指数,8455.0075
2026-06-17,399324,深证红利指数,8492.3898
2026-06-18,399324,深证红利指数,8408.8233
2026-06-22,399324,深证红利指数,8567.01
2026-06-23,399324,深证红利指数,8299.5614
2026-06-24,399324,深证红利指数,8310.9392
2026-06-25,399324,深证红利指数,8344.5538
2026-06-26,399324,深证红利指数,8172.5217
2026-06-29,399324,深证红利指数,8193.5752
2026-06-30,399324,深证红利指数,8187.062
2026-07-01,399324,深证红利指数,8262.4988
2026-07-02,399324,深证红利指数,8194.0149
2026-07-03,399324,深证红利指数,8303.683
2026-07-06,399324,深证红利指数,8352.9206
2026-07-07,399324,深证红利指数,8251.142
2026-07-08,399324,深证红利指数,8093.4238
2026-07-09,399324,深证红利指数,8111.9567
2026-07-10,399324,深证红利指数,8062.1826
2026-07-13,399324,深证红利指数,8011.2444
2026-07-14,399324,深证红利指数,8175.1561
2026-07-15,399324,深证红利指数,8289.3444
2026-07-16,399324,深证红利指数,8225.2783
2026-07-17,399324,深证红利指数,8047.5191
2026-07-20,399324,深证红利指数,8238.6881
2026-07-21,399324,深证红利指数,8323.195
2026-07-22,399324,深证红利指数,8330.4569
2026-07-23,399324,深证红利指数,8446.1242
2026-07-24,399324,深证红利指数,8286.0787
2026-07-27,399324,深证红利指数,8427.0537
2026-07-28,399324,深证红利指数,8337.5313
2026-07-29,399324,深证红利指数,8446.3677
2026-07-30,399324,深证红利指数,8513.4958
2026-07-31,399324,深证红利指数,8530.7319
