date,close
20051230,1000.0
20060104,1011.17
20060105,1031.95
20060106,1044.73
20060109,1053.05
20060110,1053.16
20060111,1052.34
20060112,1065.69
20060113,1063.32
20060116,1046.3
20060117,1047.81
20060118,1068.68
20060119,1085.45
20060120,1090.69
20060123,1097.76
20060124,1098.71
20060125,1103.18
20060206,1131.56
20060207,1121.4
20060208,1126.65
20060209,1115.86
20060210,1128.34
20060213,1126.9
20060214,1130.38
20060215,1131.03
20060216,1106.96
20060217,1107.24
20060220,1110.67
20060221,1124.13
20060222,1125.89
20060223,1122.99
20060224,1134.35
20060227,1131.27
20060228,1133.37
20060301,1137.69
20060302,1127.43
20060303,1130.56
20060306,1128.98
20060307,1108.03
20060308,1101.11
20060309,1100.98
20060310,1104.43
20060313,1113.79
20060314,1113.49
20060315,1123.78
20060316,1124.08
20060317,1120.92
20060320,1132.07
20060321,1133.52
20060322,1139.11
20060323,1140.04
20060324,1136.99
20060327,1139.19
20060328,1144.0
20060329,1154.38
20060330,1148.34
20060331,1156.54
20060403,1171.54
20060404,1184.72
20060405,1190.16
20060406,1187.98
20060407,1190.68
20060410,1211.56
20060411,1226.47
20060412,1228.53
20060413,1204.97
20060414,1230.63
20060417,1235.61
20060418,1238.35
20060419,1237.25
20060420,1226.65
20060421,1240.47
20060424,1225.99
20060425,1213.38
20060426,1230.5
20060427,1227.69
20060428,1246.65
20060508,1295.9
20060509,1337.28
20060510,1355.07
20060511,1340.88
20060512,1385.32
20060515,1442.8
20060516,1419.59
20060517,1438.19
20060518,1442.44
20060519,1477.57
20060522,1514.54
20060523,1452.37
20060524,1418.08
20060525,1426.31
20060526,1458.35
20060529,1504.56
20060530,1517.46
20060531,1507.8
20060601,1562.48
20060602,1564.81
20060605,1590.6
20060606,1585.33
20060607,1483.87
20060608,1483.85
20060609,1454.25
20060612,1462.09
20060613,1463.96
20060614,1450.98
20060615,1449.53
20060616,1476.64
20060619,1495.18
20060620,1500.37
20060621,1499.65
20060622,1497.99
20060623,1514.46
20060626,1540.98
20060627,1542.52
20060628,1550.78
20060629,1582.32
20060630,1580.09
20060703,1601.77
20060704,1584.82
20060705,1568.38
20060706,1600.53
20060707,1593.06
20060710,1596.93
20060711,1598.4
20060712,1588.52
20060713,1502.54
20060714,1514.04
20060717,1532.1
20060718,1533.92
20060719,1514.64
20060720,1525.47
20060721,1529.07
20060724,1534.92
20060725,1554.25
20060726,1551.62
20060727,1536.26
20060728,1530.9
20060731,1476.62
20060801,1462.63
20060802,1457.1
20060803,1455.64
20060804,1415.48
20060807,1385.46
20060808,1418.17
20060809,1415.13
20060810,1439.93
20060811,1449.98
20060814,1416.79
20060815,1439.28
20060816,1457.19
20060817,1442.91
20060818,1436.88
20060821,1434.29
20060822,1449.5
20060823,1448.47
20060824,1451.78
20060825,1456.34
20060828,1484.08
20060829,1482.73
20060830,1488.48
20060831,1498.82
20060901,1479.44
20060904,1502.43
20060905,1503.52
20060906,1509.6
20060907,1487.91
20060908,1486.92
20060911,1492.27
20060912,1500.53
20060913,1494.62
20060914,1490.05
20060915,1514.18
20060918,1533.68
20060919,1528.89
20060920,1529.51
20060921,1534.6
20060922,1512.31
20060925,1502.51
20060926,1496.32
20060927,1510.55
20060928,1521.41
20060929,1535.0
20061009,1562.4
20061010,1563.8
20061011,1565.72
20061012,1569.89
20061013,1572.44
20061016,1569.26
20061017,1561.46
20061018,1578.8
20061019,1579.11
20061020,1566.38
20061023,1534.34
20061024,1568.45
20061025,1566.24
20061026,1568.67
20061027,1560.46
20061030,1587.05
20061031,1604.06
20061101,1619.87
20061102,1630.07
20061103,1633.11
20061106,1653.62
20061107,1655.17
20061108,1627.89
20061109,1646.7
20061110,1610.6
20061113,1573.13
20061114,1584.69
20061115,1620.09
20061116,1604.38
20061117,1636.25
20061120,1651.6
20061121,1664.37
20061122,1685.46
20061123,1696.36
20061124,1713.6
20061127,1743.83
20061128,1734.27
20061129,1743.77
20061130,1777.34
20061201,1790.11
20061204,1829.35
20061205,1830.87
20061206,1799.46
20061207,1807.64
20061208,1735.04
20061211,1798.05
20061212,1806.06
20061213,1807.9
20061214,1840.74
20061215,1857.93
20061218,1875.26
20061219,1881.49
20061220,1902.14
20061221,1878.82
20061222,1867.92
20061225,1887.87
20061226,1884.51
20061227,1902.82
20061228,1876.45
20061229,1927.14
20070104,1971.38
20070105,2049.49
20070108,2123.84
20070109,2171.05
20070110,2224.8
20070111,2207.92
20070112,2106.36
20070115,2212.61
20070116,2244.49
20070117,2234.12
20070118,2256.12
20070119,2344.36
20070122,2453.37
20070123,2484.2
20070124,2509.94
20070125,2399.87
20070126,2422.61
20070129,2503.89
20070130,2500.92
20070131,2372.68
20070201,2373.72
20070202,2314.97
20070205,2316.98
20070206,2367.36
20070207,2412.15
20070208,2476.45
20070209,2477.88
20070212,2536.99
20070213,2575.22
20070214,2628.46
20070215,2705.66
20070216,2736.79
20070226,2856.27
20070227,2580.59
20070228,2709.09
20070301,2650.05
20070302,2682.97
20070305,2668.95
20070306,2681.89
20070307,2735.39
20070308,2790.33
20070309,2762.29
20070312,2810.78
20070313,2869.68
20070314,2836.19
20070315,2896.59
20070316,2828.25
20070319,2857.02
20070320,2922.23
20070321,2954.51
20070322,2979.7
20070323,3046.23
20070326,3138.88
20070327,3179.41
20070328,3186.23
20070329,3086.6
20070330,3106.72
20070402,3181.03
20070403,3221.39
20070404,3241.13
20070405,3311.26
20070406,3371.21
20070409,3456.95
20070410,3509.23
20070411,3540.23
20070412,3633.78
20070413,3603.82
20070416,3684.86
20070417,3761.08
20070418,3890.82
20070419,3703.01
20070420,3893.75
20070423,4128.6
20070424,4203.67
20070425,4191.99
20070426,4249.92
20070427,4227.42
20070430,4286.46
20070508,4509.17
20070509,4521.66
20070510,4560.91
20070511,4505.37
20070514,4501.11
20070515,4317.66
20070516,4426.2
20070517,4525.55
20070518,4516.32
20070521,4621.22
20070522,4727.38
20070523,4882.66
20070524,4841.7
20070525,4888.64
20070528,4992.06
20070529,5120.52
20070530,4702.36
20070531,4590.27
20070601,4287.67
20070604,3895.48
20070605,4021.08
20070606,4065.51
20070607,4240.68
20070608,4293.88
20070611,4396.99
20070612,4594.57
20070613,4729.64
20070614,4646.53
20070615,4614.23
20070618,4750.63
20070619,4819.14
20070620,4708.28
20070621,4701.9
20070622,4431.49
20070625,4094.85
20070626,4203.22
20070627,4314.14
20070628,4036.16
20070629,3882.24
20070702,3946.63
20070703,3995.99
20070704,3917.25
20070705,3638.75
20070706,3845.79
20070709,3958.9
20070710,3829.11
20070711,3863.77
20070712,3891.87
20070713,3882.27
20070716,3765.23
20070717,3831.76
20070718,3839.77
20070719,3832.65
20070720,3963.58
20070723,4204.43
20070724,4188.91
20070725,4334.22
20070726,4399.22
20070727,4467.44
20070730,4588.53
20070731,4637.56
20070801,4378.95
20070802,4515.29
20070803,4563.65
20070806,4705.65
20070807,4717.19
20070808,4616.19
20070809,4665.65
20070810,4617.03
20070813,4685.2
20070814,4746.97
20070815,4704.35
20070816,4688.65
20070817,4650.8
20070820,4890.73
20070821,4933.99
20070822,4984.96
20070823,5068.67
20070824,5131.41
20070827,5134.52
20070828,5168.17
20070829,5170.63
20070830,5337.67
20070831,5399.61
20070903,5613.58
20070904,5541.4
20070905,5607.74
20070906,5668.1
20070907,5546.61
20070910,5643.57
20070911,5308.4
20070912,5391.57
20070913,5576.88
20070914,5672.56
20070917,5839.1
20070918,5875.61
20070919,5793.13
20070920,5874.23
20070921,5834.83
20070924,5863.55
20070925,5732.18
20070926,5598.27
20070927,5698.24
20070928,5852.79
20071008,5806.03
20071009,5806.83
20071010,5783.02
20071011,5731.14
20071012,5644.46
20071015,5750.02
20071016,5791.54
20071017,5801.67
20071018,5612.47
20071019,5612.87
20071022,5430.62
20071023,5477.34
20071024,5422.36
20071025,5040.24
20071026,5053.35
20071029,5218.68
20071030,5295.47
20071031,5414.58
20071101,5279.33
20071102,5153.99
20071105,5188.35
20071106,5183.28
20071107,5175.36
20071108,4968.5
20071109,4914.9
20071112,4841.07
20071113,4875.34
20071114,5052.28
20071115,4974.19
20071116,4957.66
20071119,5042.23
20071120,5128.11
20071121,5041.97
20071122,4832.89
20071123,4944.54
20071126,4903.65
20071127,4851.46
20071128,4827.55
20071129,4963.9
20071130,4864.26
20071203,4881.13
20071204,4908.39
20071205,5033.82
20071206,5058.89
20071207,5164.74
20071210,5308.31
20071211,5351.37
20071212,5376.42
20071213,5188.65
20071214,5294.26
20071217,5279.84
20071218,5265.11
20071219,5380.29
20071220,5452.36
20071221,5539.41
20071224,5609.03
20071225,5641.66
20071226,5709.79
20071227,5761.1
20071228,5702.37
20080102,5913.72
20080103,6049.43
20080104,6054.6
20080107,6130.25
20080108,5981.38
20080109,6112.62
20080110,6116.83
20080111,6070.86
20080114,6193.09
20080115,6234.79
20080116,6155.85
20080117,5995.57
20080118,6047.72
20080121,5785.93
20080122,5321.56
20080123,5619.84
20080124,5763.97
20080125,5749.75
20080128,5358.44
20080129,5460.72
20080130,5458.6
20080131,5314.4
20080201,5169.53
20080204,5561.12
20080205,5548.73
20080213,5487.48
20080214,5587.53
20080215,5536.47
20080218,5681.92
20080219,5785.04
20080220,5696.9
20080221,5753.95
20080222,5611.63
20080225,5434.97
20080226,5449.5
20080227,5575.73
20080228,5585.78
20080229,5672.4
20080303,5859.0
20080304,5786.63
20080305,5807.66
20080306,5827.06
20080307,5696.71
20080310,5538.43
20080311,5572.27
20080312,5433.38
20080313,5216.39
20080314,5195.77
20080317,4853.87
20080318,4555.63
20080319,4751.37
20080320,4946.94
20080321,5025.34
20080324,4902.25
20080325,4984.65
20080326,4961.74
20080327,4739.31
20080328,4888.25
20080331,4728.92
20080401,4404.45
20080402,4282.49
20080403,4410.05
20080407,4649.25
20080408,4707.5
20080409,4498.65
20080410,4586.1
20080411,4626.66
20080414,4359.21
20080415,4448.3
20080416,4349.73
20080417,4199.9
20080418,4011.74
20080421,4020.3
20080422,3997.61
20080423,4130.49
20080424,4515.35
20080425,4530.22
20080428,4466.63
20080429,4526.4
20080430,4706.22
20080505,4827.57
20080506,4789.54
20080507,4587.44
20080508,4714.54
20080509,4691.88
20080512,4775.55
20080513,4742.15
20080514,4839.82
20080515,4837.54
20080516,4781.75
20080519,4768.23
20080520,4494.04
20080521,4576.03
20080522,4514.43
20080523,4468.25
20080526,4357.21
20080527,4383.25
20080528,4483.12
20080529,4386.23
20080530,4419.73
20080602,4457.38
20080603,4427.4
20080604,4352.62
20080605,4326.69
20080606,4301.04
20080610,3941.73
20080611,3873.45
20080612,3816.42
20080613,3707.57
20080616,3650.92
20080617,3480.1
20080618,3641.78
20080619,3338.8
20080620,3430.39
20080623,3385.68
20080624,3454.53
20080625,3617.66
20080626,3630.61
20080627,3407.46
20080630,3390.22
20080701,3312.34
20080702,3349.48
20080703,3456.74
20080704,3456.46
20080707,3629.5
20080708,3661.17
20080709,3778.75
20080710,3705.77
20080711,3668.24
20080714,3721.88
20080715,3627.26
20080716,3474.13
20080717,3458.43
20080718,3574.51
20080721,3701.45
20080722,3704.78
20080723,3676.63
20080724,3779.75
20080725,3728.24
20080728,3776.58
20080729,3709.97
20080730,3705.17
20080731,3585.68
20080801,3624.47
20080804,3548.4
20080805,3474.6
20080806,3494.76
20080807,3511.97
20080808,3302.61
20080811,3115.21
20080812,3124.59
20080813,3139.54
20080814,3151.45
20080815,3156.07
20080818,2985.02
20080819,3040.73
20080820,3258.75
20080821,3140.59
20080822,3094.39
20080825,3081.51
20080826,2967.42
20080827,2946.79
20080828,2941.07
20080829,3035.24
20080901,2962.82
20080902,2968.98
20080903,2958.74
20080904,2975.94
20080905,2886.28
20080908,2784.84
20080909,2817.75
20080910,2841.02
20080911,2803.56
20080912,2823.47
20080916,2799.37
20080917,2763.24
20080918,2680.64
20080919,2921.21
20080922,3026.28
20080923,2857.61
20080924,2898.3
20080925,2976.68
20080926,2997.03
20081006,2880.82
20081007,2885.64
20081008,2821.96
20081009,2798.31
20081010,2674.3
20081013,2735.46
20081014,2676.83
20081015,2660.2
20081016,2539.05
20081017,2562.86
20081020,2626.6
20081021,2605.14
20081022,2559.48
20081023,2565.39
20081024,2520.06
20081027,2340.25
20081028,2387.14
20081029,2319.53
20081030,2340.76
20081031,2299.21
20081103,2275.83
20081104,2243.37
20081105,2314.31
20081106,2278.39
20081107,2307.56
20081110,2465.83
20081111,2428.06
20081112,2472.69
20081113,2577.67
20081114,2674.12
20081117,2777.65
20081118,2562.36
20081119,2723.19
20081120,2713.81
20081121,2684.38
20081124,2588.57
20081125,2575.1
20081126,2616.65
20081127,2647.43
20081128,2613.79
20081201,2684.02
20081202,2717.3
20081203,2818.72
20081204,2824.85
20081205,2866.58
20081208,2967.17
20081209,2890.2
20081210,2950.6
20081211,2881.96
20081212,2767.15
20081215,2815.71
20081216,2841.18
20081217,2874.99
20081218,2912.69
20081219,2944.14
20081222,2929.31
20081223,2771.52
20081224,2712.77
20081225,2708.06
20081226,2695.08
20081229,2692.77
20081230,2675.93
20081231,2648.69
20090105,2742.93
20090106,2829.12
20090107,2818.85
20090108,2754.54
20090109,2815.11
20090112,2845.72
20090113,2798.08
20090114,2882.47
20090115,2887.93
20090116,2915.99
20090119,2915.14
20090120,2939.85
20090121,2919.18
20090122,2953.61
20090123,2943.01
20090202,3009.66
20090203,3097.14
20090204,3163.95
20090205,3126.44
20090206,3256.68
20090209,3342.28
20090210,3401.49
20090211,3420.74
20090212,3445.2
20090213,3568.82
20090216,3672.34
20090217,3533.21
20090218,3350.79
20090219,3428.54
20090220,3529.31
20090223,3631.37
20090224,3523.09
20090225,3533.07
20090226,3303.22
20090227,3145.95
20090302,3204.01
20090303,3207.74
20090304,3391.06
20090305,3429.87
20090306,3404.44
20090309,3267.24
20090310,3338.55
20090311,3315.63
20090312,3310.55
20090313,3281.07
20090316,3312.53
20090317,3427.51
20090318,3468.49
20090319,3545.05
20090320,3520.09
20090323,3585.87
20090324,3608.97
20090325,3513.51
20090326,3593.78
20090327,3637.06
20090330,3633.27
20090331,3650.06
20090401,3711.69
20090402,3731.19
20090403,3698.1
20090407,3731.49
20090408,3612.41
20090409,3667.5
20090410,3763.04
20090413,3844.11
20090414,3899.89
20090415,3918.66
20090416,3940.4
20090417,3887.66
20090420,3996.38
20090421,3992.09
20090422,3845.36
20090423,3859.69
20090424,3851.7
20090427,3712.86
20090428,3726.62
20090429,3817.37
20090430,3858.44
20090504,3983.38
20090505,4006.07
20090506,4056.68
20090507,4031.1
20090508,4038.45
20090511,3931.79
20090512,4035.09
20090513,4048.0
20090514,4049.05
20090515,4051.06
20090518,4077.44
20090519,4105.92
20090520,4076.78
20090521,4007.94
20090522,4022.31
20090525,4012.73
20090526,4037.73
20090527,4056.49
20090601,4125.0
20090602,4133.45
20090603,4190.22
20090604,4228.52
20090605,4210.75
20090608,4189.21
20090609,4217.22
20090610,4295.77
20090611,4238.94
20090612,4153.35
20090615,4219.61
20090616,4226.2
20090617,4277.56
20090618,4311.59
20090619,4342.95
20090622,4344.64
20090623,4370.76
20090624,4449.35
20090625,4442.3
20090626,4437.3
20090629,4466.48
20090630,4416.45
20090701,4457.03
20090702,4478.95
20090703,4507.6
20090706,4603.96
20090707,4628.48
20090708,4633.83
20090709,4714.81
20090710,4720.67
20090713,4739.01
20090714,4841.65
20090715,4907.22
20090716,4880.25
20090717,4889.65
20090720,4989.85
20090721,4864.99
20090722,4922.62
20090723,4973.67
20090724,4957.95
20090727,5054.9
20090728,5170.58
20090729,4911.74
20090730,5005.89
20090731,5164.27
20090803,5346.89
20090804,5379.85
20090805,5359.96
20090806,5236.83
20090807,5099.94
20090810,5134.67
20090811,5164.69
20090812,4942.91
20090813,4931.22
20090814,4724.07
20090817,4461.79
20090818,4572.8
20090819,4371.94
20090820,4529.87
20090821,4625.08
20090824,4674.15
20090825,4560.71
20090826,4672.04
20090827,4697.83
20090828,4561.64
20090831,4257.03
20090901,4247.8
20090902,4273.06
20090903,4482.51
20090904,4515.9
20090907,4557.02
20090908,4633.15
20090909,4679.05
20090910,4620.49
20090911,4675.36
20090914,4765.97
20090915,4782.52
20090916,4730.95
20090917,4848.71
20090918,4709.99
20090921,4768.85
20090922,4675.81
20090923,4557.35
20090924,4524.13
20090925,4512.14
20090928,4420.19
20090929,4351.75
20090930,4405.74
20091009,4589.91
20091012,4590.05
20091013,4657.49
20091014,4675.53
20091015,4685.6
20091016,4670.22
20091019,4766.6
20091020,4814.56
20091021,4786.44
20091022,4761.03
20091023,4843.9
20091026,4870.1
20091027,4749.85
20091028,4808.94
20091029,4751.99
20091030,4807.51
20091102,4952.03
20091103,5024.78
20091104,5057.12
20091105,5122.58
20091106,5114.58
20091109,5153.46
20091110,5153.88
20091111,5157.39
20091112,5201.14
20091113,5248.1
20091116,5358.71
20091117,5375.89
20091118,5398.1
20091119,5480.69
20091120,5491.79
20091123,5590.35
20091124,5362.0
20091125,5553.19
20091126,5318.68
20091127,5204.56
20091130,5407.68
20091201,5562.07
20091202,5587.33
20091203,5635.23
20091204,5549.69
20091207,5605.68
20091208,5567.1
20091209,5466.08
20091210,5504.44
20091211,5509.08
20091214,5525.43
20091215,5522.63
20091216,5498.21
20091217,5334.46
20091218,5207.68
20091221,5258.32
20091222,5135.93
20091223,5204.43
20091224,5354.7
20091225,5368.98
20091228,5439.5
20091229,5456.31
20091230,5493.88
20091231,5511.93
20100104,5478.48
20100105,5501.42
20100106,5485.43
20100107,5361.33
20100108,5401.43
20100111,5449.42
20100112,5576.25
20100113,5500.33
20100114,5606.67
20100115,5618.72
20100118,5706.27
20100119,5707.97
20100120,5543.91
20100121,5574.89
20100122,5484.08
20100125,5398.07
20100126,5243.22
20100127,5212.94
20100128,5288.32
20100129,5322.85
20100201,5281.5
20100202,5262.69
20100203,5352.39
20100204,5371.81
20100205,5268.79
20100208,5274.47
20100209,5321.08
20100210,5355.76
20100211,5348.16
20100212,5398.87
20100222,5394.31
20100223,5416.2
20100224,5511.95
20100225,5569.97
20100226,5557.02
20100301,5603.77
20100302,5576.33
20100303,5638.53
20100304,5472.75
20100305,5489.73
20100308,5528.57
20100309,5524.74
20100310,5479.37
20100311,5469.94
20100312,5381.5
20100315,5329.47
20100316,5359.43
20100317,5474.3
20100318,5465.15
20100319,5503.73
20100322,5511.47
20100323,5486.84
20100324,5500.21
20100325,5445.34
20100326,5523.96
20100329,5586.2
20100330,5588.52
20100331,5570.06
20100401,5642.47
20100402,5647.16
20100406,5644.55
20100407,5632.2
20100408,5610.85
20100409,5664.92
20100412,5674.29
20100413,5691.12
20100414,5716.29
20100415,5667.62
20100416,5632.25
20100419,5403.57
20100420,5442.12
20100421,5570.58
20100422,5546.07
20100423,5498.3
20100426,5494.16
20100427,5381.34
20100428,5361.26
20100429,5263.53
20100430,5222.01
20100504,5187.04
20100505,5265.6
20100506,5080.31
20100507,4980.04
20100510,4971.23
20100511,4867.29
20100512,4851.95
20100513,4956.89
20100514,4967.02
20100517,4707.22
20100518,4762.61
20100519,4746.4
20100520,4693.74
20100521,4746.7
20100524,4900.05
20100525,4838.23
20100526,4845.68
20100527,4908.35
20100528,4932.12
20100531,4837.27
20100601,4761.75
20100602,4775.29
20100603,4748.05
20100604,4764.44
20100607,4718.59
20100608,4737.79
20100609,4847.69
20100610,4832.81
20100611,4822.91
20100617,4775.88
20100618,4664.08
20100621,4791.57
20100622,4808.17
20100623,4780.26
20100624,4779.9
20100625,4740.47
20100628,4706.58
20100629,4507.26
20100630,4468.46
20100701,4426.06
20100702,4424.42
20100705,4404.19
20100706,4494.08
20100707,4518.81
20100708,4507.72
20100709,4609.78
20100712,4654.17
20100713,4574.57
20100714,4623.81
20100715,4536.28
20100716,4553.99
20100719,4642.1
20100720,4748.14
20100721,4780.58
20100722,4826.87
20100723,4826.28
20100726,4867.7
20100727,4862.31
20100728,4964.78
20100729,4987.64
20100730,4983.43
20100802,5071.96
20100803,4980.78
20100804,5005.24
20100805,4998.55
20100806,5098.99
20100809,5136.83
20100810,4977.91
20100811,5009.68
20100812,4953.76
20100813,5021.61
20100816,5135.84
20100817,5162.31
20100818,5167.13
20100819,5181.41
20100820,5107.96
20100823,5144.75
20100824,5206.21
20100825,5083.88
20100826,5097.86
20100827,5115.14
20100830,5211.2
20100831,5200.32
20100901,5164.34
20100902,5216.02
20100903,5214.37
20100906,5270.5
20100907,5289.1
20100908,5285.97
20100909,5220.84
20100910,5267.72
20100913,5325.44
20100914,5313.99
20100915,5227.51
20100916,5121.58
20100917,5114.52
20100920,5063.16
20100921,5082.82
20100927,5174.23
20100928,5112.94
20100929,5077.51
20100930,5154.48
20101008,5272.01
20101011,5417.73
20101012,5440.8
20101013,5478.13
20101014,5438.35
20101015,5564.76
20101018,5625.44
20101019,5668.4
20101020,5623.71
20101021,5622.65
20101022,5605.02
20101025,5726.21
20101026,5714.18
20101027,5670.11
20101028,5662.67
20101029,5649.74
20101101,5768.88
20101102,5783.21
20101103,5739.45
20101104,5823.2
20101105,5907.52
20101108,6009.28
20101109,5953.77
20101110,5906.53
20101111,5903.6
20101112,5572.79
20101115,5667.06
20101116,5474.57
20101117,5376.16
20101118,5410.73
20101119,5475.0
20101122,5479.42
20101123,5364.39
20101124,5453.55
20101125,5523.38
20101126,5478.27
20101129,5485.16
20101130,5355.47
20101201,5393.07
20101202,5422.77
20101203,5407.3
20101206,5385.58
20101207,5421.39
20101208,5393.69
20101209,5333.24
20101210,5375.54
20101213,5510.45
20101214,5529.46
20101215,5514.34
20101216,5491.06
20101217,5491.24
20101220,5413.19
20101221,5490.69
20101222,5446.11
20101223,5397.93
20101224,5365.57
20101227,5260.59
20101228,5162.3
20101229,5191.92
20101230,5187.05
20101231,5267.29
20110104,5332.11
20110105,5321.62
20110106,5308.67
20110107,5347.97
20110110,5278.7
20110111,5321.64
20110112,5355.47
20110113,5358.8
20110114,5307.92
20110117,5145.14
20110118,5159.4
20110119,5241.17
20110120,5112.85
20110121,5190.42
20110124,5176.02
20110125,5166.61
20110126,5218.98
20110127,5275.69
20110128,5275.81
20110131,5339.62
20110201,5326.46
20110209,5296.01
20110210,5364.17
20110211,5399.77
20110214,5524.7
20110215,5506.1
20110216,5545.4
20110217,5555.79
20110218,5520.31
20110221,5593.73
20110222,5453.53
20110223,5478.89
20110224,5502.08
20110225,5497.5
20110228,5561.1
20110301,5580.81
20110302,5569.1
20110303,5566.76
20110304,5641.25
20110307,5707.67
20110308,5727.0
20110309,5736.4
20110310,5672.57
20110311,5632.53
20110314,5647.32
20110315,5575.24
20110316,5626.53
20110317,5563.24
20110318,5573.8
20110321,5562.79
20110322,5581.85
20110323,5648.38
20110324,5628.61
20110325,5684.39
20110328,5687.59
20110329,5647.99
20110330,5647.05
20110331,5593.82
20110401,5653.58
20110406,5710.74
20110407,5721.49
20110408,5757.39
20110411,5746.18
20110412,5815.7
20110413,5868.21
20110414,5861.32
20110415,5886.42
20110418,5924.58
20110419,5843.9
20110420,5862.25
20110421,5916.16
20110422,5907.49
20110425,5840.16
20110426,5766.53
20110427,5737.19
20110428,5632.07
20110429,5714.2
20110503,5791.72
20110504,5697.26
20110505,5724.24
20110506,5717.1
20110509,5741.48
20110510,5773.32
20110511,5749.31
20110512,5676.15
20110513,5713.48
20110516,5670.67
20110517,5653.12
20110518,5686.81
20110519,5659.74
20110520,5636.25
20110523,5449.86
20110524,5447.47
20110525,5387.89
20110526,5364.29
20110527,5310.03
20110530,5294.67
20110531,5368.45
20110601,5368.91
20110602,5285.23
20110603,5332.34
20110607,5358.69
20110608,5363.6
20110609,5270.37
20110610,5297.84
20110613,5274.46
20110614,5325.08
20110615,5293.1
20110616,5189.55
20110617,5149.31
20110620,5105.38
20110621,5152.66
20110622,5138.57
20110623,5207.83
20110624,5316.89
20110627,5330.41
20110628,5324.35
20110629,5269.63
20110630,5324.1
20110701,5333.78
20110704,5430.88
20110705,5430.12
20110706,5421.45
20110707,5404.8
20110708,5418.48
20110711,5436.05
20110712,5345.39
20110713,5409.84
20110714,5423.07
20110715,5441.73
20110718,5438.99
20110719,5394.89
20110720,5397.39
20110721,5352.18
20110722,5356.2
20110725,5194.51
20110726,5206.0
20110727,5236.43
20110728,5193.68
20110729,5206.77
20110801,5213.77
20110802,5165.41
20110803,5165.33
20110804,5178.06
20110805,5065.55
20110808,4837.87
20110809,4828.33
20110810,4874.33
20110811,4952.91
20110812,4998.06
20110815,5061.11
20110816,5019.99
20110817,5007.38
20110818,4930.03
20110819,4886.16
20110822,4862.88
20110823,4935.14
20110824,4917.88
20110825,5051.53
20110826,5047.31
20110829,4985.33
20110830,4969.68
20110831,4972.4
20110901,4955.1
20110902,4898.95
20110905,4821.67
20110906,4802.21
20110907,4899.76
20110908,4867.41
20110909,4866.4
20110913,4822.97
20110914,4852.43
20110915,4842.89
20110916,4842.25
20110919,4767.61
20110920,4789.33
20110921,4894.67
20110922,4777.78
20110923,4751.38
20110926,4675.34
20110927,4709.23
20110928,4652.32
20110929,4603.71
20110930,4602.24
20111010,4589.29
20111011,4614.36
20111012,4747.02
20111013,4785.05
20111014,4770.13
20111017,4777.52
20111018,4667.88
20111019,4666.88
20111020,4582.62
20111021,4580.15
20111024,4682.27
20111025,4748.84
20111026,4775.16
20111027,4802.16
20111028,4869.49
20111031,4863.03
20111101,4865.97
20111102,4931.47
20111103,4929.65
20111104,4957.03
20111107,4934.13
20111108,4920.54
20111109,4948.07
20111110,4872.01
20111111,4867.5
20111114,4952.54
20111115,4952.02
20111116,4836.64
20111117,4825.36
20111118,4740.58
20111121,4755.56
20111122,4763.44
20111123,4745.24
20111124,4755.27
20111125,4722.43
20111128,4735.46
20111129,4780.51
20111130,4631.35
20111201,4715.75
20111202,4657.8
20111205,4603.5
20111206,4599.49
20111207,4615.09
20111208,4621.16
20111209,4611.08
20111212,4578.91
20111213,4506.5
20111214,4480.74
20111215,4414.34
20111216,4489.13
20111219,4476.92
20111220,4464.04
20111221,4420.41
20111222,4397.88
20111223,4434.71
20111226,4428.24
20111227,4375.45
20111228,4357.39
20111229,4353.01
20111230,4397.51
20120104,4339.8
20120105,4294.72
20120106,4326.14
20120109,4443.77
20120110,4554.72
20120111,4526.59
20120112,4525.01
20120113,4445.33
20120116,4389.66
20120117,4564.13
20120118,4492.78
20120119,4554.56
20120120,4606.11
20120130,4532.37
20120131,4538.61
20120201,4496.81
20120202,4574.65
20120203,4613.34
20120206,4612.03
20120207,4531.85
20120208,4630.68
20120209,4640.77
20120210,4650.69
20120213,4648.37
20120214,4634.33
20120215,4691.48
20120216,4683.79
20120217,4677.14
20120220,4677.24
20120221,4699.63
20120222,4760.21
20120223,4777.97
20120224,4852.58
20120227,4888.74
20120228,4912.33
20120229,4839.58
20120301,4849.14
20120302,4926.05
20120305,4892.01
20120306,4824.92
20120307,4803.11
20120308,4845.86
20120309,4883.94
20120312,4871.05
20120313,4913.17
20120314,4763.46
20120315,4723.53
20120316,4802.22
20120319,4818.52
20120320,4748.47
20120321,4752.98
20120322,4754.81
20120323,4690.26
20120326,4684.81
20120327,4682.16
20120328,4557.29
20120329,4500.61
20120330,4530.08
20120405,4612.2
20120406,4613.07
20120409,4573.01
20120410,4614.71
20120411,4623.77
20120412,4703.55
20120413,4718.83
20120416,4729.39
20120417,4677.84
20120418,4765.86
20120419,4754.09
20120420,4813.36
20120423,4796.58
20120424,4798.95
20120425,4851.1
20120426,4823.61
20120427,4800.82
20120502,4874.08
20120503,4865.47
20120504,4889.46
20120507,4898.21
20120508,4880.86
20120509,4797.99
20120510,4801.19
20120511,4775.17
20120514,4760.29
20120515,4760.49
20120516,4705.82
20120517,4779.3
20120518,4738.8
20120521,4729.29
20120522,4777.11
20120523,4760.78
20120524,4722.48
20120525,4689.44
20120528,4748.91
20120529,4791.98
20120530,4784.91
20120531,4765.35
20120601,4772.17
20120604,4643.23
20120605,4657.68
20120606,4648.77
20120607,4633.46
20120608,4623.55
20120611,4676.31
20120612,4646.08
20120613,4718.42
20120614,4691.53
20120615,4719.52
20120618,4740.53
20120619,4708.73
20120620,4704.92
20120621,4661.7
20120625,4603.75
20120626,4599.88
20120627,4587.14
20120628,4549.76
20120629,4590.64
20120702,4600.47
20120703,4606.21
20120704,4607.08
20120705,4551.66
20120706,4608.7
20120709,4516.8
20120710,4499.25
20120711,4523.03
20120712,4535.08
20120713,4531.7
20120716,4438.6
20120717,4464.42
20120718,4484.26
20120719,4512.46
20120720,4483.54
20120723,4431.4
20120724,4443.35
20120725,4414.27
20120726,4397.77
20120727,4399.41
20120730,4380.15
20120731,4376.72
20120801,4417.41
20120802,4397.32
20120803,4435.86
20120806,4474.11
20120807,4481.7
20120808,4477.42
20120809,4504.84
20120810,4502.79
20120813,4438.03
20120814,4445.5
20120815,4401.33
20120816,4393.85
20120817,4393.96
20120820,4374.88
20120821,4401.03
20120822,4382.01
20120823,4390.87
20120824,4348.15
20120827,4278.32
20120828,4320.38
20120829,4290.03
20120830,4287.05
20120831,4280.03
20120903,4294.35
20120904,4247.37
20120905,4241.55
20120906,4267.37
20120907,4403.85
20120910,4410.08
20120911,4383.82
20120912,4388.65
20120913,4359.26
20120914,4380.34
20120917,4285.05
20120918,4254.56
20120919,4266.45
20120920,4180.58
20120921,4184.59
20120924,4181.32
20120925,4175.24
20120926,4123.62
20120927,4216.79
20120928,4275.4
20121008,4247.14
20121009,4332.59
20121010,4349.72
20121011,4318.09
20121012,4322.61
20121015,4305.71
20121016,4304.36
20121017,4315.33
20121018,4369.64
20121019,4360.4
20121022,4368.18
20121023,4347.69
20121024,4366.14
20121025,4351.78
20121026,4266.25
20121029,4261.77
20121030,4263.51
20121031,4277.36
20121101,4337.67
20121102,4363.76
20121105,4366.58
20121106,4347.69
20121107,4348.35
20121108,4279.82
20121109,4276.05
20121112,4301.41
20121113,4242.22
20121114,4254.77
20121115,4200.09
20121116,4172.86
20121119,4188.76
20121120,4180.68
20121121,4221.36
20121122,4193.0
20121123,4216.05
20121126,4196.31
20121127,4140.76
20121128,4100.03
20121129,4091.75
20121130,4128.86
20121203,4083.42
20121204,4118.4
20121205,4226.14
20121206,4224.87
20121207,4291.27
20121210,4331.14
20121211,4304.94
20121212,4312.23
20121213,4275.72
20121214,4446.42
20121217,4464.91
20121218,4460.19
20121219,4463.98
20121220,4475.73
20121221,4456.51
20121224,4469.2
20121225,4579.88
20121226,4595.68
20121227,4566.1
20121228,4607.6
20121231,4666.64
20130104,4682.69
20130107,4704.34
20130108,4693.19
20130109,4687.65
20130110,4703.03
20130111,4613.55
20130114,4746.89
20130115,4783.7
20130116,4739.71
20130117,4707.6
20130118,4776.39
20130121,4812.48
20130122,4784.49
20130123,4787.52
20130124,4734.18
20130125,4717.37
20130128,4820.75
20130129,4833.09
20130130,4882.63
20130131,4882.57
20130201,4930.43
20130204,4950.72
20130205,4988.06
20130206,4975.83
20130207,4949.42
20130208,4987.39
20130218,4990.29
20130219,4921.55
20130220,4954.0
20130221,4818.2
20130222,4797.9
20130225,4834.04
20130226,4750.72
20130227,4771.2
20130228,4869.12
20130301,4878.02
20130304,4726.08
20130305,4823.45
20130306,4875.63
20130307,4830.27
20130308,4828.2
20130311,4812.95
20130312,4745.34
20130313,4699.17
20130314,4708.46
20130315,4742.29
20130318,4679.66
20130319,4709.94
20130320,4819.66
20130321,4842.01
20130322,4861.63
20130325,4866.94
20130326,4819.0
20130327,4828.9
20130328,4708.62
20130329,4722.34
20130401,4724.01
20130402,4707.17
20130403,4703.07
20130408,4674.44
20130409,4698.31
20130410,4685.66
20130411,4668.93
20130412,4638.29
20130415,4585.54
20130416,4615.49
20130417,4600.88
20130418,4612.85
20130419,4706.34
20130422,4702.96
20130423,4583.42
20130424,4643.31
20130425,4608.55
20130426,4569.8
20130502,4569.42
20130503,4636.5
20130506,4680.23
20130507,4691.3
20130508,4705.53
20130509,4679.27
20130510,4714.6
20130513,4705.03
20130514,4654.51
20130515,4674.71
20130516,4724.66
20130517,4784.17
20130520,4817.96
20130521,4843.63
20130522,4819.19
20130523,4764.9
20130524,4786.16
20130527,4795.4
20130528,4855.55
20130529,4863.32
20130530,4860.06
20130531,4842.58
20130603,4856.43
20130604,4792.18
20130605,4799.95
20130606,4748.59
20130607,4677.99
20130613,4557.44
20130614,4582.72
20130617,4574.56
20130618,4588.94
20130619,4559.17
20130620,4438.07
20130621,4419.76
20130624,4211.52
20130625,4190.01
20130626,4184.67
20130627,4177.01
20130628,4216.52
20130701,4249.07
20130702,4271.97
20130703,4246.01
20130704,4288.23
20130705,4291.28
20130708,4167.76
20130709,4189.46
20130710,4281.37
20130711,4424.5
20130712,4356.35
20130715,4387.63
20130716,4412.24
20130717,4373.62
20130718,4327.12
20130719,4259.59
20130722,4283.39
20130723,4366.69
20130724,4351.08
20130725,4332.24
20130726,4318.36
20130729,4250.31
20130730,4291.11
20130731,4297.67
20130801,4365.28
20130802,4366.74
20130805,4408.28
20130806,4444.26
20130807,4414.5
20130808,4408.41
20130809,4422.88
20130812,4521.47
20130813,4535.57
20130814,4522.68
20130815,4500.97
20130816,4467.81
20130819,4502.37
20130820,4473.29
20130821,4484.08
20130822,4475.65
20130823,4468.19
20130826,4578.26
20130827,4627.75
20130828,4656.5
20130829,4666.12
20130830,4741.26
20130902,4723.11
20130903,4763.68
20130904,4804.36
20130905,4795.29
20130906,4872.24
20130909,5010.62
20130910,5123.46
20130911,5141.51
20130912,5166.64
20130913,5110.01
20130916,5096.85
20130917,4960.6
20130918,5001.88
20130923,5080.81
20130924,5093.0
20130925,5090.21
20130926,4953.9
20130927,4943.72
20130930,4975.43
20131008,5034.75
20131009,5066.18
20131010,5023.52
20131011,5132.43
20131014,5192.55
20131015,5203.62
20131016,5092.55
20131017,5088.92
20131018,5102.45
20131021,5184.96
20131022,5152.99
20131023,5072.44
20131024,5042.04
20131025,4963.7
20131028,4967.42
20131029,4910.44
20131030,5007.47
20131031,4972.5
20131101,4989.21
20131104,4996.75
20131105,5018.5
20131106,4982.03
20131107,4957.05
20131108,4901.32
20131111,4908.13
20131112,4945.17
20131113,4845.15
20131114,4872.55
20131115,4950.73
20131118,5071.13
20131119,5081.14
20131120,5115.77
20131121,5115.95
20131122,5087.79
20131125,5083.06
20131126,5078.47
20131127,5114.88
20131128,5164.92
20131129,5157.42
20131202,5088.36
20131203,5164.26
20131204,5257.14
20131205,5262.78
20131206,5255.58
20131209,5262.69
20131210,5278.62
20131211,5198.51
20131212,5198.03
20131213,5182.09
20131216,5113.41
20131217,5097.43
20131218,5086.7
20131219,5049.16
20131220,4944.47
20131223,4959.51
20131224,4982.48
20131225,4999.29
20131226,4924.07
20131227,4985.7
20131230,4971.93
20131231,5018.73
20140102,4993.88
20140103,4928.23
20140106,4829.37
20140107,4821.99
20140108,4808.92
20140109,4751.8
20140110,4707.53
20140113,4715.2
20140114,4766.03
20140115,4746.55
20140116,4753.74
20140117,4696.5
20140120,4686.01
20140121,4732.3
20140122,4829.95
20140123,4807.8
20140124,4835.87
20140127,4796.75
20140128,4807.5
20140129,4830.77
20140130,4793.97
20140207,4819.1
20140210,4917.16
20140211,4945.62
20140212,4976.5
20140213,4958.8
20140214,5010.5
20140217,5056.21
20140218,5043.98
20140219,5086.12
20140220,5071.39
20140221,5005.23
20140224,4941.6
20140225,4845.27
20140226,4861.27
20140227,4869.37
20140228,4890.14
20140303,4938.19
20140304,4919.35
20140305,4887.58
20140306,4896.66
20140307,4876.71
20140310,4729.77
20140311,4748.61
20140312,4747.5
20140313,4805.54
20140314,4775.92
20140317,4814.62
20140318,4817.62
20140319,4820.0
20140320,4760.18
20140321,4891.83
20140324,4955.16
20140325,4947.81
20140326,4932.37
20140327,4906.94
20140328,4899.22
20140331,4896.06
20140401,4936.16
20140402,4981.23
20140403,4921.96
20140404,4952.04
20140408,5031.7
20140409,5033.04
20140410,5094.16
20140411,5102.73
20140414,5099.49
20140415,5015.98
20140416,5032.91
20140417,5018.77
20140418,5012.99
20140421,4933.79
20140422,4945.94
20140423,4947.5
20140424,4930.47
20140425,4875.05
20140428,4811.89
20140429,4855.94
20140430,4861.79
20140505,4866.8
20140506,4864.5
20140507,4833.75
20140508,4853.94
20140509,4865.0
20140512,4996.34
20140513,4977.48
20140514,4957.0
20140515,4904.63
20140516,4918.65
20140519,4876.27
20140520,4879.22
20140521,4923.68
20140522,4904.82
20140523,4930.1
20140526,4947.53
20140527,4928.84
20140528,4957.3
20140529,4921.67
20140530,4927.15
20140603,4930.2
20140604,4885.09
20140605,4929.11
20140606,4901.51
20140609,4901.79
20140610,4946.33
20140611,4952.65
20140612,4936.06
20140613,4979.58
20140616,5013.47
20140617,4968.05
20140618,4948.17
20140619,4874.85
20140620,4896.55
20140623,4896.06
20140624,4921.3
20140625,4909.7
20140626,4939.18
20140627,4948.38
20140630,4974.04
20140701,4982.13
20140702,5004.15
20140703,5031.72
20140704,5030.07
20140707,5032.3
20140708,5048.32
20140709,4992.26
20140710,5005.83
20140711,5037.41
20140714,5097.03
20140715,5114.87
20140716,5144.55
20140717,5131.34
20140718,5160.2
20140721,5151.17
20140722,5212.51
20140723,5232.31
20140724,5298.68
20140725,5367.44
20140728,5492.48
20140729,5496.52
20140730,5464.92
20140731,5532.56
20140801,5499.04
20140804,5607.28
20140805,5611.66
20140806,5624.47
20140807,5535.81
20140808,5545.91
20140811,5623.34
20140812,5604.61
20140813,5615.08
20140814,5567.78
20140815,5612.5
20140818,5646.48
20140819,5650.89
20140820,5645.79
20140821,5613.64
20140822,5639.14
20140825,5602.14
20140826,5534.76
20140827,5539.19
20140828,5500.2
20140829,5561.06
20140901,5599.93
20140902,5677.61
20140903,5729.66
20140904,5777.36
20140905,5816.55
20140909,5823.4
20140910,5806.77
20140911,5783.36
20140912,5841.69
20140915,5867.68
20140916,5775.72
20140917,5825.23
20140918,5854.2
20140919,5874.26
20140922,5770.77
20140923,5817.95
20140924,5898.09
20140925,5900.8
20140926,5919.29
20140929,5952.2
20140930,5976.5
20141008,6017.01
20141009,6032.19
20141010,5985.97
20141013,5967.76
20141014,5954.56
20141015,6019.32
20141016,5992.95
20141017,5960.1
20141020,5996.14
20141021,5947.99
20141022,5911.24
20141023,5829.28
20141024,5817.33
20141027,5794.03
20141028,5934.25
20141029,6031.13
20141030,6131.84
20141031,6226.87
20141103,6272.1
20141104,6328.74
20141105,6299.29
20141106,6302.84
20141107,6257.43
20141110,6435.0
20141111,6385.42
20141112,6463.82
20141113,6447.65
20141114,6417.73
20141117,6410.74
20141118,6342.64
20141119,6323.12
20141120,6322.89
20141121,6421.05
20141124,6548.88
20141125,6653.93
20141126,6727.44
20141127,6779.33
20141128,6937.96
20141201,6996.11
20141202,7211.35
20141203,7249.18
20141204,7522.5
20141205,7497.27
20141208,7779.44
20141209,7458.47
20141210,7767.98
20141211,7828.65
20141212,7843.92
20141215,7891.02
20141216,8040.68
20141217,8107.56
20141218,8078.11
20141219,8357.99
20141222,8532.35
20141223,8176.32
20141224,8031.72
20141225,8345.27
20141226,8549.32
20141229,8589.32
20141230,8540.26
20141231,8693.01
20150105,9059.4
20150106,9055.56
20150107,9066.45
20150108,8803.58
20150109,8732.06
20150112,8509.32
20150113,8528.51
20150114,8487.47
20150115,8767.57
20150116,8834.22
20150119,8068.91
20150120,8198.1
20150121,8559.91
20150122,8587.56
20150123,8574.04
20150126,8672.96
20150127,8609.93
20150128,8517.91
20150129,8446.02
20150130,8321.3
20150202,8102.42
20150203,8274.7
20150204,8214.27
20150205,8103.49
20150206,7905.41
20150209,7917.74
20150210,8070.21
20150211,8082.59
20150212,8121.08
20150213,8214.51
20150216,8254.45
20150217,8330.25
20150225,8306.2
20150226,8527.13
20150227,8522.0
20150302,8607.5
20150303,8415.75
20150304,8449.53
20150305,8341.02
20150306,8346.6
20150309,8512.02
20150310,8495.69
20150311,8511.28
20150312,8671.53
20150313,8735.57
20150316,8932.17
20150317,9037.93
20150318,9234.73
20150319,9251.94
20150320,9298.86
20150323,9466.36
20150324,9504.34
20150325,9481.9
20150326,9525.91
20150327,9577.52
20150330,9798.83
20150331,9673.04
20150401,9842.18
20150402,9996.63
20150403,10162.34
20150407,10452.6
20150408,10411.15
20150409,10203.9
20150410,10416.13
20150413,10756.75
20150414,10869.21
20150415,10599.67
20150416,10851.74
20150417,10940.09
20150420,10682.35
20150421,10985.09
20150422,11266.31
20150423,11287.27
20150424,11203.85
20150427,11386.05
20150428,11094.87
20150429,11221.52
20150430,11168.75
20150504,11383.5
20150505,10934.37
20150506,10701.68
20150507,10429.7
20150508,10707.43
20150511,11048.5
20150512,11180.72
20150513,11228.36
20150514,11254.85
20150515,11060.59
20150518,11115.73
20150519,11461.47
20150520,11542.5
20150521,11843.0
20150522,12095.54
20150525,12522.52
20150526,12815.68
20150527,12978.75
20150528,12251.85
20150529,12365.18
20150601,13095.01
20150602,13470.98
20150603,13527.06
20150604,13561.01
20150605,13784.59
20150608,13914.01
20150609,13840.5
20150610,13980.37
20150611,14164.53
20150612,14397.17
20150615,14331.0
20150616,13856.59
20150617,14022.59
20150618,13609.19
20150619,12747.44
20150623,12987.55
20150624,13325.98
20150625,12809.68
20150626,11829.53
20150629,11495.35
20150630,12129.25
20150701,11605.69
20150702,11081.89
20150703,10475.03
20150706,10644.63
20150707,10172.04
20150708,9575.85
20150709,10276.26
20150710,10944.03
20150713,11488.91
20150714,11310.48
20150715,10722.82
20150716,10956.91
20150717,11394.51
20150720,11354.45
20150721,11437.68
20150722,11449.93
20150723,11721.85
20150724,11509.63
20150727,10568.45
20150728,10545.61
20150729,10947.39
20150730,10665.49
20150731,10715.8
20150803,10820.95
20150804,11193.5
20150805,11036.2
20150806,10968.48
20150807,11155.39
20150810,11585.14
20150811,11640.58
20150812,11557.22
20150813,11722.92
20150814,11812.82
20150817,12033.44
20150818,11182.03
20150819,11437.05
20150820,11109.98
20150821,10581.07
20150824,9665.84
20150825,8980.89
20150826,9068.84
20150827,9558.41
20150828,10017.28
20150831,9825.13
20150901,9585.43
20150902,9639.33
20150907,9474.55
20150908,9794.73
20150909,9979.93
20150910,9822.79
20150911,9874.6
20150914,9578.66
20150915,9284.37
20150916,9738.59
20150917,9509.85
20150918,9530.29
20150921,9672.52
20150922,9744.25
20150923,9568.61
20150924,9643.08
20150925,9505.68
20150928,9562.58
20150929,9401.46
20150930,9453.7
20151008,9756.51
20151009,9856.22
20151012,10156.96
20151013,10171.79
20151014,10021.94
20151015,10219.58
20151016,10319.36
20151019,10311.67
20151020,10377.81
20151021,10040.1
20151022,10181.82
20151023,10369.71
20151026,10396.53
20151027,10373.44
20151028,10255.7
20151029,10330.75
20151030,10309.14
20151102,10188.55
20151103,10176.54
20151104,10569.58
20151105,10693.05
20151106,10845.56
20151109,11030.61
20151110,10982.45
20151111,10994.91
20151112,10919.13
20151113,10775.46
20151116,10880.23
20151117,10880.16
20151118,10809.75
20151119,10954.21
20151120,10982.62
20151123,10926.11
20151124,10953.04
20151125,11052.52
20151126,11058.62
20151127,10514.99
20151130,10609.52
20151201,10679.34
20151202,10985.27
20151203,11131.44
20151204,10978.73
20151207,11024.07
20151208,10755.09
20151209,10803.14
20151210,10771.99
20151211,10720.92
20151214,10943.64
20151215,10917.46
20151216,10927.45
20151217,11109.76
20151218,11135.53
20151221,11473.11
20151222,11484.18
20151223,11465.71
20151224,11406.3
20151225,11442.27
20151228,11143.29
20151229,11256.15
20151230,11274.04
20151231,11194.72
20160104,10470.02
20160105,10491.17
20160106,10769.74
20160107,10097.8
20160108,10371.04
20160111,9809.03
20160112,9802.56
20160113,9641.48
20160114,9833.7
20160115,9497.81
20160118,9515.36
20160119,9791.17
20160120,9641.94
20160121,9418.36
20160122,9532.86
20160125,9620.77
20160126,9057.16
20160127,9035.1
20160128,8820.17
20160129,9061.65
20160201,8942.57
20160202,9103.47
20160203,9051.21
20160204,9168.15
20160205,9116.57
20160215,9063.52
20160216,9328.18
20160217,9407.7
20160218,9418.16
20160219,9400.82
20160222,9616.18
20160223,9568.67
20160224,9613.54
20160225,9059.05
20160226,9187.51
20160229,8987.79
20160301,9157.78
20160302,9543.86
20160303,9589.81
20160304,9682.82
20160307,9778.59
20160308,9755.39
20160309,9605.09
20160310,9457.12
20160311,9474.19
20160314,9613.48
20160315,9653.09
20160316,9698.85
20160317,9781.47
20160318,9890.79
20160321,10022.79
20160322,9966.91
20160323,9974.07
20160324,9831.01
20160325,9888.02
20160328,9877.03
20160329,9773.85
20160330,10020.22
20160331,10046.16
20160401,10060.21
20160405,10163.55
20160406,10154.07
20160407,10020.59
20160408,9944.28
20160411,10094.56
20160412,10080.52
20160413,10217.84
20160414,10268.68
20160415,10246.82
20160418,10094.25
20160419,10102.57
20160420,9933.28
20160421,9901.43
20160422,9949.32
20160425,9949.33
20160426,9991.6
20160427,9970.67
20160428,9948.12
20160429,9958.18
20160503,10135.01
20160504,10101.53
20160505,10099.78
20160506,9838.31
20160509,9653.15
20160510,9675.45
20160511,9764.94
20160512,9791.86
20160513,9752.64
20160516,9813.7
20160517,9773.35
20160518,9671.93
20160519,9643.23
20160520,9686.12
20160523,9736.15
20160524,9674.44
20160525,9662.09
20160526,9668.97
20160527,9679.56
20160530,9697.66
20160531,9969.03
20160601,9941.11
20160602,9963.03
20160603,10061.56
20160606,10051.59
20160607,10070.69
20160608,10025.47
20160613,9790.06
20160614,9839.15
20160615,9977.21
20160616,9936.72
20160617,10013.03
20160620,10016.9
20160621,9987.57
20160622,10065.69
20160623,10019.62
20160624,9924.92
20160627,10043.85
20160628,10066.55
20160629,10101.91
20160630,10132.08
20160701,10153.02
20160704,10325.77
20160705,10359.0
20160706,10432.83
20160707,10430.52
20160708,10389.84
20160711,10475.51
20160712,10718.73
20160713,10741.25
20160714,10698.39
20160715,10732.96
20160718,10739.72
20160719,10660.8
20160720,10646.39
20160721,10699.94
20160722,10583.55
20160725,10617.43
20160726,10771.88
20160727,10682.75
20160728,10810.47
20160729,10789.83
20160801,10692.85
20160802,10731.42
20160803,10739.18
20160804,10736.77
20160805,10725.65
20160808,10821.41
20160809,10901.68
20160810,10848.64
20160811,10831.21
20160812,11006.25
20160815,11248.6
20160816,11166.39
20160817,11161.38
20160818,11117.77
20160819,11098.57
20160822,11055.74
20160823,11073.06
20160824,11052.12
20160825,10993.87
20160826,10986.01
20160829,10962.85
20160830,10982.47
20160831,11012.1
20160901,10943.92
20160902,10983.07
20160905,11022.75
20160906,11096.21
20160907,11114.32
20160908,11108.85
20160909,11043.33
20160912,10886.81
20160913,10877.23
20160914,10795.71
20160919,10877.04
20160920,10862.29
20160921,10871.86
20160922,10942.41
20160923,10926.94
20160926,10777.64
20160927,10835.79
20160928,10800.1
20160929,10855.81
20160930,10885.98
20161010,11044.0
20161011,11079.99
20161012,11040.09
20161013,11036.91
20161014,11046.47
20161017,10967.3
20161018,11104.14
20161019,11092.34
20161020,11094.42
20161021,11166.01
20161024,11307.16
20161025,11325.91
20161026,11273.83
20161027,11230.86
20161028,11217.32
20161031,11204.59
20161101,11249.03
20161102,11159.63
20161103,11236.65
20161104,11218.71
20161107,11246.76
20161108,11287.87
20161109,11210.57
20161110,11343.57
20161111,11405.15
20161114,11460.28
20161115,11435.69
20161116,11424.56
20161117,11469.09
20161118,11393.63
20161121,11489.34
20161122,11576.17
20161123,11615.46
20161124,11669.79
20161125,11767.33
20161128,11845.53
20161129,11985.79
20161130,11840.18
20161201,11972.14
20161202,11891.1
20161205,11719.43
20161206,11687.12
20161207,11718.94
20161208,11717.31
20161209,11815.58
20161212,11618.5
20161213,11601.03
20161214,11564.42
20161215,11404.67
20161216,11418.38
20161219,11433.85
20161220,11346.6
20161221,11473.23
20161222,11497.2
20161223,11400.94
20161226,11429.13
20161227,11408.07
20161228,11375.15
20161229,11376.96
20161230,11431.14
20170103,11552.73
20170104,11632.43
20170105,11676.98
20170106,11661.6
20170109,11734.88
20170110,11699.91
20170111,11619.96
20170112,11561.3
20170113,11582.06
20170116,11647.27
20170117,11675.01
20170118,11742.92
20170119,11708.72
20170120,11776.8
20170123,11801.05
20170124,11861.21
20170125,11875.17
20170126,11895.44
20170203,11817.2
20170206,11859.32
20170207,11859.88
20170208,11887.92
20170209,11929.22
20170210,12014.52
20170213,12092.11
20170214,12111.1
20170215,12111.76
20170216,12168.3
20170217,12074.01
20170220,12295.97
20170221,12316.89
20170222,12392.93
20170223,12316.72
20170224,12290.04
20170227,12191.21
20170228,12235.51
20170301,12248.86
20170302,12183.0
20170303,12159.7
20170306,12200.59
20170307,12234.73
20170308,12209.77
20170309,12119.06
20170310,12125.52
20170313,12228.5
20170314,12230.67
20170315,12264.34
20170316,12294.33
20170317,12178.18
20170320,12267.09
20170321,12359.39
20170322,12306.56
20170323,12320.86
20170324,12407.29
20170327,12405.57
20170328,12371.74
20170329,12369.71
20170330,12325.37
20170331,12409.15
20170405,12537.29
20170406,12578.67
20170407,12624.35
20170410,12642.43
20170411,12681.73
20170412,12686.06
20170413,12732.6
20170414,12628.76
20170417,12591.82
20170418,12535.72
20170419,12477.14
20170420,12528.81
20170421,12567.62
20170424,12492.16
20170425,12510.88
20170426,12549.25
20170427,12557.63
20170428,12489.88
20170502,12409.46
20170503,12339.05
20170504,12343.41
20170505,12305.64
20170508,12256.12
20170509,12256.28
20170510,12179.02
20170511,12267.07
20170512,12361.98
20170515,12425.17
20170516,12532.85
20170517,12469.88
20170518,12436.87
20170519,12483.44
20170522,12502.23
20170523,12567.34
20170524,12569.94
20170525,12712.32
20170526,12742.4
20170531,12784.33
20170601,12809.42
20170602,12812.29
20170605,12743.2
20170606,12774.18
20170607,12898.6
20170608,13009.72
20170609,13076.44
20170612,13044.0
20170613,13082.34
20170614,12982.04
20170615,12942.16
20170616,12884.08
20170619,12950.15
20170620,12924.34
20170621,13012.85
20170622,13037.9
20170623,13093.86
20170626,13193.77
20170627,13216.03
20170628,13184.27
20170629,13259.12
20170630,13278.76
20170703,13279.36
20170704,13233.1
20170705,13288.36
20170706,13303.83
20170707,13344.75
20170710,13333.93
20170711,13354.38
20170712,13300.57
20170713,13404.53
20170714,13472.58
20170717,13340.66
20170718,13330.03
20170719,13494.59
20170720,13575.45
20170721,13565.58
20170724,13637.26
20170725,13597.84
20170726,13573.57
20170727,13635.07
20170728,13620.3
20170731,13653.34
20170801,13737.23
20170802,13688.64
20170803,13634.46
20170804,13595.67
20170807,13604.37
20170808,13595.62
20170809,13548.02
20170810,13500.03
20170811,13321.03
20170814,13378.69
20170815,13419.25
20170816,13404.82
20170817,13473.89
20170818,13491.41
20170821,13538.13
20170822,13535.17
20170823,13528.06
20170824,13490.28
20170825,13695.4
20170828,13798.74
20170829,13799.61
20170830,13769.62
20170831,13716.33
20170901,13741.43
20170904,13770.07
20170905,13782.02
20170906,13751.8
20170907,13684.62
20170908,13684.17
20170911,13714.71
20170912,13736.62
20170913,13717.51
20170914,13671.79
20170915,13656.53
20170918,13701.24
20170919,13653.33
20170920,13683.1
20170921,13654.58
20170922,13644.84
20170925,13609.37
20170926,13604.24
20170927,13600.42
20170928,13590.49
20170929,13624.57
20171009,13734.1
20171010,13816.59
20171011,13863.43
20171012,13831.44
20171013,13837.43
20171016,13763.66
20171017,13745.72
20171018,13811.56
20171019,13792.94
20171020,13838.16
20171023,13837.9
20171024,13888.79
20171025,13888.74
20171026,13853.81
20171027,13888.44
20171030,13772.07
20171031,13754.34
20171101,13697.09
20171102,13645.04
20171103,13595.48
20171106,13614.84
20171107,13688.06
20171108,13744.68
20171109,13759.53
20171110,13750.92
20171113,13752.33
20171114,13677.98
20171115,13596.67
20171116,13570.53
20171117,13585.2
20171120,13621.7
20171121,13712.83
20171122,13795.25
20171123,13556.75
20171124,13571.1
20171127,13467.42
20171128,13440.55
20171129,13413.26
20171130,13363.24
20171201,13386.95
20171204,13354.62
20171205,13378.97
20171206,13349.55
20171207,13266.86
20171208,13280.82
20171211,13353.27
20171212,13227.65
20171213,13288.72
20171214,13252.43
20171215,13190.74
20171218,13167.32
20171219,13243.3
20171220,13191.25
20171221,13211.9
20171222,13202.34
20171225,13118.3
20171226,13195.84
20171227,13121.22
20171228,13130.35
20171229,13202.41
20180102,13340.91
20180103,13414.19
20180104,13436.65
20180105,13490.49
20180108,13542.44
20180109,13509.94
20180110,13533.46
20180111,13551.27
20180112,13558.91
20180115,13489.77
20180116,13632.86
20180117,13703.34
20180118,13814.53
20180119,13882.36
20180122,13940.42
20180123,14072.13
20180124,14174.32
20180125,14126.53
20180126,14188.3
20180129,14065.16
20180130,13975.51
20180131,13865.91
20180201,13726.91
20180202,13755.37
20180205,13957.67
20180206,13593.06
20180207,13420.96
20180208,13275.75
20180209,12783.58
20180212,12863.14
20180213,12953.91
20180214,12947.51
20180222,13174.04
20180223,13211.72
20180226,13348.38
20180227,13227.17
20180228,13148.05
20180301,13200.48
20180302,13173.67
20180305,13168.97
20180306,13315.34
20180307,13275.47
20180308,13348.06
20180309,13411.81
20180312,13476.25
20180313,13400.66
20180314,13312.46
20180315,13284.03
20180316,13241.0
20180319,13240.4
20180320,13269.83
20180321,13232.85
20180322,13188.32
20180323,12714.34
20180326,12727.88
20180327,12855.38
20180328,12753.78
20180329,12882.8
20180330,12906.15
20180402,12885.55
20180403,12770.49
20180404,12733.55
20180409,12710.74
20180410,12867.23
20180411,12926.45
20180412,12835.87
20180413,12775.89
20180416,12608.43
20180417,12491.42
20180418,12573.33
20180419,12604.83
20180420,12401.69
20180423,12376.3
20180424,12565.99
20180425,12539.65
20180426,12372.69
20180427,12458.9
20180502,12474.78
20180503,12576.16
20180504,12570.87
20180507,12695.05
20180508,12735.04
20180509,12723.14
20180510,12785.49
20180511,12723.49
20180514,12729.34
20180515,12792.3
20180516,12778.82
20180517,12759.48
20180518,12824.37
20180521,12927.07
20180522,12934.72
20180523,12865.52
20180524,12818.23
20180525,12784.26
20180528,12748.14
20180529,12693.24
20180530,12425.18
20180531,12602.86
20180601,12519.9
20180604,12529.05
20180605,12588.45
20180606,12571.58
20180607,12485.04
20180608,12307.4
20180611,12244.25
20180612,12316.85
20180613,12233.86
20180614,12219.23
20180615,12172.56
20180618,12172.56
20180619,11617.05
20180620,11681.38
20180621,11561.79
20180622,11640.19
20180625,11566.03
20180626,11510.09
20180627,11448.11
20180628,11397.97
20180629,11574.46
20180702,11378.66
20180703,11475.25
20180704,11427.32
20180705,11302.7
20180706,11312.18
20180709,11517.74
20180710,11541.4
20180711,11362.35
20180712,11584.29
20180713,11578.15
20180716,11523.29
20180717,11496.85
20180718,11580.41
20180719,11551.3
20180720,11769.94
20180723,11903.61
20180724,12063.05
20180725,12008.31
20180726,12026.57
20180727,11978.57
20180730,11984.01
20180731,11994.45
20180801,11822.62
20180802,11621.37
20180803,11578.68
20180806,11478.08
20180807,11746.19
20180808,11645.78
20180809,11784.67
20180810,11719.42
20180813,11664.59
20180814,11651.68
20180815,11464.92
20180816,11399.02
20180817,11293.81
20180820,11369.36
20180821,11462.08
20180822,11379.56
20180823,11411.41
20180824,11459.72
20180827,11614.09
20180828,11618.09
20180829,11556.79
20180830,11480.39
20180831,11446.17
20180903,11431.81
20180904,11526.32
20180905,11396.1
20180906,11337.24
20180907,11356.57
20180910,11270.24
20180911,11266.0
20180912,11250.17
20180913,11365.11
20180914,11371.92
20180917,11280.52
20180918,11438.31
20180919,11507.19
20180920,11500.23
20180921,11717.1
20180925,11675.08
20180926,11710.52
20180927,11679.85
20180928,11773.23
20181008,11479.22
20181009,11444.49
20181010,11488.11
20181011,10850.05
20181012,10867.69
20181015,10695.27
20181016,10581.71
20181017,10675.23
20181018,10474.63
20181019,10703.86
20181022,11131.66
20181023,10942.9
20181024,11026.65
20181025,11099.41
20181026,11120.42
20181029,10992.53
20181030,11117.58
20181031,11196.59
20181101,11207.66
20181102,11421.17
20181105,11416.54
20181106,11429.0
20181107,11365.07
20181108,11326.48
20181109,11242.46
20181112,11437.92
20181113,11621.37
20181114,11552.25
20181115,11690.94
20181116,11797.0
20181119,11878.0
20181120,11614.09
20181121,11638.9
20181122,11638.76
20181123,11315.34
20181126,11325.73
20181127,11324.57
20181128,11432.85
20181129,11274.25
20181130,11361.35
20181203,11610.39
20181204,11674.4
20181205,11580.64
20181206,11422.72
20181207,11460.55
20181210,11353.74
20181211,11379.3
20181212,11413.07
20181213,11551.01
20181214,11400.17
20181217,11463.53
20181218,11430.97
20181219,11373.23
20181220,11355.62
20181221,11303.82
20181224,11372.47
20181225,11308.47
20181226,11362.47
20181227,11266.79
20181228,11338.62
20190102,11198.08
20190103,11191.6
20190104,11399.7
20190107,11496.85
20190108,11512.87
20190109,11545.66
20190110,11501.16
20190111,11547.67
20190114,11500.61
20190115,11586.43
20190116,11588.74
20190117,11564.47
20190118,11655.42
20190121,11673.94
20190122,11583.13
20190123,11615.37
20190124,11655.42
20190125,11669.51
20190128,11655.24
20190129,11632.64
20190130,11549.61
20190131,11580.11
20190201,11735.48
20190211,11881.18
20190212,11965.04
20190213,12123.7
20190214,12099.39
20190215,11972.43
20190218,12235.15
20190219,12237.36
20190220,12246.59
20190221,12214.75
20190222,12434.02
20190225,13014.48
20190226,12962.93
20190227,12933.01
20190228,12863.21
20190301,13019.95
20190304,13172.0
20190305,13331.36
20190306,13566.21
20190307,13683.9
20190308,13040.24
20190311,13348.87
20190312,13498.94
20190313,13327.08
20190314,13129.49
20190315,13321.85
20190318,13614.3
20190319,13581.67
20190320,13607.95
20190321,13668.46
20190322,13746.61
20190325,13602.93
20190326,13361.99
20190327,13467.26
20190328,13274.83
20190329,13625.1
20190401,13989.39
20190402,13985.71
20190403,14216.99
20190404,14391.68
20190408,14437.49
20190409,14388.75
20190410,14452.9
20190411,14254.36
20190412,14282.11
20190415,14188.14
20190416,14405.37
20190417,14479.32
20190418,14346.18
20190419,14411.82
20190422,14180.64
20190423,14077.62
20190424,14096.1
20190425,13737.56
20190426,13569.46
20190429,13498.63
20190430,13658.99
20190506,12988.89
20190507,13090.41
20190508,12944.92
20190509,12794.89
20190510,13142.12
20190513,13057.86
20190514,12972.5
20190515,13178.52
20190516,13275.0
20190517,12961.04
20190520,12824.22
20190521,13002.57
20190522,12947.16
20190523,12792.1
20190524,12798.69
20190527,12968.8
20190528,13036.49
20190529,12999.99
20190530,13018.99
20190531,13032.52
20190603,12986.69
20190604,12912.57
20190605,12877.26
20190606,12748.2
20190610,12839.94
20190611,13151.8
20190612,13056.91
20190613,13043.04
20190614,12903.34
20190617,12933.49
20190618,12943.42
20190619,13052.01
20190620,13241.76
20190621,13279.49
20190624,13284.94
20190625,13183.56
20190626,13164.37
20190627,13199.12
20190628,13134.66
20190701,13311.52
20190702,13327.2
20190703,13346.78
20190704,13349.46
20190705,13358.75
20190708,13089.81
20190709,13049.2
20190710,12995.51
20190711,13000.87
20190712,13072.72
20190715,13121.91
20190716,13126.28
20190717,13105.29
20190718,12996.23
20190719,13091.27
20190722,12980.46
20190723,13044.76
20190724,13117.72
20190725,13145.32
20190726,13185.78
20190729,13199.6
20190730,13252.6
20190731,13206.51
20190801,13135.07
20190802,12973.63
20190805,12797.61
20190806,12562.92
20190807,12565.22
20190808,12642.03
20190809,12571.18
20190812,12687.76
20190813,12619.3
20190814,12656.63
20190815,12650.4
20190816,12654.31
20190819,12867.28
20190820,12837.96
20190821,12807.25
20190822,12791.62
20190823,12798.86
20190826,12699.5
20190827,12838.83
20190828,12833.52
20190829,12789.32
20190830,12710.02
20190902,12850.73
20190903,12857.13
20190904,12977.28
20190905,13052.19
20190906,13086.53
20190909,13142.7
20190910,13120.67
20190911,13130.85
20190912,13180.06
20190916,13197.45
20190917,13001.65
20190918,13018.8
20190919,13052.26
20190920,13043.29
20190923,12900.53
20190924,12919.22
20190925,12807.84
20190926,12793.02
20190927,12761.19
20190930,12711.92
20191008,12787.78
20191009,12864.99
20191010,12924.42
20191011,13005.61
20191014,13151.07
20191015,13100.27
20191016,13052.83
20191017,13007.22
20191018,12867.47
20191021,12884.44
20191022,12914.12
20191023,12879.14
20191024,12907.15
20191025,12945.53
20191028,12971.83
20191029,12891.78
20191030,12853.5
20191031,12791.61
20191101,12881.01
20191104,12911.72
20191105,13000.09
20191106,12971.13
20191107,12995.88
20191108,12918.89
20191111,12669.47
20191112,12688.29
20191113,12602.98
20191114,12581.87
20191115,12497.22
20191118,12591.96
20191119,12684.45
20191120,12609.75
20191121,12614.42
20191122,12606.01
20191125,12810.7
20191126,12774.49
20191127,12730.88
20191128,12689.74
20191129,12695.23
20191202,12696.18
20191203,12729.53
20191204,12695.86
20191205,12723.67
20191206,12742.49
20191209,12805.04
20191210,12780.62
20191211,12826.7
20191212,12794.98
20191213,12947.63
20191216,12999.29
20191217,13116.73
20191218,13077.33
20191219,13116.25
20191220,13086.67
20191223,12918.14
20191224,12973.71
20191225,12943.64
20191226,13030.75
20191227,13057.97
20191230,13189.06
20191231,13252.65
20200102,13405.56
20200103,13428.68
20200106,13396.88
20200107,13454.91
20200108,13306.92
20200109,13376.08
20200110,13345.51
20200113,13373.18
20200114,13371.85
20200115,13254.33
20200116,13180.27
20200117,13164.22
20200120,13187.82
20200121,13001.77
20200122,12987.92
20200123,12669.75
20200203,11607.98
20200204,11821.65
20200205,11921.25
20200206,12048.63
20200207,12021.73
20200210,12125.03
20200211,12178.29
20200212,12229.35
20200213,12142.26
20200214,12194.54
20200217,12421.47
20200218,12379.64
20200219,12344.4
20200220,12494.27
20200221,12502.35
20200224,12402.63
20200225,12254.63
20200226,12347.68
20200227,12372.54
20200228,12082.23
20200302,12475.67
20200303,12502.04
20200304,12608.55
20200305,12765.03
20200306,12656.3
20200309,12411.13
20200310,12572.74
20200311,12444.97
20200312,12245.9
20200313,12075.9
20200316,11881.73
20200317,11847.41
20200318,11672.14
20200319,11505.09
20200320,11655.73
20200323,11403.92
20200324,11632.06
20200325,11813.18
20200326,11732.72
20200327,11810.35
20200330,11765.84
20200331,11733.0
20200401,11639.22
20200402,11760.39
20200403,11708.06
20200407,11878.57
20200408,11864.34
20200409,11878.11
20200410,11798.66
20200413,11780.92
20200414,11877.08
20200415,11816.68
20200416,11839.59
20200417,11861.09
20200420,11869.99
20200421,11783.74
20200422,11827.44
20200423,11824.05
20200424,11743.77
20200427,11822.16
20200428,11742.92
20200429,11898.76
20200430,12029.03
20200506,11999.12
20200507,11975.12
20200508,12049.89
20200511,12050.89
20200512,11997.13
20200513,12013.44
20200514,11900.72
20200515,11895.85
20200518,11944.58
20200519,11995.93
20200520,11960.38
20200521,11909.72
20200522,11754.2
20200525,11814.37
20200526,11863.44
20200527,11918.9
20200528,11939.89
20200529,11891.31
20200601,12090.52
20200602,12128.3
20200603,12113.89
20200604,12090.29
20200605,12094.93
20200608,12135.24
20200609,12192.17
20200610,12157.12
20200611,12072.14
20200612,12089.63
20200615,12033.67
20200616,12179.68
20200617,12213.58
20200618,12321.99
20200619,12345.54
20200622,12267.75
20200623,12217.77
20200624,12259.08
20200629,12180.86
20200630,12276.73
20200701,12491.91
20200702,12817.69
20200703,13108.86
20200706,13973.35
20200707,13941.93
20200708,14126.3
20200709,14270.23
20200710,14001.9
20200713,14210.12
20200714,14046.03
20200715,13769.66
20200716,13401.29
20200717,13335.54
20200720,13820.61
20200721,13751.74
20200722,13724.27
20200723,13595.38
20200724,13218.39
20200727,13176.62
20200728,13252.0
20200729,13440.02
20200730,13445.16
20200731,13468.94
20200803,13721.81
20200804,13766.29
20200805,13649.87
20200806,13646.75
20200807,13538.01
20200810,13710.83
20200811,13610.6
20200812,13659.81
20200813,13731.45
20200814,13794.69
20200817,14087.64
20200818,14096.23
20200819,14053.29
20200820,13886.61
20200821,13981.79
20200824,13986.69
20200825,13919.25
20200826,13766.6
20200827,13791.12
20200828,13957.83
20200831,13902.72
20200901,13936.74
20200902,13887.02
20200903,13846.73
20200904,13744.53
20200907,13602.82
20200908,13761.8
20200909,13614.38
20200910,13531.05
20200911,13509.4
20200914,13534.64
20200915,13515.59
20200916,13543.48
20200917,13518.07
20200918,13792.45
20200921,13725.05
20200922,13527.5
20200923,13493.85
20200924,13260.83
20200925,13234.53
20200928,13279.43
20200929,13289.38
20200930,13212.96
20201009,13409.15
20201012,13634.85
20201013,13621.16
20201014,13550.23
20201015,13583.88
20201016,13701.63
20201019,13621.16
20201020,13598.17
20201021,13620.87
20201022,13598.06
20201023,13585.56
20201026,13515.59
20201027,13459.96
20201028,13423.26
20201029,13383.75
20201030,13222.05
20201102,13235.37
20201103,13407.7
20201104,13418.33
20201105,13567.32
20201106,13622.27
20201109,13812.22
20201110,13779.58
20201111,13878.57
20201112,13793.04
20201113,13647.91
20201116,13891.62
20201117,13906.66
20201118,13956.56
20201119,13933.92
20201120,14002.42
20201123,14226.78
20201124,14195.57
20201125,14063.76
20201126,14116.02
20201127,14251.83
20201130,14162.69
20201201,14359.03
20201202,14382.14
20201203,14251.46
20201204,14176.76
20201207,14001.68
20201208,13920.89
20201209,13856.53
20201210,13879.67
20201211,13775.36
20201214,13630.98
20201215,13607.32
20201216,13575.26
20201217,13739.15
20201218,13857.17
20201221,13876.03
20201222,13539.95
20201223,13569.6
20201224,13484.36
20201225,13627.0
20201228,13555.34
20201229,13469.34
20201230,13508.93
20201231,13562.56
20210104,13580.17
20210105,13502.93
20210106,13573.79
20210107,13599.36
20210108,13651.58
20210111,13410.73
20210112,13546.82
20210113,13653.31
20210114,13699.27
20210115,13730.15
20210118,13780.67
20210119,13802.55
20210120,13768.59
20210121,13784.77
20210122,13575.09
20210125,13454.63
20210126,13413.62
20210127,13454.08
20210128,13290.78
20210129,13175.01
20210201,13247.92
20210202,13174.91
20210203,13115.45
20210204,13067.9
20210205,13136.68
20210208,13238.22
20210209,13325.97
20210210,13403.02
20210218,13749.71
20210219,14010.12
20210222,14216.42
20210223,14153.83
20210224,14002.29
20210225,14201.98
20210226,13921.56
20210301,14091.32
20210302,13983.42
20210303,14376.13
20210304,14399.67
20210305,14244.38
20210308,14253.99
20210309,14240.3
20210310,14096.61
20210311,14451.5
20210312,14648.54
20210315,14810.77
20210316,14872.41
20210317,14719.91
20210318,14715.37
20210319,14611.28
20210322,14805.34
20210323,14640.01
20210324,14507.13
20210325,14443.84
20210326,14540.21
20210329,14663.03
20210330,14651.42
20210331,14738.97
20210401,14778.58
20210402,14669.62
20210406,14692.79
20210407,14826.95
20210408,14764.31
20210409,14794.45
20210412,14882.82
20210413,14717.36
20210414,14721.84
20210415,14702.19
20210416,14855.77
20210419,14835.82
20210420,14805.07
20210421,14738.68
20210422,14785.21
20210423,14740.07
20210426,14623.71
20210427,14605.04
20210428,14640.27
20210429,14705.0
20210430,14555.04
20210506,14737.65
20210507,14846.05
20210510,14974.41
20210511,14971.76
20210512,15021.43
20210513,14851.11
20210514,14877.66
20210517,14827.0
20210518,14915.99
20210519,14730.52
20210520,14572.95
20210521,14580.38
20210524,14588.26
20210525,14729.26
20210526,14798.0
20210527,14814.78
20210528,14800.63
20210531,14797.33
20210601,14787.54
20210602,14773.91
20210603,14887.82
20210604,14830.3
20210607,14765.93
20210608,14787.27
20210609,14875.95
20210610,14903.14
20210611,14953.29
20210615,14820.14
20210616,14819.51
20210617,14780.75
20210618,14725.85
20210621,14704.85
20210622,14799.63
20210623,14839.3
20210624,14898.09
20210625,14966.99
20210628,14960.6
20210629,14882.0
20210630,14904.69
20210701,14951.85
20210702,14894.71
20210705,14904.46
20210706,15011.92
20210707,14936.28
20210708,14783.37
20210709,14807.42
20210712,14754.32
20210713,14822.85
20210714,14715.33
20210715,14746.01
20210716,14742.59
20210719,14658.5
20210720,14615.17
20210721,14598.32
20210722,14683.82
20210723,14601.27
20210726,14318.52
20210727,14074.15
20210728,14040.98
20210729,14017.63
20210730,14044.38
20210802,14140.55
20210803,14138.43
20210804,14132.75
20210805,14142.08
20210806,14167.8
20210809,14330.63
20210810,14386.7
20210811,14498.09
20210812,14464.08
20210813,14444.74
20210816,14565.69
20210817,14418.06
20210818,14583.51
20210819,14451.82
20210820,14476.84
20210823,14507.29
20210824,14607.4
20210825,14691.23
20210826,14671.8
20210827,14689.3
20210830,14662.89
20210831,14878.66
20210901,15076.93
20210902,15271.66
20210903,15378.92
20210906,15553.12
20210907,15771.64
20210908,15993.12
20210909,16256.68
20210910,16103.97
20210913,16324.8
20210914,15968.37
20210915,15955.89
20210916,15783.52
20210917,15758.51
20210922,16016.88
20210923,16252.2
20210924,15965.6
20210927,15595.87
20210928,15904.23
20210929,15640.63
20210930,15672.02
20211008,15820.86
20211011,15765.15
20211012,15557.4
20211013,15405.62
20211014,15325.62
20211015,15232.02
20211018,15334.48
20211019,15365.13
20211020,15333.64
20211021,15378.98
20211022,15256.2
20211025,15239.4
20211026,15123.89
20211027,14975.42
20211028,14834.58
20211029,14875.63
20211101,14955.21
20211102,14683.79
20211103,14790.62
20211104,14816.94
20211105,14659.33
20211108,14645.13
20211109,14644.68
20211110,14645.18
20211111,14929.2
20211112,14917.47
20211115,14991.25
20211116,14903.59
20211117,14912.12
20211118,14846.69
20211119,15001.37
20211122,14942.32
20211123,14984.51
20211124,15044.15
20211125,15073.86
20211126,15000.61
20211129,14954.82
20211130,14945.93
20211201,15119.95
20211202,15189.12
20211203,15353.92
20211206,15328.93
20211207,15491.43
20211208,15542.07
20211209,15647.16
20211210,15515.69
20211213,15521.59
20211214,15432.59
20211215,15474.33
20211216,15602.61
20211217,15591.2
20211220,15679.65
20211221,15962.96
20211222,15896.68
20211223,15828.61
20211224,15800.22
20211227,15940.58
20211228,15875.04
20211229,15836.8
20211230,15949.94
20211231,16176.22
20220104,16511.28
20220105,16441.73
20220106,16579.13
20220107,16672.7
20220110,16816.89
20220111,16865.26
20220112,16751.69
20220113,16649.55
20220114,16444.95
20220117,16523.67
20220118,16623.47
20220119,16714.77
20220120,16663.22
20220121,16473.58
20220124,16395.04
20220125,15881.77
20220126,16000.93
20220127,15781.49
20220128,15762.34
20220207,16126.2
20220208,16496.4
20220209,16645.8
20220210,16788.96
20220211,16669.97
20220214,16457.42
20220215,16420.58
20220216,16531.6
20220217,16385.82
20220218,16664.76
20220221,16717.3
20220222,16495.01
20220223,16447.98
20220224,16118.4
20220225,16140.13
20220228,16100.44
20220301,16211.22
20220302,16330.5
20220303,16557.35
20220304,16441.59
20220307,16351.5
20220308,15893.72
20220309,15659.68
20220310,15917.2
20220311,16070.61
20220314,15866.09
20220315,15097.13
20220316,15495.55
20220317,15660.97
20220318,16019.54
20220321,16101.27
20220322,16299.63
20220323,16286.78
20220324,16274.63
20220325,16277.78
20220328,16489.58
20220329,16452.44
20220330,16784.29
20220331,16875.84
20220401,17097.07
20220406,17410.07
20220407,16967.5
20220408,17086.09
20220411,16800.43
20220412,16956.18
20220413,16750.13
20220414,16925.79
20220415,16865.55
20220418,16721.36
20220419,16869.0
20220420,16542.28
20220421,16228.57
20220422,16360.62
20220425,15678.97
20220426,15484.51
20220427,15613.39
20220428,15741.58
20220429,16089.62
20220505,16259.37
20220506,15904.7
20220509,16109.81
20220510,16294.25
20220511,16241.82
20220512,16216.35
20220513,16443.78
20220516,16455.88
20220517,16250.32
20220518,16159.42
20220519,16273.57
20220520,16336.42
20220523,16302.01
20220524,15860.03
20220525,16152.53
20220526,16310.35
20220527,16356.54
20220530,16351.83
20220531,16354.24
20220601,16320.55
20220602,16233.35
20220606,16197.94
20220607,16258.57
20220608,16234.0
20220609,16225.54
20220610,16341.99
20220613,16142.98
20220614,16386.02
20220615,16568.53
20220616,16365.24
20220617,16378.33
20220620,16388.25
20220621,16411.22
20220622,16242.23
20220623,16445.49
20220624,16466.91
20220627,16459.18
20220628,16615.14
20220629,16496.27
20220630,16525.27
20220701,16519.26
20220704,16523.14
20220705,16486.2
20220706,16289.55
20220707,16300.06
20220708,16344.34
20220711,16319.96
20220712,16376.88
20220713,16402.21
20220714,16221.97
20220715,15896.48
20220718,16209.48
20220719,16290.32
20220720,16353.77
20220721,16202.39
20220722,16219.69
20220725,16150.79
20220726,16258.1
20220727,16244.82
20220728,16283.88
20220729,16219.8
20220801,16199.72
20220802,15802.81
20220803,15657.24
20220804,15746.62
20220805,15901.94
20220808,15937.22
20220809,15896.08
20220810,15906.62
20220811,16165.28
20220812,16226.92
20220815,16164.14
20220816,16196.9
20220817,16305.56
20220818,16169.7
20220819,16162.01
20220822,16215.34
20220823,16248.16
20220824,16057.51
20220825,16255.98
20220826,16230.4
20220829,16263.48
20220830,16346.14
20220831,16259.68
20220901,16283.63
20220902,16340.81
20220905,16477.35
20220906,16574.34
20220907,16529.09
20220908,16528.29
20220909,16626.3
20220913,16591.75
20220914,16466.19
20220915,16449.93
20220916,16038.11
20220919,15982.59
20220920,15966.57
20220921,16071.15
20220922,15949.36
20220923,15946.27
20220926,15608.79
20220927,15818.9
20220928,15692.8
20220929,15549.08
20220930,15599.25
20221010,15567.17
20221011,15622.01
20221012,15815.78
20221013,15759.79
20221014,15948.0
20221017,15989.88
20221018,15985.04
20221019,15835.29
20221020,15783.17
20221021,15781.52
20221024,15490.58
20221025,15443.35
20221026,15518.87
20221027,15582.97
20221028,15243.67
20221031,15150.84
20221101,15401.4
20221102,15455.74
20221103,15385.45
20221104,15613.27
20221107,15684.39
20221108,15665.44
20221109,15659.2
20221110,15712.06
20221111,15922.71
20221114,16018.15
20221115,16143.31
20221116,16097.28
20221117,16170.11
20221118,16107.95
20221121,16015.41
20221122,16122.11
20221123,16179.12
20221124,16178.44
20221125,16401.31
20221128,16335.52
20221129,16703.2
20221130,16728.48
20221201,16660.51
20221202,16667.65
20221205,17060.81
20221206,17052.12
20221207,17028.21
20221208,17030.88
20221209,16901.95
20221212,16725.03
20221213,16824.35
20221214,16769.32
20221215,16616.54
20221216,16800.25
20221219,16464.52
20221220,16306.19
20221221,16325.79
20221222,16263.82
20221223,16198.71
20221226,16131.53
20221227,16294.5
20221228,16296.32
20221229,16153.49
20221230,16301.5
20230103,16360.81
20230104,16505.03
20230105,16554.08
20230106,16497.76
20230109,16518.62
20230110,16425.48
20230111,16442.83
20230112,16407.76
20230113,16632.61
20230116,16775.77
20230117,16757.42
20230118,16792.5
20230119,16878.02
20230120,17004.4
20230130,17005.62
20230131,16966.24
20230201,17088.06
20230202,17041.35
20230203,16920.49
20230206,16836.62
20230207,16916.17
20230208,16841.6
20230209,16979.67
20230210,16997.78
20230213,17137.55
20230214,17252.49
20230215,17225.94
20230216,17123.58
20230217,17064.95
20230220,17420.42
20230221,17573.92
20230222,17562.41
20230223,17586.16
20230224,17521.63
20230227,17437.0
20230228,17556.18
20230301,17708.04
20230302,17822.8
20230303,17968.59
20230306,17902.95
20230307,17769.9
20230308,17772.41
20230309,17727.15
20230310,17422.01
20230313,17615.08
20230314,17480.66
20230315,17718.03
20230316,17630.84
20230317,17827.77
20230320,17811.36
20230321,17793.22
20230322,17919.22
20230323,17982.88
20230324,17886.67
20230327,17723.27
20230328,17739.23
20230329,17641.98
20230330,17696.92
20230331,17758.37
20230403,17877.15
20230404,18031.97
20230406,17964.91
20230407,17946.13
20230410,17938.32
20230411,18056.13
20230412,18289.97
20230413,18295.0
20230414,18254.38
20230417,18472.7
20230418,18557.74
20230419,18552.03
20230420,18689.32
20230421,18435.63
20230424,18501.52
20230425,18612.35
20230426,18532.91
20230427,18631.2
20230428,18935.64
20230504,19424.11
20230505,19455.84
20230508,19865.71
20230509,19706.25
20230510,19313.79
20230511,19307.71
20230512,19181.94
20230515,19170.26
20230516,19018.96
20230517,18980.82
20230518,19096.14
20230519,18831.66
20230522,18782.45
20230523,18505.05
20230524,18228.24
20230525,18225.42
20230526,18391.45
20230529,18592.77
20230530,18614.06
20230531,18567.83
20230601,18575.2
20230602,18601.45
20230605,18716.49
20230606,18529.77
20230607,18719.93
20230608,18895.28
20230609,18899.0
20230612,18760.46
20230613,18715.58
20230614,18614.48
20230615,18644.7
20230616,18639.58
20230619,18423.18
20230620,18302.37
20230621,18176.4
20230626,17922.29
20230627,18221.67
20230628,18294.3
20230629,18284.46
20230630,18390.19
20230703,18596.34
20230704,18506.79
20230705,18483.33
20230706,18395.51
20230707,18492.01
20230710,18548.73
20230711,18624.28
20230712,18498.85
20230713,18704.83
20230714,18726.92
20230717,18720.44
20230718,18734.69
20230719,18841.37
20230720,18762.05
20230721,18823.85
20230724,18864.29
20230725,19146.19
20230726,19210.65
20230727,19285.57
20230728,19685.45
20230731,19856.71
20230801,19897.49
20230802,19783.47
20230803,19885.63
20230804,19879.84
20230807,19700.87
20230808,19671.14
20230809,19621.51
20230810,19668.6
20230811,19332.09
20230814,19317.27
20230815,19446.78
20230816,19464.33
20230817,19454.91
20230818,19374.34
20230821,19173.42
20230822,19267.95
20230823,19161.85
20230824,19026.68
20230825,19127.78
20230828,19394.02
20230829,19320.49
20230830,19121.49
20230831,18996.35
20230901,19175.21
20230904,19483.65
20230905,19309.32
20230906,19218.77
20230907,19087.64
20230908,18924.51
20230911,19093.97
20230912,19101.75
20230913,19065.65
20230914,19193.71
20230915,19169.87
20230918,19194.91
20230919,19288.53
20230920,19304.44
20230921,19151.23
20230922,19247.02
20230925,19207.28
20230926,19107.92
20230927,19032.62
20230928,19054.75
20231009,18989.33
20231010,18832.2
20231011,18762.29
20231012,19004.85
20231013,18945.52
20231016,18968.08
20231017,19023.14
20231018,18843.99
20231019,18528.96
20231020,18472.48
20231023,18161.65
20231024,18276.49
20231025,18532.18
20231026,18608.86
20231027,18745.42
20231030,18634.92
20231031,18653.03
20231101,18646.64
20231102,18640.76
20231103,18590.99
20231106,18604.27
20231107,18589.44
20231108,18491.52
20231109,18551.24
20231110,18515.66
20231113,18556.13
20231114,18618.1
20231115,18744.1
20231116,18732.59
20231117,18724.23
20231120,18780.61
20231121,18816.84
20231122,18735.59
20231123,18907.24
20231124,18973.3
20231127,18876.26
20231128,18933.86
20231129,18788.34
20231130,18825.79
20231201,18887.39
20231204,18879.55
20231205,18700.23
20231206,18722.54
20231207,18652.82
20231208,18615.87
20231211,18753.59
20231212,18823.35
20231213,18724.84
20231214,18677.44
20231215,18542.84
20231218,18464.26
20231219,18437.11
20231220,18351.9
20231221,18340.43
20231222,18324.16
20231225,18284.26
20231226,18267.82
20231227,18343.51
20231228,18418.46
20231229,18463.33
20240102,18615.58
20240103,18768.5
20240104,18803.3
20240105,18819.66
20240108,18577.26
20240109,18675.02
20240110,18603.02
20240111,18599.49
20240112,18672.1
20240115,18722.6
20240116,18792.07
20240117,18539.36
20240118,18379.02
20240119,18280.78
20240122,17660.91
20240123,17818.27
20240124,18243.83
20240125,18729.6
20240126,18935.67
20240129,18895.56
20240130,18610.91
20240131,18417.81
20240201,18234.05
20240202,18073.23
20240205,17866.01
20240206,18472.93
20240207,18921.42
20240208,19035.77
20240219,19160.17
20240220,19305.03
20240221,19353.04
20240222,19480.99
20240223,19476.93
20240226,19162.41
20240227,19279.65
20240228,19119.76
20240229,19370.23
20240301,19352.32
20240304,19336.88
20240305,19400.14
20240306,19376.67
20240307,19413.51
20240308,19517.97
20240311,19492.46
20240312,19283.11
20240313,19197.74
20240314,19202.38
20240315,19354.16
20240318,19393.52
20240319,19268.13
20240320,19311.98
20240321,19316.64
20240322,19122.84
20240325,19086.39
20240326,19152.06
20240327,18978.68
20240328,18987.23
20240329,19187.34
20240401,19401.11
20240402,19539.31
20240403,19643.28
20240408,19606.03
20240409,19662.45
20240410,19647.11
20240411,19767.55
20240412,19680.78
20240415,19912.26
20240416,19677.2
20240417,20080.85
20240418,20123.87
20240419,20285.31
20240422,19998.4
20240423,19716.29
20240424,19754.17
20240425,19892.88
20240426,19836.15
20240429,19906.33
20240430,19919.32
20240506,20212.39
20240507,20145.2
20240508,20037.65
20240509,20246.65
20240510,20316.03
20240513,20408.85
20240514,20342.27
20240515,20264.83
20240516,20294.11
20240517,20519.24
20240520,20579.53
20240521,20564.84
20240522,20589.88
20240523,20290.92
20240524,20291.16
20240527,20513.28
20240528,20364.23
20240529,20379.36
20240530,20289.91
20240531,20237.8
20240603,19992.81
20240604,20143.18
20240605,19862.97
20240606,19755.25
20240607,19984.64
20240611,19696.96
20240612,19716.03
20240613,19469.1
20240614,19581.82
20240617,19413.26
20240618,19515.49
20240619,19424.25
20240620,19282.12
20240621,19304.91
20240624,19093.46
20240625,19186.23
20240626,19301.03
20240627,19209.53
20240628,19309.68
20240701,19615.61
20240702,19675.12
20240703,19618.22
20240704,19452.74
20240705,19383.37
20240708,19225.31
20240709,19426.87
20240710,19242.6
20240711,19402.54
20240712,19458.0
20240715,19542.39
20240716,19469.82
20240717,19511.98
20240718,19574.57
20240719,19481.87
20240722,19284.36
20240723,19098.26
20240724,19088.21
20240725,19094.97
20240726,19110.79
20240729,19147.71
20240730,19114.92
20240731,19382.75
20240801,19350.98
20240802,19283.99
20240805,19115.04
20240806,19114.88
20240807,19111.33
20240808,19233.95
20240809,19185.56
20240812,19147.33
20240813,19206.13
20240814,19058.19
20240815,19227.71
20240816,19183.92
20240819,19346.71
20240820,19154.97
20240821,18998.76
20240822,18967.81
20240823,19009.11
20240826,19035.82
20240827,18996.19
20240828,18901.02
20240829,18654.18
20240830,18703.08
20240902,18632.82
20240903,18566.06
20240904,18461.37
20240905,18497.48
20240906,18373.92
20240909,18129.8
20240910,18101.37
20240911,17806.33
20240912,17817.8
20240913,17789.06
20240918,17956.17
20240919,18044.07
20240920,18011.31
20240923,18137.16
20240924,18852.79
20240925,19180.82
20240926,19932.98
20240927,20263.2
20240930,21652.12
20241008,22141.89
20241009,20489.4
20241010,21048.35
20241011,20700.87
20241014,21246.96
20241015,20754.16
20241016,21080.27
20241017,20720.42
20241018,20952.13
20241021,20798.18
20241022,20944.61
20241023,21040.23
20241024,20911.8
20241025,20982.43
20241028,21134.3
20241029,20808.62
20241030,20684.29
20241031,20726.69
20241101,20824.89
20241104,21049.91
20241105,21407.15
20241106,21354.2
20241107,21941.34
20241108,21634.22
20241111,21516.98
20241112,21397.38
20241113,21479.9
20241114,21190.57
20241115,21053.83
20241118,21359.84
20241119,21387.6
20241120,21436.43
20241121,21447.71
20241122,20834.98
20241125,20890.75
20241126,20884.7
20241127,21095.76
20241128,21077.87
20241129,21212.83
20241202,21374.2
20241203,21565.63
20241204,21520.34
20241205,21494.5
20241206,21768.98
20241209,21780.54
20241210,21799.1
20241211,21908.05
20241212,22109.51
20241213,21674.09
20241216,21872.29
20241217,21804.53
20241218,21903.04
20241219,21722.81
20241220,21563.16
20241223,21590.01
20241224,21830.58
20241225,21954.98
20241226,21817.56
20241227,21938.56
20241230,22041.82
20241231,21904.19
20250102,21423.61
20250103,21251.82
20250106,21353.11
20250107,21261.85
20250108,21287.2
20250109,20990.26
20250110,20739.57
20250113,20564.09
20250114,20875.28
20250115,20875.7
20250116,21007.99
20250117,21004.95
20250120,20950.2
20250121,20815.71
20250122,20635.69
20250123,20831.78
20250124,20959.82
20250127,21223.1
20250205,20833.2
20250206,20855.39
20250207,20987.96
20250210,20980.43
20250211,21115.18
20250212,21109.63
20250213,21111.29
20250214,21130.99
20250217,21130.29
20250218,21105.29
20250219,21091.89
20250220,20992.2
20250221,20914.73
20250224,20951.37
20250225,20766.85
20250226,20959.69
20250227,21117.04
20250228,20984.94
20250303,20971.0
20250304,21003.03
20250305,21082.64
20250306,21050.77
20250307,21066.64
20250310,21028.87
20250311,21186.64
20250312,21057.34
20250313,21110.15
20250314,21302.38
20250317,21386.38
20250318,21353.0
20250319,21390.8
20250320,21309.0
20250321,21294.79
20250324,21394.31
20250325,21558.45
20250326,21545.37
20250327,21539.36
20250328,21428.79
20250331,21366.23
20250401,21539.77
20250402,21568.93
20250403,21659.89
20250407,20310.71
20250408,20887.47
20250409,20926.01
20250410,21048.03
20250411,20932.38
20250414,21024.89
20250415,21141.99
20250416,21267.4
20250417,21263.55
20250418,21290.27
20250421,21204.75
20250422,21376.57
20250423,21248.68
20250424,21421.99
20250425,21404.36
20250428,21416.69
20250429,21337.76
20250430,21171.67
20250506,21216.06
20250507,21391.19
20250508,21421.56
20250509,21549.94
20250512,21594.27
20250513,21741.78
20250514,21860.51
20250515,21805.59
20250516,21659.53
20250519,21739.83
20250520,21781.71
20250521,21910.79
20250522,21896.96
20250523,21735.29
20250526,21595.01
20250527,21641.23
20250528,21711.93
20250529,21713.8
20250530,21765.15
20250603,21833.9
20250604,21911.87
20250605,21795.57
20250606,21840.71
20250609,21892.67
20250610,21926.79
20250611,21989.65
20250612,21989.79
20250613,21829.97
20250616,21828.82
20250617,21847.08
20250618,21821.64
20250619,21692.93
20250620,21795.37
20250623,21799.02
20250624,21890.29
20250625,22018.69
20250626,22044.52
20250627,21930.31
20250630,21876.99
20250701,22025.56
20250702,22180.52
20250703,22180.45
20250704,22319.6
20250707,22438.88
20250708,22464.07
20250709,22575.68
20250710,22754.07
20250711,22654.86
20250714,22793.49
20250715,22560.02
20250716,22557.95
20250717,22544.25
20250718,22669.5
20250721,22908.57
20250722,23243.12
20250723,23118.93
20250724,23157.88
20250725,22974.58
20250728,22816.71
20250729,22758.11
20250730,22841.58
20250731,22462.62
20250801,22472.05
20250804,22548.02
20250805,22724.16
20250806,22718.77
20250807,22746.42
20250808,22802.03
20250811,22744.82
20250812,22810.63
20250813,22742.33
20250814,22625.9
20250815,22692.09
20250818,22758.07
20250819,22777.64
20250820,22955.88
20250821,23112.91
20250822,23080.4
20250825,23309.74
20250826,23289.78
20250827,22870.07
20250828,22872.33
20250829,22838.07
20250901,22840.28
20250902,22872.78
20250903,22665.91
20250904,22678.26
20250905,22760.43
20250908,22875.33
20250909,22927.86
20250910,22818.81
20250911,22935.4
20250912,22840.64
20250915,22753.3
20250916,22699.99
20250917,22776.23
20250918,22404.06
20250919,22479.4
20250922,22352.34
20250923,22397.83
20250924,22498.28
20250925,22398.78
20250926,22461.38
20250929,22516.61
20250930,22428.26
20251009,22695.53
20251010,22904.9
20251013,22785.02
20251014,23012.89
20251015,23053.19
20251016,23093.69
20251017,22954.2
20251020,23023.94
20251021,23138.59
20251022,23214.67
20251023,23361.59
20251024,23202.12
20251027,23272.33
20251028,23159.35
20251029,23141.59
20251030,23138.86
20251031,23136.12
20251103,23353.57
20251104,23421.43
20251105,23465.04
20251106,23590.64
20251107,23697.71
20251110,23916.36
20251111,23935.95
20251112,24016.98
20251113,24033.72
20251114,23905.79
20251117,23750.98
20251118,23540.16
20251119,23578.16
20251120,23600.33
20251121,23193.62
20251124,23103.04
20251125,23220.29
20251126,23163.21
20251127,23183.15
20251128,23205.93
20251201,23382.73
20251202,23456.3
20251203,23486.45
20251204,23402.16
20251205,23396.92
20251208,23306.38
20251209,23179.77
20251210,23114.19
20251211,22947.09
20251212,22910.23
20251215,22954.1
20251216,22844.79
20251217,22871.53
20251218,23009.45
20251219,23004.44
20251222,22895.08
20251223,22882.62
20251224,22933.05
20251225,23020.94
20251226,23043.12
20251229,22891.99
20251230,22803.67
20251231,22773.02
20260105,22815.5
20260106,22958.55
20260107,22876.37
20260108,22777.68
20260109,22850.69
20260112,22921.72
20260113,22892.36
20260114,22715.6
20260115,22676.9
20260116,22485.41
20260119,22592.48
20260120,22888.07
20260121,22740.97
20260122,22824.58
20260123,22829.98
20260126,22944.15
20260127,22790.17
20260128,22922.99
20260129,23322.36
20260130,23152.89
20260202,22812.91
20260203,22882.36
20260204,23235.57
20260205,23300.05
20260206,23242.45
20260209,23374.01
20260210,23389.67
20260211,23415.67
20260212,23281.04
20260213,23030.6
20260224,23272.56
20260225,23279.26
20260226,23246.63
20260227,23370.01
20260302,23564.99
20260303,23596.31
20260304,23270.92
20260305,23276.06
20260306,23451.67
20260309,23444.29
20260310,23438.56
20260311,23685.38
20260312,23813.36
20260313,23768.65
20260316,23754.17
20260317,23759.75
20260318,23654.09
20260319,23604.16
20260320,23512.19
20260323,22716.44
20260324,23131.73
20260325,23349.5
20260326,23345.04
20260327,23272.95
20260330,23373.57
20260331,23308.46
20260401,23326.28
20260402,23394.0
20260403,23030.83
20260407,22995.61
20260408,23193.09
20260409,22996.65
20260410,22986.61
20260413,22890.73
20260414,22955.2
20260415,23101.91
20260416,23102.56
20260417,22981.35
20260420,23005.66
20260421,23180.59
20260422,23115.28
20260423,23288.75
20260424,23194.9
20260427,23051.95
20260428,23209.71
20260429,23301.16
20260430,23192.39
20260506,23174.04
20260507,23096.57
20260508,23114.55
20260511,23207.14
20260512,23170.0
20260513,23152.1
20260514,23026.04
20260515,22901.89
20260518,22770.33
20260519,22982.62
20260520,22823.53
20260521,22658.01
20260522,22562.82
20260525,22638.94
20260526,22645.56
20260527,22589.6
20260528,22430.85
20260529,22863.02
20260601,23237.27
20260602,23131.5
20260603,22949.78
20260604,22697.08
20260605,22747.92
20260608,22579.48
20260609,22528.75
20260610,22583.23
20260611,22434.44
20260612,22681.93
20260615,22582.84
20260616,22249.65
20260617,22110.52
20260618,21688.33
20260622,21751.01
20260623,21773.28
20260624,21345.98
20260625,21163.7
20260626,20896.17
20260629,21193.67
20260630,20810.81
20260701,21120.47
20260702,21365.6
20260703,21491.43
20260706,21817.25
20260707,21542.78
20260708,21740.39
20260709,21523.09
20260710,21623.45
20260713,21835.34
20260714,22039.37
20260715,22385.47
20260716,22399.3
20260717,22347.64
20260720,22865.66
20260721,22646.1
20260722,22705.79
20260723,22784.64
20260724,22545.18
20260727,22635.46
20260728,22791.93
20260729,23115.69
20260730,23481.63
20260731,23357.28
20260803,23431.26
20260804,22975.64
20260805,22706.54
20260806,22632.02
20260807,22510.0
