报告期,营收累计_百万元,GAAP归母累计_百万元,毛利累计_百万元,基本EPS累计_人民币,年份,季度,营收单季_百万元,GAAP归母单季_百万元,毛利单季_百万元,基本EPS单季_人民币,披露日,官方URL,GAAP归母TTM_百万元,基本EPS_TTM_人民币,NonIFRS归母单季_百万元,NonIFRS归母TTM_百万元
2015-12-31,102863.000000,28806.000000,61232.000000,3.097000,2015,4,30441.000000,7164.000000,17780.000000,0.769000,2016-03-17,https://static.www.tencent.com/storage/uploads/2019/11/09/06e38b72d8b77f9d1088d59a8160e85d.pdf,,,,
2016-03-31,31995.000000,9183.000000,18589.000000,0.981000,2016,1,31995.000000,9183.000000,18589.000000,0.981000,2016-05-18,https://static.www.tencent.com/storage/uploads/2019/11/09/4a09e966961abfa6b72202f5f9e7791c.pdf,,,,
2016-06-30,67686.000000,19920.000000,39045.000000,2.128000,2016,2,35691.000000,10737.000000,20456.000000,1.147000,2016-08-17,https://static.www.tencent.com/storage/uploads/2019/11/09/1dd19947d4ef01d1dfa38e6833a70916.pdf,,,,
2016-09-30,108074.000000,30566.000000,60873.000000,3.263000,2016,3,40388.000000,10646.000000,21828.000000,1.135000,2016-11-16,https://static.www.tencent.com/storage/uploads/2019/11/09/38adea14212ad3eee2d88fc6e051274a.pdf,37730.000000,4.032000,,
2016-12-31,151938.000000,41095.000000,84499.000000,4.383000,2016,4,43864.000000,10529.000000,23626.000000,1.120000,2017-03-22,https://static.www.tencent.com/storage/uploads/2019/11/09/3d55d78a578884f2d86500c1079bfab9.pdf,41095.000000,4.383000,,
2017-03-31,49552.000000,14476.000000,25443.000000,1.540000,2017,1,49552.000000,14476.000000,25443.000000,1.540000,2017-05-17,https://static.www.tencent.com/storage/uploads/2019/11/09/b3a0fac09c74a5291c28968dc58017a9.pdf,46388.000000,4.942000,,
2017-06-30,106158.000000,32707.000000,53749.000000,3.480000,2017,2,56606.000000,18231.000000,28306.000000,1.940000,2017-08-16,https://static.www.tencent.com/storage/uploads/2019/11/09/bfb827aa2e0964ee26ec57530f62040a.pdf,53882.000000,5.735000,,
2017-09-30,171368.000000,50713.000000,85430.000000,5.391000,2017,3,65210.000000,18006.000000,31681.000000,1.911000,2017-11-15,https://static.www.tencent.com/storage/uploads/2019/11/09/e4113369976d7623501b97da19d1fd52.pdf,61242.000000,6.511000,,
2017-12-31,237760.000000,71510.000000,116925.000000,7.598000,2017,4,66392.000000,20797.000000,31495.000000,2.207000,2018-03-21,https://static.www.tencent.com/storage/uploads/2019/11/09/06bc86c6e61c63aafcb129347819d0d4.pdf,71510.000000,7.598000,,
2018-03-31,73528.000000,23290.000000,37042.000000,2.470000,2018,1,73528.000000,23290.000000,37042.000000,2.470000,2018-05-16,https://static.www.tencent.com/storage/uploads/2019/11/09/3e68a59c9f2568245fd0532efa0d7f78.pdf,80324.000000,8.528000,,
2018-06-30,147203.000000,41157.000000,71488.000000,4.363000,2018,2,73675.000000,17867.000000,34446.000000,1.893000,2018-08-15,https://static.www.tencent.com/storage/uploads/2019/11/09/cb5b5b762f655737be7c6712ac060175.pdf,79960.000000,8.481000,,
2018-09-30,227798.000000,64490.000000,106968.000000,6.832000,2018,3,80595.000000,23333.000000,35480.000000,2.469000,2018-11-14,https://static.www.tencent.com/storage/uploads/2019/11/09/64dc64f73f12bdc40bdf5c74861a3b72.pdf,85287.000000,9.039000,,
2018-12-31,312694.000000,78719.000000,142120.000000,8.336000,2018,4,84896.000000,14229.000000,35152.000000,1.504000,2019-03-21,https://static.www.tencent.com/storage/uploads/2019/11/09/07a7fcd8a2494c502a6edd21d4b8eb66.pdf,78719.000000,8.336000,,
2019-03-31,85465.000000,27210.000000,39820.000000,2.877000,2019,1,85465.000000,27210.000000,39820.000000,2.877000,2019-05-15,https://static.www.tencent.com/storage/uploads/2019/11/09/996a00a688b56c13c220845ed6f63be9.pdf,82639.000000,8.743000,,
2019-06-30,174286.000000,51346.000000,78946.000000,5.427000,2019,2,88821.000000,24136.000000,39126.000000,2.550000,2019-08-14,https://static.www.tencent.com/storage/uploads/2019/11/09/77248c95e2a3295269c2875c8c908f86.pdf,88908.000000,9.400000,,
2019-09-30,271522.000000,71728.000000,121425.000000,7.578000,2019,3,97236.000000,20382.000000,42479.000000,2.151000,2019-11-13,https://static.www.tencent.com/uploads/2019/11/13/8b98062831f2f28d9cb4616222a4d3c3.pdf,85957.000000,9.082000,,
2019-12-31,377289.000000,93310.000000,167533.000000,9.856000,2019,4,105767.000000,21582.000000,46108.000000,2.278000,2020-03-18,https://static.www.tencent.com/uploads/2020/03/18/7fceaf3d1b264debc61342fc1a27dd18.pdf,93310.000000,9.856000,,
2020-03-31,108065.000000,28896.000000,52794.000000,3.049000,2020,1,108065.000000,28896.000000,52794.000000,3.049000,2020-05-13,https://static.www.tencent.com/uploads/2020/05/18/13009f73ecab16501df9062e43e47e67.pdf,94996.000000,10.028000,27079.000000,
2020-06-30,222948.000000,62003.000000,106004.000000,6.541000,2020,2,114883.000000,33107.000000,53210.000000,3.492000,2020-08-12,https://static.www.tencent.com/uploads/2020/08/12/00e999c23314aa085c0b48c533d4d393.pdf,103967.000000,10.970000,30153.000000,
2020-09-30,348395.000000,100545.000000,162651.000000,10.601000,2020,3,125447.000000,38542.000000,56647.000000,4.060000,2020-11-12,https://static.www.tencent.com/uploads/2020/11/12/4c2090d5f6f00fd90ddc9bbd9a1415d1.pdf,122127.000000,12.879000,32303.000000,
2020-12-31,482064.000000,159847.000000,221532.000000,16.844000,2020,4,133669.000000,59302.000000,58881.000000,6.243000,2021-03-24,https://static.www.tencent.com/uploads/2021/03/24/b83f5784d0579b51cf8515cf560b4256.pdf,159847.000000,16.844000,33207.000000,122742.000000
2021-03-31,135303.000000,47767.000000,62635.000000,5.020000,2021,1,135303.000000,47767.000000,62635.000000,5.020000,2021-05-20,https://static.www.tencent.com/uploads/2021/05/20/269facaab659f690ab4e262b4c0bd01d.pdf,178718.000000,18.815000,33118.000000,128781.000000
2021-06-30,273562.000000,90354.000000,125380.000000,9.492000,2021,2,138259.000000,42587.000000,62745.000000,4.472000,2021-08-18,https://static.www.tencent.com/uploads/2021/08/18/236f212d95d7402bacdbdf904a6b2b65.pdf,188198.000000,19.795000,34039.000000,132667.000000
2021-09-30,415930.000000,129864.000000,188127.000000,13.634000,2021,3,142368.000000,39510.000000,62747.000000,4.142000,2021-11-10,https://static.www.tencent.com/uploads/2021/11/10/57d32da50c1d7abe221d7f9ca9ec3dcb.pdf,189166.000000,19.877000,31751.000000,132115.000000
2021-12-31,560118.000000,224822.000000,245944.000000,23.597000,2021,4,144188.000000,94958.000000,57817.000000,9.963000,2022-03-23,https://static.www.tencent.com/uploads/2022/03/23/b107f5a267bf6a7d00fd8373cd841558.pdf,224822.000000,23.597000,24880.000000,123788.000000
2022-03-31,135471.000000,23413.000000,57074.000000,2.455000,2022,1,135471.000000,23413.000000,57074.000000,2.455000,2022-05-18,https://static.www.tencent.com/uploads/2022/05/18/f403326038a641b20465a17eff3567ce.pdf,200468.000000,21.032000,25545.000000,116215.000000
2022-06-30,269505.000000,42032.000000,114941.000000,4.407000,2022,2,134034.000000,18619.000000,57867.000000,1.952000,2022-08-17,https://static.www.tencent.com/uploads/2022/08/17/a1a39b69021bb7e4bf7f8dd238070079.pdf,176500.000000,18.512000,28139.000000,110315.000000
2022-09-30,409598.000000,81975.000000,176924.000000,8.595000,2022,3,140093.000000,39943.000000,61983.000000,4.188000,2022-11-16,https://static.www.tencent.com/uploads/2022/11/16/33aad36dea97848eb75aa988d785e9f8.pdf,176933.000000,18.558000,32254.000000,110818.000000
2022-12-31,554552.000000,188243.000000,238746.000000,19.757000,2022,4,144954.000000,106268.000000,61822.000000,11.162000,2023-03-22,https://static.www.tencent.com/uploads/2023/03/22/3b5431187fdc8a053d9fee3a4c031aa6.pdf,188243.000000,19.757000,29711.000000,115649.000000
2023-03-31,149986.000000,25838.000000,68182.000000,2.725000,2023,1,149986.000000,25838.000000,68182.000000,2.725000,2023-05-17,https://static.www.tencent.com/uploads/2023/05/17/7b07c1a2b0befc1a89a6fc4219ed6cae.pdf,190668.000000,20.027000,32538.000000,122642.000000
2023-06-30,299194.000000,52009.000000,139022.000000,5.486000,2023,2,149208.000000,26171.000000,70840.000000,2.761000,2023-08-16,https://static.www.tencent.com/uploads/2023/08/16/f283f2dfd05151ae7659e7a8e3d667ef.pdf,198220.000000,20.836000,37548.000000,132051.000000
2023-09-30,453819.000000,88191.000000,215545.000000,9.312000,2023,3,154625.000000,36182.000000,76523.000000,3.826000,2023-11-15,https://static.www.tencent.com/uploads/2023/11/15/9e4da3187104bbdf04e2cbe491b75147.pdf,194459.000000,20.474000,44921.000000,144718.000000
2023-12-31,609015.000000,115216.000000,293109.000000,12.186000,2023,4,155196.000000,27025.000000,77564.000000,2.874000,2024-03-20,https://static.www.tencent.com/uploads/2024/03/20/fe50310bf15caaab4b05dd9e8e49d316.pdf,115216.000000,12.186000,42681.000000,157688.000000
2024-03-31,159501.000000,41889.000000,83870.000000,4.479000,2024,1,159501.000000,41889.000000,83870.000000,4.479000,2024-05-14,https://static.www.tencent.com/uploads/2024/05/14/207c400f3d6e2d9894c0b9b778507cf1.pdf,131267.000000,13.940000,50265.000000,175415.000000
2024-06-30,320618.000000,89519.000000,169765.000000,9.590000,2024,2,161117.000000,47630.000000,85895.000000,5.111000,2024-08-14,https://static.www.tencent.com/uploads/2024/08/14/027889ef78b4ed2b83337dd4a7c2ffef.pdf,152726.000000,16.290000,57313.000000,195180.000000
2024-09-30,487811.000000,142749.000000,258593.000000,15.346000,2024,3,167193.000000,53230.000000,88828.000000,5.756000,2024-11-13,https://static.www.tencent.com/uploads/2024/11/13/fc23e847ab5be9093587be6b7b01c115.pdf,169774.000000,18.220000,59813.000000,210072.000000
2024-12-31,660257.000000,194073.000000,349246.000000,20.938000,2024,4,172446.000000,51324.000000,90653.000000,5.592000,2025-03-19,https://static.www.tencent.com/uploads/2025/03/19/81cb1f36bec218d27d6e0b24eec012b6.pdf,194073.000000,20.938000,55312.000000,222703.000000
2025-03-31,180022.000000,47821.000000,100493.000000,5.252000,2025,1,180022.000000,47821.000000,100493.000000,5.252000,2025-05-14,https://static.www.tencent.com/uploads/2025/05/16/2af4e73edd208df236dadd8b9df89fc4.pdf,200005.000000,21.711000,61329.000000,233767.000000
2025-06-30,364526.000000,103449.000000,205506.000000,11.367000,2025,2,184504.000000,55628.000000,105013.000000,6.115000,2025-08-13,https://static.www.tencent.com/uploads/2025/08/13/56af6c5c98acdc7bd757a7bd208d8189.pdf,208003.000000,22.715000,63052.000000,239506.000000
2025-09-30,557395.000000,166582.000000,314304.000000,18.319000,2025,3,192869.000000,63133.000000,108798.000000,6.952000,2025-11-13,https://static.www.tencent.com/uploads/2025/11/13/a33b6f19738615834787623f17d20ba3.pdf,217906.000000,23.911000,70551.000000,250244.000000
2025-12-31,751766.000000,224842.000000,422593.000000,24.749000,2025,4,194371.000000,58260.000000,108289.000000,6.430000,2026-03-18,https://static.www.tencent.com/uploads/2026/03/18/e6a646796d0d869acc76271c9ee1a6a5.pdf,224842.000000,24.749000,64694.000000,259626.000000
2026-03-31,196458.000000,58093.000000,111265.000000,6.431000,2026,1,196458.000000,58093.000000,111265.000000,6.431000,2026-05-13,https://static.www.tencent.com/uploads/2026/05/13/47382ae415a209fd161bc19a1f9b3704.pdf,235114.000000,25.928000,67905.000000,266202.000000
