date,unit_nav,cumulative_nav,reinvested_nav,dividend,split_ratio,event_note
2024-07-02,1.0000,1.0000,1.000000,0.000000,1.0000,
2024-07-05,0.9981,0.9981,0.998100,0.000000,1.0000,
2024-07-10,0.9907,0.9907,0.990700,0.000000,1.0000,
2024-07-11,1.0036,1.0036,1.003600,0.000000,1.0000,
2024-07-12,0.9985,0.9985,0.998500,0.000000,1.0000,
2024-07-15,1.0047,1.0047,1.004700,0.000000,1.0000,
2024-07-16,1.0059,1.0059,1.005900,0.000000,1.0000,
2024-07-17,0.9971,0.9971,0.997100,0.000000,1.0000,
2024-07-18,1.0070,1.0070,1.007000,0.000000,1.0000,
2024-07-19,1.0011,1.0011,1.001100,0.000000,1.0000,
2024-07-22,0.9920,0.9920,0.992000,0.000000,1.0000,
2024-07-23,0.9793,0.9793,0.979300,0.000000,1.0000,
2024-07-24,0.9833,0.9833,0.983300,0.000000,1.0000,
2024-07-25,0.9777,0.9777,0.977700,0.000000,1.0000,
2024-07-26,0.9806,0.9806,0.980600,0.000000,1.0000,
2024-07-29,0.9835,0.9835,0.983500,0.000000,1.0000,
2024-07-30,0.9779,0.9779,0.977900,0.000000,1.0000,
2024-07-31,0.9908,0.9908,0.990800,0.000000,1.0000,
2024-08-01,0.9926,0.9926,0.992600,0.000000,1.0000,
2024-08-02,0.9853,0.9853,0.985300,0.000000,1.0000,
2024-08-05,0.9700,0.9700,0.970000,0.000000,1.0000,
2024-08-06,0.9695,0.9695,0.969500,0.000000,1.0000,
2024-08-07,0.9724,0.9724,0.972400,0.000000,1.0000,
2024-08-08,0.9723,0.9723,0.972300,0.000000,1.0000,
2024-08-09,0.9717,0.9717,0.971700,0.000000,1.0000,
2024-08-12,0.9693,0.9693,0.969300,0.000000,1.0000,
2024-08-13,0.9734,0.9734,0.973400,0.000000,1.0000,
2024-08-14,0.9685,0.9685,0.968500,0.000000,1.0000,
2024-08-15,0.9790,0.9790,0.979000,0.000000,1.0000,
2024-08-16,0.9742,0.9742,0.974200,0.000000,1.0000,
2024-08-19,0.9842,0.9842,0.984200,0.000000,1.0000,
2024-08-20,0.9714,0.9714,0.971400,0.000000,1.0000,
2024-08-21,0.9677,0.9677,0.967700,0.000000,1.0000,
2024-08-22,0.9687,0.9687,0.968700,0.000000,1.0000,
2024-08-23,0.9716,0.9716,0.971600,0.000000,1.0000,
2024-08-26,0.9710,0.9710,0.971000,0.000000,1.0000,
2024-08-27,0.9679,0.9679,0.967900,0.000000,1.0000,
2024-08-28,0.9633,0.9633,0.963300,0.000000,1.0000,
2024-08-29,0.9512,0.9512,0.951200,0.000000,1.0000,
2024-08-30,0.9543,0.9543,0.954300,0.000000,1.0000,
2024-09-02,0.9489,0.9489,0.948900,0.000000,1.0000,
2024-09-03,0.9392,0.9392,0.939200,0.000000,1.0000,
2024-09-04,0.9294,0.9294,0.929400,0.000000,1.0000,
2024-09-05,0.9278,0.9278,0.927800,0.000000,1.0000,
2024-09-06,0.9191,0.9191,0.919100,0.000000,1.0000,
2024-09-09,0.9059,0.9059,0.905900,0.000000,1.0000,
2024-09-10,0.9037,0.9037,0.903700,0.000000,1.0000,
2024-09-11,0.8876,0.8876,0.887600,0.000000,1.0000,
2024-09-12,0.8922,0.8922,0.892200,0.000000,1.0000,
2024-09-13,0.8921,0.8921,0.892100,0.000000,1.0000,
2024-09-18,0.8990,0.8990,0.899000,0.000000,1.0000,
2024-09-19,0.9061,0.9061,0.906100,0.000000,1.0000,
2024-09-20,0.9071,0.9071,0.907100,0.000000,1.0000,
2024-09-23,0.9157,0.9157,0.915700,0.000000,1.0000,
2024-09-24,0.9559,0.9559,0.955900,0.000000,1.0000,
2024-09-25,0.9725,0.9725,0.972500,0.000000,1.0000,
2024-09-26,1.0045,1.0045,1.004500,0.000000,1.0000,
2024-09-27,1.0223,1.0223,1.022300,0.000000,1.0000,
2024-09-30,1.0946,1.0946,1.094600,0.000000,1.0000,
2024-10-08,1.1149,1.1149,1.114900,0.000000,1.0000,
2024-10-09,1.0426,1.0426,1.042600,0.000000,1.0000,
2024-10-10,1.0754,1.0754,1.075400,0.000000,1.0000,
2024-10-11,1.0546,1.0546,1.054600,0.000000,1.0000,
2024-10-14,1.0778,1.0778,1.077800,0.000000,1.0000,
2024-10-15,1.0506,1.0506,1.050600,0.000000,1.0000,
2024-10-16,1.0532,1.0532,1.053200,0.000000,1.0000,
2024-10-17,1.0344,1.0344,1.034400,0.000000,1.0000,
2024-10-18,1.0509,1.0509,1.050900,0.000000,1.0000,
2024-10-21,1.0554,1.0554,1.055400,0.000000,1.0000,
2024-10-22,1.0605,1.0605,1.060500,0.000000,1.0000,
2024-10-23,1.0669,1.0669,1.066900,0.000000,1.0000,
2024-10-24,1.0589,1.0589,1.058900,0.000000,1.0000,
2024-10-25,1.0616,1.0616,1.061600,0.000000,1.0000,
2024-10-28,1.0786,1.0786,1.078600,0.000000,1.0000,
2024-10-29,1.0616,1.0616,1.061600,0.000000,1.0000,
2024-10-30,1.0562,1.0562,1.056200,0.000000,1.0000,
2024-10-31,1.0572,1.0572,1.057200,0.000000,1.0000,
2024-11-01,1.0677,1.0677,1.067700,0.000000,1.0000,
2024-11-04,1.0732,1.0732,1.073200,0.000000,1.0000,
2024-11-05,1.0901,1.0901,1.090100,0.000000,1.0000,
2024-11-06,1.0889,1.0889,1.088900,0.000000,1.0000,
2024-11-07,1.1148,1.1148,1.114800,0.000000,1.0000,
2024-11-08,1.0955,1.0955,1.095500,0.000000,1.0000,
2024-11-11,1.0846,1.0846,1.084600,0.000000,1.0000,
2024-11-12,1.0727,1.0727,1.072700,0.000000,1.0000,
2024-11-13,1.0780,1.0780,1.078000,0.000000,1.0000,
2024-11-14,1.0641,1.0641,1.064100,0.000000,1.0000,
2024-11-15,1.0580,1.0580,1.058000,0.000000,1.0000,
2024-11-18,1.0770,1.0770,1.077000,0.000000,1.0000,
2024-11-19,1.0710,1.0710,1.071000,0.000000,1.0000,
2024-11-20,1.0744,1.0744,1.074400,0.000000,1.0000,
2024-11-21,1.0747,1.0747,1.074700,0.000000,1.0000,
2024-11-22,1.0430,1.0430,1.043000,0.000000,1.0000,
2024-11-25,1.0427,1.0427,1.042700,0.000000,1.0000,
2024-11-26,1.0402,1.0402,1.040200,0.000000,1.0000,
2024-11-27,1.0491,1.0491,1.049100,0.000000,1.0000,
2024-11-28,1.0465,1.0465,1.046500,0.000000,1.0000,
2024-11-29,1.0523,1.0523,1.052300,0.000000,1.0000,
2024-12-02,1.0641,1.0641,1.064100,0.000000,1.0000,
2024-12-03,1.0744,1.0744,1.074400,0.000000,1.0000,
2024-12-04,1.0766,1.0766,1.076600,0.000000,1.0000,
2024-12-05,1.0747,1.0747,1.074700,0.000000,1.0000,
2024-12-06,1.0864,1.0864,1.086400,0.000000,1.0000,
2024-12-09,1.0873,1.0873,1.087300,0.000000,1.0000,
2024-12-10,1.0827,1.0827,1.082700,0.000000,1.0000,
2024-12-11,1.0935,1.0935,1.093500,0.000000,1.0000,
2024-12-12,1.0934,1.0934,1.093400,0.000000,1.0000,
2024-12-13,1.0745,1.0745,1.074500,0.000000,1.0000,
2024-12-16,1.0785,1.0785,1.078500,0.000000,1.0000,
2024-12-17,1.0744,1.0744,1.074400,0.000000,1.0000,
2024-12-18,1.0849,1.0849,1.084900,0.000000,1.0000,
2024-12-19,1.0781,1.0781,1.078100,0.000000,1.0000,
2024-12-20,1.0658,1.0658,1.065800,0.000000,1.0000,
2024-12-23,1.0705,1.0705,1.070500,0.000000,1.0000,
2024-12-24,1.0836,1.0836,1.083600,0.000000,1.0000,
2024-12-25,1.0868,1.0868,1.086800,0.000000,1.0000,
2024-12-26,1.0808,1.0808,1.080800,0.000000,1.0000,
2024-12-27,1.0845,1.0845,1.084500,0.000000,1.0000,
2024-12-30,1.0854,1.0854,1.085400,0.000000,1.0000,
2024-12-31,1.0743,1.0743,1.074300,0.000000,1.0000,
2025-01-02,1.0494,1.0494,1.049400,0.000000,1.0000,
2025-01-03,1.0393,1.0393,1.039300,0.000000,1.0000,
2025-01-06,1.0395,1.0395,1.039500,0.000000,1.0000,
2025-01-07,1.0337,1.0337,1.033700,0.000000,1.0000,
2025-01-08,1.0326,1.0326,1.032600,0.000000,1.0000,
2025-01-09,1.0167,1.0167,1.016700,0.000000,1.0000,
2025-01-10,1.0078,1.0078,1.007800,0.000000,1.0000,
2025-01-13,1.0084,1.0084,1.008400,0.000000,1.0000,
2025-01-14,1.0261,1.0261,1.026100,0.000000,1.0000,
2025-01-15,1.0243,1.0243,1.024300,0.000000,1.0000,
2025-01-16,1.0297,1.0297,1.029700,0.000000,1.0000,
2025-01-17,1.0298,1.0298,1.029800,0.000000,1.0000,
2025-01-20,1.0269,1.0269,1.026900,0.000000,1.0000,
2025-01-21,1.0187,1.0187,1.018700,0.000000,1.0000,
2025-01-22,1.0116,1.0116,1.011600,0.000000,1.0000,
2025-01-23,1.0177,1.0177,1.017700,0.000000,1.0000,
2025-01-24,1.0241,1.0241,1.024100,0.000000,1.0000,
2025-01-27,1.0337,1.0337,1.033700,0.000000,1.0000,
2025-02-05,1.0180,1.0180,1.018000,0.000000,1.0000,
2025-02-06,1.0227,1.0227,1.022700,0.000000,1.0000,
2025-02-07,1.0337,1.0337,1.033700,0.000000,1.0000,
2025-02-10,1.0336,1.0336,1.033600,0.000000,1.0000,
2025-02-11,1.0365,1.0365,1.036500,0.000000,1.0000,
2025-02-12,1.0340,1.0340,1.034000,0.000000,1.0000,
2025-02-13,1.0304,1.0304,1.030400,0.000000,1.0000,
2025-02-14,1.0303,1.0303,1.030300,0.000000,1.0000,
2025-02-17,1.0296,1.0296,1.029600,0.000000,1.0000,
2025-02-18,1.0215,1.0215,1.021500,0.000000,1.0000,
2025-02-19,1.0233,1.0233,1.023300,0.000000,1.0000,
2025-02-20,1.0178,1.0178,1.017800,0.000000,1.0000,
2025-02-21,1.0198,1.0198,1.019800,0.000000,1.0000,
2025-02-24,1.0255,1.0255,1.025500,0.000000,1.0000,
2025-02-25,1.0156,1.0156,1.015600,0.000000,1.0000,
2025-02-26,1.0285,1.0285,1.028500,0.000000,1.0000,
2025-02-27,1.0280,1.0280,1.028000,0.000000,1.0000,
2025-02-28,1.0186,1.0186,1.018600,0.000000,1.0000,
2025-03-03,1.0196,1.0196,1.019600,0.000000,1.0000,
2025-03-04,1.0211,1.0211,1.021100,0.000000,1.0000,
2025-03-05,1.0266,1.0266,1.026600,0.000000,1.0000,
2025-03-06,1.0304,1.0304,1.030400,0.000000,1.0000,
2025-03-07,1.0337,1.0337,1.033700,0.000000,1.0000,
2025-03-10,1.0282,1.0282,1.028200,0.000000,1.0000,
2025-03-11,1.0335,1.0335,1.033500,0.000000,1.0000,
2025-03-12,1.0341,1.0341,1.034100,0.000000,1.0000,
2025-03-13,1.0406,1.0406,1.040600,0.000000,1.0000,
2025-03-14,1.0473,1.0473,1.047300,0.000000,1.0000,
2025-03-17,1.0493,1.0493,1.049300,0.000000,1.0000,
2025-03-18,1.0520,1.0520,1.052000,0.000000,1.0000,
2025-03-19,1.0479,1.0479,1.047900,0.000000,1.0000,
2025-03-20,1.0494,1.0494,1.049400,0.000000,1.0000,
2025-03-21,1.0480,1.0480,1.048000,0.000000,1.0000,
2025-03-24,1.0501,1.0501,1.050100,0.000000,1.0000,
2025-03-25,1.0550,1.0550,1.055000,0.000000,1.0000,
2025-03-26,1.0539,1.0539,1.053900,0.000000,1.0000,
2025-03-27,1.0501,1.0501,1.050100,0.000000,1.0000,
2025-03-28,1.0423,1.0423,1.042300,0.000000,1.0000,
2025-03-31,1.0359,1.0359,1.035900,0.000000,1.0000,
2025-04-01,1.0415,1.0415,1.041500,0.000000,1.0000,
2025-04-02,1.0404,1.0404,1.040400,0.000000,1.0000,
2025-04-03,1.0391,1.0391,1.039100,0.000000,1.0000,
2025-04-07,0.9623,0.9623,0.962300,0.000000,1.0000,
2025-04-08,0.9897,0.9897,0.989700,0.000000,1.0000,
2025-04-09,1.0037,1.0037,1.003700,0.000000,1.0000,
2025-04-10,1.0136,1.0136,1.013600,0.000000,1.0000,
2025-04-11,1.0061,1.0061,1.006100,0.000000,1.0000,
2025-04-14,1.0132,1.0132,1.013200,0.000000,1.0000,
2025-04-15,1.0138,1.0138,1.013800,0.000000,1.0000,
2025-04-16,1.0205,1.0205,1.020500,0.000000,1.0000,
2025-04-17,1.0216,1.0216,1.021600,0.000000,1.0000,
2025-04-18,1.0191,1.0191,1.019100,0.000000,1.0000,
2025-04-21,1.0188,1.0188,1.018800,0.000000,1.0000,
2025-04-22,1.0233,1.0233,1.023300,0.000000,1.0000,
2025-04-23,1.0211,1.0211,1.021100,0.000000,1.0000,
2025-04-24,1.0197,1.0197,1.019700,0.000000,1.0000,
2025-04-25,1.0197,1.0197,1.019700,0.000000,1.0000,
2025-04-28,1.0166,1.0166,1.016600,0.000000,1.0000,
2025-04-29,1.0134,1.0134,1.013400,0.000000,1.0000,
2025-04-30,1.0060,1.0060,1.006000,0.000000,1.0000,
2025-05-06,1.0144,1.0144,1.014400,0.000000,1.0000,
2025-05-07,1.0241,1.0241,1.024100,0.000000,1.0000,
2025-05-08,1.0218,1.0218,1.021800,0.000000,1.0000,
2025-05-09,1.0222,1.0222,1.022200,0.000000,1.0000,
2025-05-12,1.0286,1.0286,1.028600,0.000000,1.0000,
2025-05-13,1.0358,1.0358,1.035800,0.000000,1.0000,
2025-05-14,1.0502,1.0502,1.050200,0.000000,1.0000,
2025-05-15,1.0442,1.0442,1.044200,0.000000,1.0000,
2025-05-16,1.0383,1.0383,1.038300,0.000000,1.0000,
2025-05-19,1.0448,1.0448,1.044800,0.000000,1.0000,
2025-05-20,1.0462,1.0462,1.046200,0.000000,1.0000,
2025-05-21,1.0512,1.0512,1.051200,0.000000,1.0000,
2025-05-22,1.0494,1.0494,1.049400,0.000000,1.0000,
2025-05-23,1.0401,1.0401,1.040100,0.000000,1.0000,
2025-05-26,1.0417,1.0417,1.041700,0.000000,1.0000,
2025-05-27,1.0375,1.0375,1.037500,0.000000,1.0000,
2025-05-28,1.0432,1.0432,1.043200,0.000000,1.0000,
2025-05-29,1.0471,1.0471,1.047100,0.000000,1.0000,
2025-05-30,1.0466,1.0466,1.046600,0.000000,1.0000,
2025-06-03,1.0439,1.0439,1.043900,0.000000,1.0000,
2025-06-04,1.0465,1.0465,1.046500,0.000000,1.0000,
2025-06-05,1.0411,1.0411,1.041100,0.000000,1.0000,
2025-06-06,1.0445,1.0445,1.044500,0.000000,1.0000,
2025-06-09,1.0445,1.0445,1.044500,0.000000,1.0000,
2025-06-10,1.0424,1.0424,1.042400,0.000000,1.0000,
2025-06-11,1.0472,1.0472,1.047200,0.000000,1.0000,
2025-06-12,1.0436,1.0436,1.043600,0.000000,1.0000,
2025-06-13,1.0435,1.0435,1.043500,0.000000,1.0000,
2025-06-16,1.0414,1.0414,1.041400,0.000000,1.0000,
2025-06-17,1.0466,1.0466,1.046600,0.000000,1.0000,
2025-06-18,1.0441,1.0441,1.044100,0.000000,1.0000,
2025-06-19,1.0360,1.0360,1.036000,0.000000,1.0000,
2025-06-20,1.0384,1.0384,1.038400,0.000000,1.0000,
2025-06-23,1.0412,1.0412,1.041200,0.000000,1.0000,
2025-06-24,1.0474,1.0474,1.047400,0.000000,1.0000,
2025-06-25,1.0531,1.0531,1.053100,0.000000,1.0000,
2025-06-26,1.0522,1.0522,1.052200,0.000000,1.0000,
2025-06-27,1.0557,1.0557,1.055700,0.000000,1.0000,
2025-06-30,1.0625,1.0625,1.062500,0.000000,1.0000,
2025-07-01,1.0688,1.0688,1.068800,0.000000,1.0000,
2025-07-02,1.0778,1.0778,1.077800,0.000000,1.0000,
2025-07-03,1.0795,1.0795,1.079500,0.000000,1.0000,
2025-07-04,1.0814,1.0814,1.081400,0.000000,1.0000,
2025-07-07,1.0850,1.0850,1.085000,0.000000,1.0000,
2025-07-08,1.0889,1.0889,1.088900,0.000000,1.0000,
2025-07-09,1.0911,1.0911,1.091100,0.000000,1.0000,
2025-07-10,1.0971,1.0971,1.097100,0.000000,1.0000,
2025-07-11,1.0957,1.0957,1.095700,0.000000,1.0000,
2025-07-14,1.1062,1.1062,1.106200,0.000000,1.0000,
2025-07-15,1.1000,1.1000,1.100000,0.000000,1.0000,
2025-07-16,1.0979,1.0979,1.097900,0.000000,1.0000,
2025-07-17,1.1028,1.1028,1.102800,0.000000,1.0000,
2025-07-18,1.1094,1.1094,1.109400,0.000000,1.0000,
2025-07-21,1.1346,1.1346,1.134600,0.000000,1.0000,
2025-07-22,1.1570,1.1570,1.157000,0.000000,1.0000,
2025-07-23,1.1439,1.1439,1.143900,0.000000,1.0000,
2025-07-24,1.1511,1.1511,1.151100,0.000000,1.0000,
2025-07-25,1.1433,1.1433,1.143300,0.000000,1.0000,
2025-07-28,1.1356,1.1356,1.135600,0.000000,1.0000,
2025-07-29,1.1378,1.1378,1.137800,0.000000,1.0000,
2025-07-30,1.1330,1.1380,1.138000,0.005000,1.0000,每10份派现金0.0500元
2025-07-31,1.1116,1.1166,1.116506,0.000000,1.0000,
2025-08-01,1.1018,1.1068,1.106662,0.000000,1.0000,
2025-08-04,1.1081,1.1131,1.112990,0.000000,1.0000,
2025-08-05,1.1135,1.1185,1.118414,0.000000,1.0000,
2025-08-06,1.1204,1.1254,1.125344,0.000000,1.0000,
2025-08-07,1.1225,1.1275,1.127454,0.000000,1.0000,
2025-08-08,1.1283,1.1333,1.133279,0.000000,1.0000,
2025-08-11,1.1310,1.1360,1.135991,0.000000,1.0000,
2025-08-12,1.1381,1.1431,1.143123,0.000000,1.0000,
2025-08-13,1.1449,1.1499,1.149953,0.000000,1.0000,
2025-08-14,1.1342,1.1392,1.139205,0.000000,1.0000,
2025-08-15,1.1432,1.1482,1.148245,0.000000,1.0000,
2025-08-18,1.1498,1.1548,1.154874,0.000000,1.0000,
2025-08-19,1.1465,1.1515,1.151560,0.000000,1.0000,
2025-08-20,1.1559,1.1609,1.161001,0.000000,1.0000,
2025-08-21,1.1557,1.1657,1.165822,0.005000,1.0000,每10份派现金0.0500元
2025-08-22,1.1592,1.1692,1.169353,0.000000,1.0000,
2025-08-25,1.1799,1.1899,1.190234,0.000000,1.0000,
2025-08-26,1.1794,1.1894,1.189730,0.000000,1.0000,
2025-08-27,1.1575,1.1675,1.167638,0.000000,1.0000,
2025-08-28,1.1605,1.1705,1.170664,0.000000,1.0000,
2025-08-29,1.1601,1.1701,1.170261,0.000000,1.0000,
2025-09-01,1.1665,1.1765,1.176717,0.000000,1.0000,
2025-09-02,1.1616,1.1716,1.171774,0.000000,1.0000,
2025-09-03,1.1468,1.1568,1.156844,0.000000,1.0000,
2025-09-04,1.1349,1.1449,1.144840,0.000000,1.0000,
2025-09-05,1.1438,1.1538,1.153818,0.000000,1.0000,
2025-09-08,1.1570,1.1670,1.167134,0.000000,1.0000,
2025-09-09,1.1552,1.1652,1.165318,0.000000,1.0000,
2025-09-10,1.1532,1.1632,1.163300,0.000000,1.0000,
2025-09-11,1.1631,1.1731,1.173287,0.000000,1.0000,
2025-09-12,1.1588,1.1688,1.168949,0.000000,1.0000,
2025-09-15,1.1593,1.1693,1.169454,0.000000,1.0000,
2025-09-16,1.1604,1.1704,1.170563,0.000000,1.0000,
2025-09-17,1.1672,1.1772,1.177423,0.000000,1.0000,
2025-09-18,1.1520,1.1620,1.162090,0.000000,1.0000,
2025-09-19,1.1520,1.1670,1.167134,0.005000,1.0000,每10份派现金0.0500元
2025-09-22,1.1474,1.1624,1.162473,0.000000,1.0000,
2025-09-23,1.1455,1.1605,1.160548,0.000000,1.0000,
2025-09-24,1.1473,1.1623,1.162372,0.000000,1.0000,
2025-09-25,1.1437,1.1587,1.158725,0.000000,1.0000,
2025-09-26,1.1383,1.1533,1.153254,0.000000,1.0000,
2025-09-29,1.1396,1.1546,1.154571,0.000000,1.0000,
2025-09-30,1.1432,1.1582,1.158218,0.000000,1.0000,
2025-10-09,1.1583,1.1733,1.173516,0.000000,1.0000,
2025-10-10,1.1683,1.1833,1.183648,0.000000,1.0000,
2025-10-13,1.1671,1.1821,1.182432,0.000000,1.0000,
2025-10-14,1.1635,1.1785,1.178785,0.000000,1.0000,
2025-10-15,1.1649,1.1799,1.180203,0.000000,1.0000,
2025-10-16,1.1633,1.1783,1.178582,0.000000,1.0000,
2025-10-17,1.1516,1.1666,1.166728,0.000000,1.0000,
2025-10-20,1.1527,1.1677,1.167843,0.000000,1.0000,
2025-10-21,1.1600,1.1800,1.180304,0.005000,1.0000,每10份派现金0.0500元
2025-10-22,1.1586,1.1786,1.178880,0.000000,1.0000,
2025-10-23,1.1619,1.1819,1.182238,0.000000,1.0000,
2025-10-24,1.1565,1.1765,1.176743,0.000000,1.0000,
2025-10-27,1.1691,1.1891,1.189564,0.000000,1.0000,
2025-10-28,1.1633,1.1833,1.183662,0.000000,1.0000,
2025-10-29,1.1747,1.1947,1.195262,0.000000,1.0000,
2025-10-30,1.1786,1.1986,1.199230,0.000000,1.0000,
2025-10-31,1.1736,1.1936,1.194142,0.000000,1.0000,
2025-11-03,1.1810,1.2010,1.201672,0.000000,1.0000,
2025-11-04,1.1691,1.1891,1.189564,0.000000,1.0000,
2025-11-05,1.1730,1.1930,1.193532,0.000000,1.0000,
2025-11-06,1.1836,1.2036,1.204317,0.000000,1.0000,
2025-11-07,1.1892,1.2092,1.210016,0.000000,1.0000,
2025-11-10,1.1961,1.2161,1.217036,0.000000,1.0000,
2025-11-11,1.1984,1.2184,1.219377,0.000000,1.0000,
2025-11-12,1.1975,1.2175,1.218461,0.000000,1.0000,
2025-11-13,1.2088,1.2288,1.229959,0.000000,1.0000,
2025-11-14,1.1989,1.2189,1.219885,0.000000,1.0000,
2025-11-17,1.1916,1.2116,1.212458,0.000000,1.0000,
2025-11-18,1.1737,1.1937,1.194244,0.000000,1.0000,
2025-11-19,1.1812,1.2012,1.201875,0.000000,1.0000,
2025-11-20,1.1691,1.1941,1.194651,0.005000,1.0000,每10份派现金0.0500元
2025-11-21,1.1473,1.1723,1.172375,0.000000,1.0000,
2025-11-24,1.1453,1.1703,1.170331,0.000000,1.0000,
2025-11-25,1.1513,1.1763,1.176462,0.000000,1.0000,
2025-11-26,1.1487,1.1737,1.173805,0.000000,1.0000,
2025-11-27,1.1462,1.1712,1.171251,0.000000,1.0000,
2025-11-28,1.1497,1.1747,1.174827,0.000000,1.0000,
2025-12-01,1.1621,1.1871,1.187498,0.000000,1.0000,
2025-12-02,1.1594,1.1844,1.184739,0.000000,1.0000,
2025-12-03,1.1595,1.1845,1.184841,0.000000,1.0000,
2025-12-04,1.1569,1.1819,1.182185,0.000000,1.0000,
2025-12-05,1.1627,1.1877,1.188111,0.000000,1.0000,
2025-12-08,1.1555,1.1805,1.180754,0.000000,1.0000,
2025-12-09,1.1448,1.1698,1.169820,0.000000,1.0000,
2025-12-10,1.1463,1.1713,1.171353,0.000000,1.0000,
2025-12-11,1.1374,1.1624,1.162258,0.000000,1.0000,
2025-12-12,1.1376,1.1626,1.162463,0.000000,1.0000,
2025-12-15,1.1430,1.1680,1.167981,0.000000,1.0000,
2025-12-16,1.1316,1.1566,1.156332,0.000000,1.0000,
2025-12-17,1.1398,1.1648,1.164711,0.000000,1.0000,
2025-12-18,1.1473,1.1723,1.172375,0.000000,1.0000,
2025-12-19,1.1482,1.1732,1.173294,0.000000,1.0000,
2025-12-22,1.1529,1.1779,1.178097,0.000000,1.0000,
2025-12-23,1.1535,1.1785,1.178710,0.000000,1.0000,
2025-12-24,1.1564,1.1814,1.181674,0.000000,1.0000,
2025-12-25,1.1513,1.1813,1.181571,0.005000,1.0000,每10份派现金0.0500元
2025-12-26,1.1535,1.1835,1.183829,0.000000,1.0000,
2025-12-29,1.1509,1.1809,1.181161,0.000000,1.0000,
2025-12-30,1.1516,1.1816,1.181879,0.000000,1.0000,
2025-12-31,1.1540,1.1840,1.184342,0.000000,1.0000,
2026-01-05,1.1507,1.1807,1.180956,0.000000,1.0000,
2026-01-06,1.1650,1.1950,1.195632,0.000000,1.0000,
2026-01-07,1.1599,1.1899,1.190398,0.000000,1.0000,
2026-01-08,1.1629,1.1929,1.193476,0.000000,1.0000,
2026-01-09,1.1711,1.2011,1.201892,0.000000,1.0000,
2026-01-12,1.1712,1.2012,1.201995,0.000000,1.0000,
2026-01-13,1.1709,1.2009,1.201687,0.000000,1.0000,
2026-01-14,1.1670,1.1970,1.197684,0.000000,1.0000,
2026-01-15,1.1678,1.1978,1.198505,0.000000,1.0000,
2026-01-16,1.1584,1.1884,1.188858,0.000000,1.0000,
2026-01-19,1.1672,1.1972,1.197890,0.000000,1.0000,
2026-01-20,1.1796,1.2096,1.210616,0.000000,1.0000,
2026-01-21,1.1799,1.2099,1.210923,0.000000,1.0000,
2026-01-22,1.1848,1.2208,1.222110,0.006000,1.0000,每10份派现金0.0600元
2026-01-23,1.1832,1.2192,1.220460,0.000000,1.0000,
2026-01-26,1.1982,1.2342,1.235932,0.000000,1.0000,
2026-01-27,1.1894,1.2254,1.226855,0.000000,1.0000,
2026-01-28,1.2111,1.2471,1.249238,0.000000,1.0000,
2026-01-29,1.2240,1.2600,1.262544,0.000000,1.0000,
2026-01-30,1.2170,1.2530,1.255324,0.000000,1.0000,
2026-02-02,1.1740,1.2100,1.210970,0.000000,1.0000,
2026-02-03,1.1865,1.2225,1.223864,0.000000,1.0000,
2026-02-04,1.2107,1.2467,1.248826,0.000000,1.0000,
2026-02-05,1.1992,1.2352,1.236964,0.000000,1.0000,
2026-02-06,1.1970,1.2330,1.234694,0.000000,1.0000,
2026-02-09,1.2033,1.2393,1.241193,0.000000,1.0000,
2026-02-10,1.2014,1.2374,1.239233,0.000000,1.0000,
2026-02-11,1.2144,1.2504,1.252642,0.000000,1.0000,
2026-02-12,1.2195,1.2555,1.257903,0.000000,1.0000,
2026-02-13,1.1927,1.2287,1.230259,0.000000,1.0000,
2026-02-24,1.2230,1.2690,1.271828,0.010000,1.0000,每10份派现金0.1000元
2026-02-25,1.2283,1.2743,1.277339,0.000000,1.0000,
2026-02-26,1.2301,1.2761,1.279211,0.000000,1.0000,
2026-02-27,1.2395,1.2855,1.288987,0.000000,1.0000,
2026-03-02,1.2809,1.3269,1.332040,0.000000,1.0000,
2026-03-03,1.3008,1.3468,1.352734,0.000000,1.0000,
2026-03-04,1.2777,1.3237,1.328712,0.000000,1.0000,
2026-03-05,1.2781,1.3241,1.329128,0.000000,1.0000,
2026-03-06,1.2792,1.3252,1.330272,0.000000,1.0000,
2026-03-09,1.2770,1.3230,1.327984,0.000000,1.0000,
2026-03-10,1.2660,1.3120,1.316545,0.000000,1.0000,
2026-03-11,1.2822,1.3282,1.333391,0.000000,1.0000,
2026-03-12,1.2934,1.3394,1.345039,0.000000,1.0000,
2026-03-13,1.2789,1.3249,1.329960,0.000000,1.0000,
2026-03-16,1.2647,1.3107,1.315193,0.000000,1.0000,
2026-03-17,1.2529,1.2989,1.302922,0.000000,1.0000,
2026-03-18,1.2530,1.2990,1.303026,0.000000,1.0000,
2026-03-19,1.2372,1.2892,1.292834,0.006000,1.0000,每10份派现金0.0600元
2026-03-20,1.2258,1.2778,1.280922,0.000000,1.0000,
2026-03-23,1.1970,1.2490,1.250827,0.000000,1.0000,
2026-03-24,1.2174,1.2694,1.272144,0.000000,1.0000,
2026-03-25,1.2217,1.2737,1.276637,0.000000,1.0000,
2026-03-26,1.2190,1.2710,1.273816,0.000000,1.0000,
2026-03-27,1.2201,1.2721,1.274965,0.000000,1.0000,
2026-03-30,1.2238,1.2758,1.278832,0.000000,1.0000,
2026-03-31,1.2065,1.2585,1.260754,0.000000,1.0000,
2026-04-01,1.2148,1.2668,1.269427,0.000000,1.0000,
2026-04-02,1.2208,1.2728,1.275697,0.000000,1.0000,
2026-04-03,1.2070,1.2590,1.261276,0.000000,1.0000,
2026-04-07,1.2158,1.2678,1.270472,0.000000,1.0000,
2026-04-08,1.2250,1.2770,1.280086,0.000000,1.0000,
2026-04-09,1.2170,1.2690,1.271726,0.000000,1.0000,
2026-04-10,1.2170,1.2690,1.271726,0.000000,1.0000,
2026-04-13,1.2162,1.2682,1.270890,0.000000,1.0000,
2026-04-14,1.2155,1.2675,1.270159,0.000000,1.0000,
2026-04-15,1.2139,1.2659,1.268487,0.000000,1.0000,
2026-04-16,1.2172,1.2692,1.271935,0.000000,1.0000,
2026-04-17,1.2125,1.2645,1.267024,0.000000,1.0000,
2026-04-20,1.2050,1.2630,1.265456,0.006000,1.0000,每10份派现金0.0600元
2026-04-21,1.2149,1.2729,1.275853,0.000000,1.0000,
2026-04-22,1.2074,1.2654,1.267977,0.000000,1.0000,
2026-04-23,1.2125,1.2705,1.273332,0.000000,1.0000,
2026-04-24,1.2041,1.2621,1.264511,0.000000,1.0000,
2026-04-27,1.1972,1.2552,1.257265,0.000000,1.0000,
2026-04-28,1.2079,1.2659,1.268502,0.000000,1.0000,
2026-04-29,1.2174,1.2754,1.278478,0.000000,1.0000,
2026-04-30,1.2100,1.2680,1.270707,0.000000,1.0000,
2026-05-06,1.2186,1.2766,1.279739,0.000000,1.0000,
2026-05-07,1.2119,1.2699,1.272702,0.000000,1.0000,
2026-05-08,1.2138,1.2718,1.274698,0.000000,1.0000,
2026-05-11,1.2156,1.2736,1.276588,0.000000,1.0000,
2026-05-12,1.2153,1.2733,1.276273,0.000000,1.0000,
2026-05-13,1.2219,1.2799,1.283204,0.000000,1.0000,
2026-05-14,1.2128,1.2708,1.273648,0.000000,1.0000,
2026-05-15,1.1988,1.2568,1.258945,0.000000,1.0000,
2026-05-18,1.1926,1.2506,1.252434,0.000000,1.0000,
2026-05-19,1.2071,1.2651,1.267662,0.000000,1.0000,
2026-05-20,1.1941,1.2581,1.260310,0.006000,1.0000,每10份派现金0.0600元
2026-05-21,1.1796,1.2436,1.245006,0.000000,1.0000,
2026-05-22,1.1857,1.2497,1.251445,0.000000,1.0000,
2026-05-25,1.1908,1.2548,1.256827,0.000000,1.0000,
2026-05-26,1.1893,1.2533,1.255244,0.000000,1.0000,
2026-05-27,1.1738,1.2378,1.238885,0.000000,1.0000,
2026-05-28,1.1748,1.2388,1.239940,0.000000,1.0000,
2026-05-29,1.1877,1.2517,1.253556,0.000000,1.0000,
2026-06-01,1.2029,1.2669,1.269598,0.000000,1.0000,
2026-06-02,1.1944,1.2584,1.260627,0.000000,1.0000,
2026-06-03,1.1904,1.2544,1.256405,0.000000,1.0000,
2026-06-04,1.1744,1.2384,1.239518,0.000000,1.0000,
2026-06-05,1.1680,1.2320,1.232763,0.000000,1.0000,
2026-06-08,1.1522,1.2162,1.216087,0.000000,1.0000,
2026-06-09,1.1504,1.2144,1.214187,0.000000,1.0000,
2026-06-10,1.1383,1.2023,1.201416,0.000000,1.0000,
2026-06-11,1.1349,1.1989,1.197828,0.000000,1.0000,
2026-06-12,1.1494,1.2134,1.213132,0.000000,1.0000,
2026-06-15,1.1569,1.2209,1.221048,0.000000,1.0000,
2026-06-16,1.1453,1.2093,1.208805,0.000000,1.0000,
2026-06-17,1.1435,1.2135,1.213237,0.006000,1.0000,每10份派现金0.0600元
2026-06-18,1.1196,1.1896,1.187880,0.000000,1.0000,
2026-06-22,1.1387,1.2087,1.208145,0.000000,1.0000,
2026-06-23,1.1230,1.1930,1.191487,0.000000,1.0000,
2026-06-24,1.1244,1.1944,1.192973,0.000000,1.0000,
2026-06-25,1.1143,1.1843,1.182257,0.000000,1.0000,
2026-06-26,1.1014,1.1714,1.168570,0.000000,1.0000,
2026-06-29,1.0998,1.1698,1.166872,0.000000,1.0000,
2026-06-30,1.0875,1.1575,1.153822,0.000000,1.0000,
2026-07-01,1.0945,1.1645,1.161249,0.000000,1.0000,
2026-07-02,1.0961,1.1661,1.162947,0.000000,1.0000,
2026-07-03,1.1161,1.1861,1.184166,0.000000,1.0000,
2026-07-06,1.1178,1.1878,1.185970,0.000000,1.0000,
2026-07-07,1.0923,1.1623,1.158915,0.000000,1.0000,
2026-07-08,1.0885,1.1585,1.154883,0.000000,1.0000,
2026-07-09,1.0889,1.1589,1.155308,0.000000,1.0000,
2026-07-10,1.0955,1.1655,1.162310,0.000000,1.0000,
2026-07-13,1.0916,1.1616,1.158172,0.000000,1.0000,
2026-07-14,1.1206,1.1906,1.188941,0.000000,1.0000,
2026-07-15,1.1269,1.1969,1.195625,0.000000,1.0000,
2026-07-16,1.1046,1.1806,1.178331,0.006000,1.0000,每10份派现金0.0600元
2026-07-17,1.0991,1.1751,1.172464,0.000000,1.0000,
2026-07-20,1.1305,1.2065,1.205960,0.000000,1.0000,
2026-07-21,1.1308,1.2068,1.206280,0.000000,1.0000,
2026-07-22,1.1429,1.2189,1.219187,0.000000,1.0000,
2026-07-23,1.1467,1.2227,1.223241,0.000000,1.0000,
2026-07-24,1.1253,1.2013,1.200413,0.000000,1.0000,
2026-07-27,1.1353,1.2113,1.211080,0.000000,1.0000,
2026-07-28,1.1348,1.2108,1.210547,0.000000,1.0000,
2026-07-29,1.1506,1.2266,1.227401,0.000000,1.0000,
2026-07-30,1.1636,1.2396,1.241269,0.000000,1.0000,
2026-07-31,1.1621,1.2381,1.239669,0.000000,1.0000,
2026-08-03,1.1612,1.2372,1.238709,0.000000,1.0000,
2026-08-04,1.1495,1.2255,1.226228,0.000000,1.0000,
2026-08-05,1.1540,1.2300,1.231028,0.000000,1.0000,
2026-08-06,1.1589,1.2349,1.236255,0.000000,1.0000,
2026-08-07,1.1631,1.2391,1.240736,0.000000,1.0000,
2026-08-10,1.1757,1.2517,1.254177,0.000000,1.0000,
